[INFO] Scanning for projects...
[INFO] 
[INFO] --------------< com.realestate:online-realestate-system >---------------
[INFO] Building online-realestate-system 1.0.0
[INFO]   from pom.xml
[INFO] --------------------------------[ jar ]---------------------------------
[INFO] 
[INFO] >>> spring-boot:3.1.0:run (default-cli) > test-compile @ online-realestate-system >>>
[INFO] 
[INFO] --- resources:3.3.1:resources (default-resources) @ online-realestate-system ---
[INFO] Copying 1 resource from src/main/resources to target/classes
[INFO] Copying 0 resource from src/main/resources to target/classes
[INFO] 
[INFO] --- compiler:3.11.0:compile (default-compile) @ online-realestate-system ---
[INFO] Nothing to compile - all classes are up to date
[INFO] 
[INFO] --- resources:3.3.1:testResources (default-testResources) @ online-realestate-system ---
[INFO] skip non existing resourceDirectory /Users/ompatel/sdp/Online-RealEstate-System/Online-Real-Estate-System-main/src/test/resources
[INFO] 
[INFO] --- compiler:3.11.0:testCompile (default-testCompile) @ online-realestate-system ---
[INFO] Changes detected - recompiling the module! :source
[INFO] Compiling 1 source file with javac [debug release 21] to target/test-classes
[INFO] 
[INFO] <<< spring-boot:3.1.0:run (default-cli) < test-compile @ online-realestate-system <<<
[INFO] 
[INFO] 
[INFO] --- spring-boot:3.1.0:run (default-cli) @ online-realestate-system ---
[INFO] Attaching agents: []

  .   ____          _            __ _ _
 /\\ / ___'_ __ _ _(_)_ __  __ _ \ \ \ \
( ( )\___ | '_ | '_| | '_ \/ _` | \ \ \ \
 \\/  ___)| |_)| | | | | || (_| |  ) ) ) )
  '  |____| .__|_| |_|_| |_\__, | / / / /
 =========|_|==============|___/=/_/_/_/
 :: Spring Boot ::                (v3.1.0)

2026-03-02T12:01:01.666+05:30  INFO 42475 --- [           main] c.r.o.OnlineRealEstateSystemApplication  : Starting OnlineRealEstateSystemApplication using Java 25.0.1 with PID 42475 (/Users/ompatel/sdp/Online-RealEstate-System/Online-Real-Estate-System-main/target/classes started by ompatel in /Users/ompatel/sdp/Online-RealEstate-System/Online-Real-Estate-System-main)
2026-03-02T12:01:01.667+05:30  INFO 42475 --- [           main] c.r.o.OnlineRealEstateSystemApplication  : No active profile set, falling back to 1 default profile: "default"
2026-03-02T12:01:01.856+05:30  INFO 42475 --- [           main] .s.d.r.c.RepositoryConfigurationDelegate : Bootstrapping Spring Data JPA repositories in DEFAULT mode.
2026-03-02T12:01:01.876+05:30  INFO 42475 --- [           main] .s.d.r.c.RepositoryConfigurationDelegate : Finished Spring Data repository scanning in 17 ms. Found 8 JPA repository interfaces.
WARNING: A restricted method in java.lang.System has been called
WARNING: java.lang.System::load has been called by org.apache.tomcat.jni.Library in an unnamed module (file:/Users/ompatel/.m2/repository/org/apache/tomcat/embed/tomcat-embed-core/10.1.8/tomcat-embed-core-10.1.8.jar)
WARNING: Use --enable-native-access=ALL-UNNAMED to avoid a warning for callers in this module
WARNING: Restricted methods will be blocked in a future release unless native access is enabled

2026-03-02T12:01:02.041+05:30  INFO 42475 --- [           main] o.s.b.w.embedded.tomcat.TomcatWebServer  : Tomcat initialized with port(s): 8080 (http)
2026-03-02T12:01:02.043+05:30  INFO 42475 --- [           main] o.apache.catalina.core.StandardService   : Starting service [Tomcat]
2026-03-02T12:01:02.043+05:30  INFO 42475 --- [           main] o.apache.catalina.core.StandardEngine    : Starting Servlet engine: [Apache Tomcat/10.1.8]
2026-03-02T12:01:02.067+05:30  INFO 42475 --- [           main] o.a.c.c.C.[Tomcat].[localhost].[/]       : Initializing Spring embedded WebApplicationContext
2026-03-02T12:01:02.067+05:30  INFO 42475 --- [           main] w.s.c.ServletWebServerApplicationContext : Root WebApplicationContext: initialization completed in 384 ms
2026-03-02T12:01:02.108+05:30  INFO 42475 --- [           main] o.hibernate.jpa.internal.util.LogHelper  : HHH000204: Processing PersistenceUnitInfo [name: default]
2026-03-02T12:01:02.123+05:30  INFO 42475 --- [           main] org.hibernate.Version                    : HHH000412: Hibernate ORM core version 6.2.2.Final
2026-03-02T12:01:02.124+05:30  INFO 42475 --- [           main] org.hibernate.cfg.Environment            : HHH000406: Using bytecode reflection optimizer
2026-03-02T12:01:02.169+05:30  INFO 42475 --- [           main] o.h.b.i.BytecodeProviderInitiator        : HHH000021: Bytecode provider name : bytebuddy
2026-03-02T12:01:02.206+05:30  INFO 42475 --- [           main] o.s.o.j.p.SpringPersistenceUnitInfo      : No LoadTimeWeaver setup: ignoring JPA class transformer
2026-03-02T12:01:02.211+05:30  INFO 42475 --- [           main] com.zaxxer.hikari.HikariDataSource       : HikariPool-1 - Starting...
2026-03-02T12:01:02.266+05:30  INFO 42475 --- [           main] com.zaxxer.hikari.pool.HikariPool        : HikariPool-1 - Added connection org.postgresql.jdbc.PgConnection@150fc7a7
2026-03-02T12:01:02.267+05:30  INFO 42475 --- [           main] com.zaxxer.hikari.HikariDataSource       : HikariPool-1 - Start completed.
2026-03-02T12:01:02.276+05:30  INFO 42475 --- [           main] org.hibernate.orm.dialect                : HHH035001: Using dialect: org.hibernate.dialect.PostgreSQLDialect, version: org.hibernate.engine.jdbc.env.internal.JdbcEnvironmentInitiator$DialectResolutionInfoImpl@3db6dd52
2026-03-02T12:01:02.350+05:30  INFO 42475 --- [           main] o.h.b.i.BytecodeProviderInitiator        : HHH000021: Bytecode provider name : bytebuddy
2026-03-02T12:01:02.578+05:30  INFO 42475 --- [           main] o.h.e.t.j.p.i.JtaPlatformInitiator       : HHH000490: Using JtaPlatform implementation: [org.hibernate.engine.transaction.jta.platform.internal.NoJtaPlatform]
Hibernate: alter table if exists chat_messages alter column message set data type TEXT
Hibernate: alter table if exists chat_messages alter column timestamp set data type timestamp(6)
Hibernate: alter table if exists loan_applications alter column admin_remarks set data type TEXT
Hibernate: alter table if exists loan_applications alter column annual_income set data type float(53)
Hibernate: alter table if exists loan_applications alter column created_at set data type timestamp(6)
Hibernate: alter table if exists loan_applications alter column loan_amount set data type float(53)
Hibernate: alter table if exists loan_settings alter column home_loan_interest_rate set data type float(53)
Hibernate: alter table if exists loan_settings alter column max_loan_percent_of_property_value set data type float(53)
Hibernate: alter table if exists loan_settings alter column processing_fee_percent set data type float(53)
Hibernate: alter table if exists otp_verification alter column expiry_time set data type timestamp(6)
Hibernate: alter table if exists properties alter column area set data type float(53)
Hibernate: alter table if exists properties alter column carpet_area set data type float(53)
Hibernate: alter table if exists properties alter column created_at set data type timestamp(6)
Hibernate: alter table if exists properties alter column latitude set data type float(53)
Hibernate: alter table if exists properties alter column longitude set data type float(53)
Hibernate: alter table if exists users alter column profile_picture set data type TEXT
Hibernate: alter table if exists visit_requests alter column created_at set data type timestamp(6)
Hibernate: alter table if exists visit_requests alter column visit_date set data type timestamp(6)
Hibernate: alter table if exists wishlists alter column added_at set data type timestamp(6)
2026-03-02T12:01:02.714+05:30  INFO 42475 --- [           main] j.LocalContainerEntityManagerFactoryBean : Initialized JPA EntityManagerFactory for persistence unit 'default'
2026-03-02T12:01:02.891+05:30  INFO 42475 --- [           main] o.s.d.j.r.query.QueryEnhancerFactory     : Hibernate is in classpath; If applicable, HQL parser will be used.
2026-03-02T12:01:03.104+05:30  WARN 42475 --- [           main] JpaBaseConfiguration$JpaWebConfiguration : spring.jpa.open-in-view is enabled by default. Therefore, database queries may be performed during view rendering. Explicitly configure spring.jpa.open-in-view to disable this warning
Static resources mapped: /uploads/** -> file:/Users/ompatel/sdp/Online-RealEstate-System/Online-Real-Estate-System-main/uploads/
2026-03-02T12:01:03.190+05:30  INFO 42475 --- [           main] o.s.s.web.DefaultSecurityFilterChain     : Will secure any request with [org.springframework.security.web.session.DisableEncodeUrlFilter@79860b25, org.springframework.security.web.context.request.async.WebAsyncManagerIntegrationFilter@237a41ff, org.springframework.security.web.context.SecurityContextHolderFilter@67d44ae9, org.springframework.security.web.header.HeaderWriterFilter@43b8a6de, org.springframework.web.filter.CorsFilter@3ac09fe2, org.springframework.security.web.authentication.logout.LogoutFilter@18bc2d32, com.realestate.onlinerealestate.security.JwtRequestFilter@49770ef9, org.springframework.security.web.savedrequest.RequestCacheAwareFilter@731d35b0, org.springframework.security.web.servletapi.SecurityContextHolderAwareRequestFilter@4bb5ba10, org.springframework.security.web.authentication.AnonymousAuthenticationFilter@46d393cd, org.springframework.security.web.access.ExceptionTranslationFilter@2ba0948f, org.springframework.security.web.access.intercept.AuthorizationFilter@b7a2b89]
2026-03-02T12:01:03.259+05:30  INFO 42475 --- [           main] o.s.b.w.embedded.tomcat.TomcatWebServer  : Tomcat started on port(s): 8080 (http) with context path ''
2026-03-02T12:01:03.259+05:30  INFO 42475 --- [           main] o.s.m.s.b.SimpleBrokerMessageHandler     : Starting...
2026-03-02T12:01:03.260+05:30  INFO 42475 --- [           main] o.s.m.s.b.SimpleBrokerMessageHandler     : BrokerAvailabilityEvent[available=true, SimpleBrokerMessageHandler [org.springframework.messaging.simp.broker.DefaultSubscriptionRegistry@465652a2]]
2026-03-02T12:01:03.260+05:30  INFO 42475 --- [           main] o.s.m.s.b.SimpleBrokerMessageHandler     : Started.
2026-03-02T12:01:03.262+05:30  INFO 42475 --- [           main] c.r.o.OnlineRealEstateSystemApplication  : Started OnlineRealEstateSystemApplication in 1.695 seconds (process running for 1.792)
2026-03-02T12:02:03.203+05:30  INFO 42475 --- [MessageBroker-1] o.s.w.s.c.WebSocketMessageBrokerStats    : WebSocketSession[0 current WS(0)-HttpStream(0)-HttpPoll(0), 0 total, 0 closed abnormally (0 connect failure, 0 send limit, 0 transport error)], stompSubProtocol[processed CONNECT(0)-CONNECTED(0)-DISCONNECT(0)], stompBrokerRelay[null], inboundChannel[pool size = 0, active threads = 0, queued tasks = 0, completed tasks = 0], outboundChannel[pool size = 0, active threads = 0, queued tasks = 0, completed tasks = 0], sockJsScheduler[pool size = 1, active threads = 1, queued tasks = 0, completed tasks = 0]
2026-03-02T12:02:10.960+05:30  INFO 42475 --- [nio-8080-exec-1] o.a.c.c.C.[Tomcat].[localhost].[/]       : Initializing Spring DispatcherServlet 'dispatcherServlet'
2026-03-02T12:02:10.960+05:30  INFO 42475 --- [nio-8080-exec-1] o.s.web.servlet.DispatcherServlet        : Initializing Servlet 'dispatcherServlet'
2026-03-02T12:02:10.961+05:30  INFO 42475 --- [nio-8080-exec-1] o.s.web.servlet.DispatcherServlet        : Completed initialization in 1 ms
Hibernate: select u1_0.id,u1_0.bio,u1_0.blocked,u1_0.city,u1_0.email,u1_0.email_verified,u1_0.full_name,u1_0.mobile_number,u1_0.password,u1_0.profile_picture,u1_0.role,u1_0.state,u1_0.username,u1_0.verified from users u1_0 where u1_0.email=?
Hibernate: select u1_0.id,u1_0.bio,u1_0.blocked,u1_0.city,u1_0.email,u1_0.email_verified,u1_0.full_name,u1_0.mobile_number,u1_0.password,u1_0.profile_picture,u1_0.role,u1_0.state,u1_0.username,u1_0.verified from users u1_0 where u1_0.email=?
Hibernate: select u1_0.id,u1_0.bio,u1_0.blocked,u1_0.city,u1_0.email,u1_0.email_verified,u1_0.full_name,u1_0.mobile_number,u1_0.password,u1_0.profile_picture,u1_0.role,u1_0.state,u1_0.username,u1_0.verified from users u1_0 where u1_0.email=?
✅ SECURITY: Unread messages access verified for user 2
Hibernate: select u1_0.id,u1_0.bio,u1_0.blocked,u1_0.city,u1_0.email,u1_0.email_verified,u1_0.full_name,u1_0.mobile_number,u1_0.password,u1_0.profile_picture,u1_0.role,u1_0.state,u1_0.username,u1_0.verified from users u1_0 where u1_0.email=?
Hibernate: select c1_0.id,c1_0.is_read,c1_0.message,c1_0.property_id,c1_0.receiver_id,c1_0.sender_id,c1_0.timestamp from chat_messages c1_0 where c1_0.receiver_id=? and not(c1_0.is_read)
Hibernate: select u1_0.id,u1_0.bio,u1_0.blocked,u1_0.city,u1_0.email,u1_0.email_verified,u1_0.full_name,u1_0.mobile_number,u1_0.password,u1_0.profile_picture,u1_0.role,u1_0.state,u1_0.username,u1_0.verified from users u1_0 where u1_0.email=?
Hibernate: select u1_0.id,u1_0.bio,u1_0.blocked,u1_0.city,u1_0.email,u1_0.email_verified,u1_0.full_name,u1_0.mobile_number,u1_0.password,u1_0.profile_picture,u1_0.role,u1_0.state,u1_0.username,u1_0.verified from users u1_0 where u1_0.email=?
Hibernate: select u1_0.id from users u1_0 where u1_0.email=? fetch first ? rows only
Hibernate: select o1_0.id,o1_0.email,o1_0.expiry_time,o1_0.otp,o1_0.password,o1_0.username from otp_verification o1_0 where o1_0.email=?
Hibernate: insert into otp_verification (email,expiry_time,otp,password,username) values (?,?,?,?,?)
2026-03-02T12:03:02.731+05:30  INFO 42475 --- [nio-8080-exec-7] .s.a.AnnotationAsyncExecutionInterceptor : More than one TaskExecutor bean found within the context, and none is named 'taskExecutor'. Mark one of them as primary or name it 'taskExecutor' (possibly as an alias) in order to use it for async processing: [clientInboundChannelExecutor, clientOutboundChannelExecutor, brokerChannelExecutor]
Hibernate: select o1_0.id,o1_0.email,o1_0.expiry_time,o1_0.otp,o1_0.password,o1_0.username from otp_verification o1_0 where o1_0.email=? order by o1_0.expiry_time desc fetch first ? rows only
Hibernate: insert into users (bio,blocked,city,email,email_verified,full_name,mobile_number,password,profile_picture,role,state,username,verified) values (?,?,?,?,?,?,?,?,?,?,?,?,?)
Hibernate: delete from otp_verification where id=?
Hibernate: select u1_0.id,u1_0.bio,u1_0.blocked,u1_0.city,u1_0.email,u1_0.email_verified,u1_0.full_name,u1_0.mobile_number,u1_0.password,u1_0.profile_picture,u1_0.role,u1_0.state,u1_0.username,u1_0.verified from users u1_0 where u1_0.email=? or u1_0.username=?
Hibernate: select u1_0.id,u1_0.bio,u1_0.blocked,u1_0.city,u1_0.email,u1_0.email_verified,u1_0.full_name,u1_0.mobile_number,u1_0.password,u1_0.profile_picture,u1_0.role,u1_0.state,u1_0.username,u1_0.verified from users u1_0 where u1_0.email=?
Hibernate: select u1_0.id,u1_0.bio,u1_0.blocked,u1_0.city,u1_0.email,u1_0.email_verified,u1_0.full_name,u1_0.mobile_number,u1_0.password,u1_0.profile_picture,u1_0.role,u1_0.state,u1_0.username,u1_0.verified from users u1_0 where u1_0.email=?
Hibernate: select u1_0.id,u1_0.bio,u1_0.blocked,u1_0.city,u1_0.email,u1_0.email_verified,u1_0.full_name,u1_0.mobile_number,u1_0.password,u1_0.profile_picture,u1_0.role,u1_0.state,u1_0.username,u1_0.verified from users u1_0 where u1_0.email=?
✅ SECURITY: Unread messages access verified for user 3
Hibernate: select c1_0.id,c1_0.is_read,c1_0.message,c1_0.property_id,c1_0.receiver_id,c1_0.sender_id,c1_0.timestamp from chat_messages c1_0 where c1_0.receiver_id=? and not(c1_0.is_read)
Hibernate: select p1_0.id,p1_0.address,p1_0.approved,p1_0.area,p1_0.balconies,p1_0.bathrooms,p1_0.bedrooms,p1_0.carpet_area,p1_0.category,p1_0.city,p1_0.contact_number,p1_0.created_at,p1_0.description,p1_0.featured,p1_0.floor_number,p1_0.latitude,p1_0.location,p1_0.longitude,p1_0.pincode,p1_0.price,p1_0.property_age,p1_0.property_status,p1_0.rejected,p1_0.seller_email,p1_0.seller_username,p1_0.state,p1_0.title,p1_0.total_floors,p1_0.type,p1_0.user_id,p1_0.user_type,p1_0.verified from properties p1_0 where p1_0.type=?
2026-03-02T12:03:42.126+05:30  INFO 42475 --- [nio-8080-exec-7] o.apache.tomcat.util.http.parser.Cookie  : A cookie header was received [g_state={"i_l":0,"i_ll":1772433210639,"i_e":{"enable_itp_optimization":1},"i_b":"MejVtVsfD0K6k2HU4to8gR6BDgjk6COHXlHpTvDfuHs"}] that contained an invalid cookie. That cookie will be ignored.
 Note: further occurrences of this error will be logged at DEBUG level.
Hibernate: select u1_0.id,u1_0.bio,u1_0.blocked,u1_0.city,u1_0.email,u1_0.email_verified,u1_0.full_name,u1_0.mobile_number,u1_0.password,u1_0.profile_picture,u1_0.role,u1_0.state,u1_0.username,u1_0.verified from users u1_0 where u1_0.id=?
✅ WebSocket userId from query param: 3
✅ WebSocket token from query param
✅ WebSocket userId validated: 3
✅ WebSocket JWT token extracted and stored
Hibernate: select i1_0.property_id,i1_0.image_name from property_images i1_0 where i1_0.property_id=?
Hibernate: select v1_0.property_id,v1_0.video_name from property_videos v1_0 where v1_0.property_id=?
✅ WebSocket handshake completed successfully
Hibernate: select a1_0.property_id,a1_0.amenity from property_amenities a1_0 where a1_0.property_id=?
Hibernate: select i1_0.property_id,i1_0.image_name from property_images i1_0 where i1_0.property_id=?
Hibernate: select v1_0.property_id,v1_0.video_name from property_videos v1_0 where v1_0.property_id=?
Hibernate: select a1_0.property_id,a1_0.amenity from property_amenities a1_0 where a1_0.property_id=?
Hibernate: select i1_0.property_id,i1_0.image_name from property_images i1_0 where i1_0.property_id=?
Hibernate: select v1_0.property_id,v1_0.video_name from property_videos v1_0 where v1_0.property_id=?
Hibernate: select a1_0.property_id,a1_0.amenity from property_amenities a1_0 where a1_0.property_id=?
Hibernate: select i1_0.property_id,i1_0.image_name from property_images i1_0 where i1_0.property_id=?
Hibernate: select v1_0.property_id,v1_0.video_name from property_videos v1_0 where v1_0.property_id=?
Hibernate: select a1_0.property_id,a1_0.amenity from property_amenities a1_0 where a1_0.property_id=?
Hibernate: select i1_0.property_id,i1_0.image_name from property_images i1_0 where i1_0.property_id=?
Hibernate: select v1_0.property_id,v1_0.video_name from property_videos v1_0 where v1_0.property_id=?
Hibernate: select a1_0.property_id,a1_0.amenity from property_amenities a1_0 where a1_0.property_id=?
Hibernate: select i1_0.property_id,i1_0.image_name from property_images i1_0 where i1_0.property_id=?
Hibernate: select v1_0.property_id,v1_0.video_name from property_videos v1_0 where v1_0.property_id=?
Hibernate: select a1_0.property_id,a1_0.amenity from property_amenities a1_0 where a1_0.property_id=?
Hibernate: select i1_0.property_id,i1_0.image_name from property_images i1_0 where i1_0.property_id=?
Hibernate: select v1_0.property_id,v1_0.video_name from property_videos v1_0 where v1_0.property_id=?
Hibernate: select a1_0.property_id,a1_0.amenity from property_amenities a1_0 where a1_0.property_id=?
Hibernate: select i1_0.property_id,i1_0.image_name from property_images i1_0 where i1_0.property_id=?
Hibernate: select v1_0.property_id,v1_0.video_name from property_videos v1_0 where v1_0.property_id=?
Hibernate: select a1_0.property_id,a1_0.amenity from property_amenities a1_0 where a1_0.property_id=?
Hibernate: select i1_0.property_id,i1_0.image_name from property_images i1_0 where i1_0.property_id=?
Hibernate: select v1_0.property_id,v1_0.video_name from property_videos v1_0 where v1_0.property_id=?
Hibernate: select a1_0.property_id,a1_0.amenity from property_amenities a1_0 where a1_0.property_id=?
Hibernate: select i1_0.property_id,i1_0.image_name from property_images i1_0 where i1_0.property_id=?
WebSocket principal set to userId: 3
Hibernate: select v1_0.property_id,v1_0.video_name from property_videos v1_0 where v1_0.property_id=?
Hibernate: select a1_0.property_id,a1_0.amenity from property_amenities a1_0 where a1_0.property_id=?
Hibernate: select i1_0.property_id,i1_0.image_name from property_images i1_0 where i1_0.property_id=?
Hibernate: select v1_0.property_id,v1_0.video_name from property_videos v1_0 where v1_0.property_id=?
Hibernate: select a1_0.property_id,a1_0.amenity from property_amenities a1_0 where a1_0.property_id=?
Hibernate: select i1_0.property_id,i1_0.image_name from property_images i1_0 where i1_0.property_id=?
Hibernate: select v1_0.property_id,v1_0.video_name from property_videos v1_0 where v1_0.property_id=?
Hibernate: select a1_0.property_id,a1_0.amenity from property_amenities a1_0 where a1_0.property_id=?
Hibernate: select i1_0.property_id,i1_0.image_name from property_images i1_0 where i1_0.property_id=?
Hibernate: select v1_0.property_id,v1_0.video_name from property_videos v1_0 where v1_0.property_id=?
Hibernate: select a1_0.property_id,a1_0.amenity from property_amenities a1_0 where a1_0.property_id=?
Hibernate: select i1_0.property_id,i1_0.image_name from property_images i1_0 where i1_0.property_id=?
Hibernate: select v1_0.property_id,v1_0.video_name from property_videos v1_0 where v1_0.property_id=?
Hibernate: select a1_0.property_id,a1_0.amenity from property_amenities a1_0 where a1_0.property_id=?
Hibernate: select i1_0.property_id,i1_0.image_name from property_images i1_0 where i1_0.property_id=?
WebSocket principal set to userId: 3
Hibernate: select v1_0.property_id,v1_0.video_name from property_videos v1_0 where v1_0.property_id=?
Hibernate: select a1_0.property_id,a1_0.amenity from property_amenities a1_0 where a1_0.property_id=?
Hibernate: select i1_0.property_id,i1_0.image_name from property_images i1_0 where i1_0.property_id=?
Hibernate: select v1_0.property_id,v1_0.video_name from property_videos v1_0 where v1_0.property_id=?
Hibernate: select a1_0.property_id,a1_0.amenity from property_amenities a1_0 where a1_0.property_id=?
Hibernate: select i1_0.property_id,i1_0.image_name from property_images i1_0 where i1_0.property_id=?
Hibernate: select v1_0.property_id,v1_0.video_name from property_videos v1_0 where v1_0.property_id=?
Hibernate: select a1_0.property_id,a1_0.amenity from property_amenities a1_0 where a1_0.property_id=?
Hibernate: select i1_0.property_id,i1_0.image_name from property_images i1_0 where i1_0.property_id=?
Hibernate: select v1_0.property_id,v1_0.video_name from property_videos v1_0 where v1_0.property_id=?
Hibernate: select a1_0.property_id,a1_0.amenity from property_amenities a1_0 where a1_0.property_id=?
Hibernate: select i1_0.property_id,i1_0.image_name from property_images i1_0 where i1_0.property_id=?
Hibernate: select v1_0.property_id,v1_0.video_name from property_videos v1_0 where v1_0.property_id=?
Hibernate: select a1_0.property_id,a1_0.amenity from property_amenities a1_0 where a1_0.property_id=?
Hibernate: select i1_0.property_id,i1_0.image_name from property_images i1_0 where i1_0.property_id=?
Hibernate: select v1_0.property_id,v1_0.video_name from property_videos v1_0 where v1_0.property_id=?
Hibernate: select a1_0.property_id,a1_0.amenity from property_amenities a1_0 where a1_0.property_id=?
Hibernate: select i1_0.property_id,i1_0.image_name from property_images i1_0 where i1_0.property_id=?
Hibernate: select v1_0.property_id,v1_0.video_name from property_videos v1_0 where v1_0.property_id=?
Hibernate: select a1_0.property_id,a1_0.amenity from property_amenities a1_0 where a1_0.property_id=?
Hibernate: select i1_0.property_id,i1_0.image_name from property_images i1_0 where i1_0.property_id=?
Hibernate: select v1_0.property_id,v1_0.video_name from property_videos v1_0 where v1_0.property_id=?
Hibernate: select a1_0.property_id,a1_0.amenity from property_amenities a1_0 where a1_0.property_id=?
Hibernate: select i1_0.property_id,i1_0.image_name from property_images i1_0 where i1_0.property_id=?
Hibernate: select v1_0.property_id,v1_0.video_name from property_videos v1_0 where v1_0.property_id=?
Hibernate: select a1_0.property_id,a1_0.amenity from property_amenities a1_0 where a1_0.property_id=?
Hibernate: select i1_0.property_id,i1_0.image_name from property_images i1_0 where i1_0.property_id=?
Hibernate: select v1_0.property_id,v1_0.video_name from property_videos v1_0 where v1_0.property_id=?
Hibernate: select a1_0.property_id,a1_0.amenity from property_amenities a1_0 where a1_0.property_id=?
Hibernate: select i1_0.property_id,i1_0.image_name from property_images i1_0 where i1_0.property_id=?
Hibernate: select v1_0.property_id,v1_0.video_name from property_videos v1_0 where v1_0.property_id=?
Hibernate: select a1_0.property_id,a1_0.amenity from property_amenities a1_0 where a1_0.property_id=?
Hibernate: select u1_0.id,u1_0.bio,u1_0.blocked,u1_0.city,u1_0.email,u1_0.email_verified,u1_0.full_name,u1_0.mobile_number,u1_0.password,u1_0.profile_picture,u1_0.role,u1_0.state,u1_0.username,u1_0.verified from users u1_0 where u1_0.email=?
Hibernate: select i1_0.property_id,i1_0.image_name from property_images i1_0 where i1_0.property_id=?
Hibernate: select v1_0.property_id,v1_0.video_name from property_videos v1_0 where v1_0.property_id=?
Hibernate: select a1_0.property_id,a1_0.amenity from property_amenities a1_0 where a1_0.property_id=?
Hibernate: select i1_0.property_id,i1_0.image_name from property_images i1_0 where i1_0.property_id=?
Hibernate: select v1_0.property_id,v1_0.video_name from property_videos v1_0 where v1_0.property_id=?
Hibernate: select a1_0.property_id,a1_0.amenity from property_amenities a1_0 where a1_0.property_id=?
Hibernate: select i1_0.property_id,i1_0.image_name from property_images i1_0 where i1_0.property_id=?
Hibernate: select v1_0.property_id,v1_0.video_name from property_videos v1_0 where v1_0.property_id=?
Hibernate: select a1_0.property_id,a1_0.amenity from property_amenities a1_0 where a1_0.property_id=?
Hibernate: select i1_0.property_id,i1_0.image_name from property_images i1_0 where i1_0.property_id=?
Hibernate: select p1_0.id,p1_0.address,p1_0.approved,p1_0.area,p1_0.balconies,p1_0.bathrooms,p1_0.bedrooms,p1_0.carpet_area,p1_0.category,p1_0.city,p1_0.contact_number,p1_0.created_at,p1_0.description,p1_0.featured,p1_0.floor_number,p1_0.latitude,p1_0.location,p1_0.longitude,p1_0.pincode,p1_0.price,p1_0.property_age,p1_0.property_status,p1_0.rejected,p1_0.seller_email,p1_0.seller_username,p1_0.state,p1_0.title,p1_0.total_floors,p1_0.type,p1_0.user_id,p1_0.user_type,p1_0.verified from properties p1_0 where p1_0.type=?
Hibernate: select v1_0.property_id,v1_0.video_name from property_videos v1_0 where v1_0.property_id=?
Hibernate: select a1_0.property_id,a1_0.amenity from property_amenities a1_0 where a1_0.property_id=?
Hibernate: select i1_0.property_id,i1_0.image_name from property_images i1_0 where i1_0.property_id=?
Hibernate: select v1_0.property_id,v1_0.video_name from property_videos v1_0 where v1_0.property_id=?
Hibernate: select a1_0.property_id,a1_0.amenity from property_amenities a1_0 where a1_0.property_id=?
Hibernate: select i1_0.property_id,i1_0.image_name from property_images i1_0 where i1_0.property_id=?
Hibernate: select u1_0.id,u1_0.bio,u1_0.blocked,u1_0.city,u1_0.email,u1_0.email_verified,u1_0.full_name,u1_0.mobile_number,u1_0.password,u1_0.profile_picture,u1_0.role,u1_0.state,u1_0.username,u1_0.verified from users u1_0 where u1_0.id=?
Hibernate: select v1_0.property_id,v1_0.video_name from property_videos v1_0 where v1_0.property_id=?
Hibernate: select a1_0.property_id,a1_0.amenity from property_amenities a1_0 where a1_0.property_id=?
Hibernate: select i1_0.property_id,i1_0.image_name from property_images i1_0 where i1_0.property_id=?
Hibernate: select v1_0.property_id,v1_0.video_name from property_videos v1_0 where v1_0.property_id=?
Hibernate: select a1_0.property_id,a1_0.amenity from property_amenities a1_0 where a1_0.property_id=?
Hibernate: select i1_0.property_id,i1_0.image_name from property_images i1_0 where i1_0.property_id=?
Hibernate: select v1_0.property_id,v1_0.video_name from property_videos v1_0 where v1_0.property_id=?
Hibernate: select a1_0.property_id,a1_0.amenity from property_amenities a1_0 where a1_0.property_id=?
Hibernate: select i1_0.property_id,i1_0.image_name from property_images i1_0 where i1_0.property_id=?
Hibernate: select v1_0.property_id,v1_0.video_name from property_videos v1_0 where v1_0.property_id=?
Hibernate: select a1_0.property_id,a1_0.amenity from property_amenities a1_0 where a1_0.property_id=?
Hibernate: select i1_0.property_id,i1_0.image_name from property_images i1_0 where i1_0.property_id=?
Hibernate: select v1_0.property_id,v1_0.video_name from property_videos v1_0 where v1_0.property_id=?
Hibernate: select a1_0.property_id,a1_0.amenity from property_amenities a1_0 where a1_0.property_id=?
Hibernate: select i1_0.property_id,i1_0.image_name from property_images i1_0 where i1_0.property_id=?
Hibernate: select v1_0.property_id,v1_0.video_name from property_videos v1_0 where v1_0.property_id=?
Hibernate: select a1_0.property_id,a1_0.amenity from property_amenities a1_0 where a1_0.property_id=?
Hibernate: select i1_0.property_id,i1_0.image_name from property_images i1_0 where i1_0.property_id=?
Hibernate: select v1_0.property_id,v1_0.video_name from property_videos v1_0 where v1_0.property_id=?
Hibernate: select a1_0.property_id,a1_0.amenity from property_amenities a1_0 where a1_0.property_id=?
Hibernate: select i1_0.property_id,i1_0.image_name from property_images i1_0 where i1_0.property_id=?
Hibernate: select v1_0.property_id,v1_0.video_name from property_videos v1_0 where v1_0.property_id=?
Hibernate: select a1_0.property_id,a1_0.amenity from property_amenities a1_0 where a1_0.property_id=?
Hibernate: select i1_0.property_id,i1_0.image_name from property_images i1_0 where i1_0.property_id=?
Hibernate: select v1_0.property_id,v1_0.video_name from property_videos v1_0 where v1_0.property_id=?
Hibernate: select a1_0.property_id,a1_0.amenity from property_amenities a1_0 where a1_0.property_id=?
Hibernate: select i1_0.property_id,i1_0.image_name from property_images i1_0 where i1_0.property_id=?
Hibernate: select v1_0.property_id,v1_0.video_name from property_videos v1_0 where v1_0.property_id=?
Hibernate: select a1_0.property_id,a1_0.amenity from property_amenities a1_0 where a1_0.property_id=?
Hibernate: select i1_0.property_id,i1_0.image_name from property_images i1_0 where i1_0.property_id=?
Hibernate: select v1_0.property_id,v1_0.video_name from property_videos v1_0 where v1_0.property_id=?
Hibernate: select a1_0.property_id,a1_0.amenity from property_amenities a1_0 where a1_0.property_id=?
Hibernate: select i1_0.property_id,i1_0.image_name from property_images i1_0 where i1_0.property_id=?
Hibernate: select v1_0.property_id,v1_0.video_name from property_videos v1_0 where v1_0.property_id=?
Hibernate: select a1_0.property_id,a1_0.amenity from property_amenities a1_0 where a1_0.property_id=?
Hibernate: select i1_0.property_id,i1_0.image_name from property_images i1_0 where i1_0.property_id=?
Hibernate: select v1_0.property_id,v1_0.video_name from property_videos v1_0 where v1_0.property_id=?
Hibernate: select a1_0.property_id,a1_0.amenity from property_amenities a1_0 where a1_0.property_id=?
Hibernate: select i1_0.property_id,i1_0.image_name from property_images i1_0 where i1_0.property_id=?
2026-03-02T12:03:42.173+05:30  INFO 42475 --- [nio-8080-exec-3] c.r.o.controller.PropertyController      : Serving image file: 1772371800370_1.avif from /Users/ompatel/sdp/Online-RealEstate-System/Online-Real-Estate-System-main/uploads/1772371800370_1.avif
Hibernate: select v1_0.property_id,v1_0.video_name from property_videos v1_0 where v1_0.property_id=?
Hibernate: select a1_0.property_id,a1_0.amenity from property_amenities a1_0 where a1_0.property_id=?
Hibernate: select i1_0.property_id,i1_0.image_name from property_images i1_0 where i1_0.property_id=?
Hibernate: select v1_0.property_id,v1_0.video_name from property_videos v1_0 where v1_0.property_id=?
Hibernate: select a1_0.property_id,a1_0.amenity from property_amenities a1_0 where a1_0.property_id=?
Hibernate: select i1_0.property_id,i1_0.image_name from property_images i1_0 where i1_0.property_id=?
Hibernate: select v1_0.property_id,v1_0.video_name from property_videos v1_0 where v1_0.property_id=?
Hibernate: select a1_0.property_id,a1_0.amenity from property_amenities a1_0 where a1_0.property_id=?
Hibernate: select i1_0.property_id,i1_0.image_name from property_images i1_0 where i1_0.property_id=?
Hibernate: select v1_0.property_id,v1_0.video_name from property_videos v1_0 where v1_0.property_id=?
Hibernate: select a1_0.property_id,a1_0.amenity from property_amenities a1_0 where a1_0.property_id=?
Hibernate: select i1_0.property_id,i1_0.image_name from property_images i1_0 where i1_0.property_id=?
Hibernate: select v1_0.property_id,v1_0.video_name from property_videos v1_0 where v1_0.property_id=?
Hibernate: select a1_0.property_id,a1_0.amenity from property_amenities a1_0 where a1_0.property_id=?
Hibernate: select i1_0.property_id,i1_0.image_name from property_images i1_0 where i1_0.property_id=?
Hibernate: select v1_0.property_id,v1_0.video_name from property_videos v1_0 where v1_0.property_id=?
Hibernate: select a1_0.property_id,a1_0.amenity from property_amenities a1_0 where a1_0.property_id=?
Hibernate: select i1_0.property_id,i1_0.image_name from property_images i1_0 where i1_0.property_id=?
Hibernate: select v1_0.property_id,v1_0.video_name from property_videos v1_0 where v1_0.property_id=?
Hibernate: select a1_0.property_id,a1_0.amenity from property_amenities a1_0 where a1_0.property_id=?
Hibernate: select i1_0.property_id,i1_0.image_name from property_images i1_0 where i1_0.property_id=?
Hibernate: select v1_0.property_id,v1_0.video_name from property_videos v1_0 where v1_0.property_id=?
Hibernate: select a1_0.property_id,a1_0.amenity from property_amenities a1_0 where a1_0.property_id=?
Hibernate: select i1_0.property_id,i1_0.image_name from property_images i1_0 where i1_0.property_id=?
Hibernate: select v1_0.property_id,v1_0.video_name from property_videos v1_0 where v1_0.property_id=?
Hibernate: select a1_0.property_id,a1_0.amenity from property_amenities a1_0 where a1_0.property_id=?
Hibernate: select i1_0.property_id,i1_0.image_name from property_images i1_0 where i1_0.property_id=?
Hibernate: select v1_0.property_id,v1_0.video_name from property_videos v1_0 where v1_0.property_id=?
Hibernate: select a1_0.property_id,a1_0.amenity from property_amenities a1_0 where a1_0.property_id=?
Hibernate: select i1_0.property_id,i1_0.image_name from property_images i1_0 where i1_0.property_id=?
Hibernate: select v1_0.property_id,v1_0.video_name from property_videos v1_0 where v1_0.property_id=?
Hibernate: select a1_0.property_id,a1_0.amenity from property_amenities a1_0 where a1_0.property_id=?
Hibernate: select i1_0.property_id,i1_0.image_name from property_images i1_0 where i1_0.property_id=?
Hibernate: select v1_0.property_id,v1_0.video_name from property_videos v1_0 where v1_0.property_id=?
Hibernate: select a1_0.property_id,a1_0.amenity from property_amenities a1_0 where a1_0.property_id=?
Hibernate: select i1_0.property_id,i1_0.image_name from property_images i1_0 where i1_0.property_id=?
Hibernate: select v1_0.property_id,v1_0.video_name from property_videos v1_0 where v1_0.property_id=?
Hibernate: select a1_0.property_id,a1_0.amenity from property_amenities a1_0 where a1_0.property_id=?
Hibernate: select i1_0.property_id,i1_0.image_name from property_images i1_0 where i1_0.property_id=?
Hibernate: select v1_0.property_id,v1_0.video_name from property_videos v1_0 where v1_0.property_id=?
Hibernate: select a1_0.property_id,a1_0.amenity from property_amenities a1_0 where a1_0.property_id=?
Hibernate: select i1_0.property_id,i1_0.image_name from property_images i1_0 where i1_0.property_id=?
Hibernate: select v1_0.property_id,v1_0.video_name from property_videos v1_0 where v1_0.property_id=?
Hibernate: select a1_0.property_id,a1_0.amenity from property_amenities a1_0 where a1_0.property_id=?
Hibernate: select i1_0.property_id,i1_0.image_name from property_images i1_0 where i1_0.property_id=?
Hibernate: select v1_0.property_id,v1_0.video_name from property_videos v1_0 where v1_0.property_id=?
Hibernate: select a1_0.property_id,a1_0.amenity from property_amenities a1_0 where a1_0.property_id=?
Hibernate: select i1_0.property_id,i1_0.image_name from property_images i1_0 where i1_0.property_id=?
Hibernate: select v1_0.property_id,v1_0.video_name from property_videos v1_0 where v1_0.property_id=?
Hibernate: select a1_0.property_id,a1_0.amenity from property_amenities a1_0 where a1_0.property_id=?
Hibernate: select i1_0.property_id,i1_0.image_name from property_images i1_0 where i1_0.property_id=?
Hibernate: select v1_0.property_id,v1_0.video_name from property_videos v1_0 where v1_0.property_id=?
Hibernate: select a1_0.property_id,a1_0.amenity from property_amenities a1_0 where a1_0.property_id=?
Hibernate: select i1_0.property_id,i1_0.image_name from property_images i1_0 where i1_0.property_id=?
Hibernate: select v1_0.property_id,v1_0.video_name from property_videos v1_0 where v1_0.property_id=?
Hibernate: select a1_0.property_id,a1_0.amenity from property_amenities a1_0 where a1_0.property_id=?
Hibernate: select i1_0.property_id,i1_0.image_name from property_images i1_0 where i1_0.property_id=?
Hibernate: select v1_0.property_id,v1_0.video_name from property_videos v1_0 where v1_0.property_id=?
Hibernate: select a1_0.property_id,a1_0.amenity from property_amenities a1_0 where a1_0.property_id=?
Hibernate: select i1_0.property_id,i1_0.image_name from property_images i1_0 where i1_0.property_id=?
Hibernate: select v1_0.property_id,v1_0.video_name from property_videos v1_0 where v1_0.property_id=?
Hibernate: select a1_0.property_id,a1_0.amenity from property_amenities a1_0 where a1_0.property_id=?
Hibernate: select i1_0.property_id,i1_0.image_name from property_images i1_0 where i1_0.property_id=?
Hibernate: select v1_0.property_id,v1_0.video_name from property_videos v1_0 where v1_0.property_id=?
Hibernate: select a1_0.property_id,a1_0.amenity from property_amenities a1_0 where a1_0.property_id=?
Hibernate: select i1_0.property_id,i1_0.image_name from property_images i1_0 where i1_0.property_id=?
Hibernate: select v1_0.property_id,v1_0.video_name from property_videos v1_0 where v1_0.property_id=?
Hibernate: select a1_0.property_id,a1_0.amenity from property_amenities a1_0 where a1_0.property_id=?
Hibernate: select i1_0.property_id,i1_0.image_name from property_images i1_0 where i1_0.property_id=?
Hibernate: select v1_0.property_id,v1_0.video_name from property_videos v1_0 where v1_0.property_id=?
Hibernate: select a1_0.property_id,a1_0.amenity from property_amenities a1_0 where a1_0.property_id=?
Hibernate: select i1_0.property_id,i1_0.image_name from property_images i1_0 where i1_0.property_id=?
Hibernate: select v1_0.property_id,v1_0.video_name from property_videos v1_0 where v1_0.property_id=?
Hibernate: select a1_0.property_id,a1_0.amenity from property_amenities a1_0 where a1_0.property_id=?
Hibernate: select i1_0.property_id,i1_0.image_name from property_images i1_0 where i1_0.property_id=?
Hibernate: select v1_0.property_id,v1_0.video_name from property_videos v1_0 where v1_0.property_id=?
Hibernate: select a1_0.property_id,a1_0.amenity from property_amenities a1_0 where a1_0.property_id=?
Hibernate: select i1_0.property_id,i1_0.image_name from property_images i1_0 where i1_0.property_id=?
Hibernate: select v1_0.property_id,v1_0.video_name from property_videos v1_0 where v1_0.property_id=?
Hibernate: select a1_0.property_id,a1_0.amenity from property_amenities a1_0 where a1_0.property_id=?
Hibernate: select u1_0.id,u1_0.bio,u1_0.blocked,u1_0.city,u1_0.email,u1_0.email_verified,u1_0.full_name,u1_0.mobile_number,u1_0.password,u1_0.profile_picture,u1_0.role,u1_0.state,u1_0.username,u1_0.verified from users u1_0 where u1_0.email=?
Hibernate: select p1_0.id,p1_0.address,p1_0.approved,p1_0.area,p1_0.balconies,p1_0.bathrooms,p1_0.bedrooms,p1_0.carpet_area,p1_0.category,p1_0.city,p1_0.contact_number,p1_0.created_at,p1_0.description,p1_0.featured,p1_0.floor_number,p1_0.latitude,p1_0.location,p1_0.longitude,p1_0.pincode,p1_0.price,p1_0.property_age,p1_0.property_status,p1_0.rejected,p1_0.seller_email,p1_0.seller_username,p1_0.state,p1_0.title,p1_0.total_floors,p1_0.type,u1_0.id,u1_0.bio,u1_0.blocked,u1_0.city,u1_0.email,u1_0.email_verified,u1_0.full_name,u1_0.mobile_number,u1_0.password,u1_0.profile_picture,u1_0.role,u1_0.state,u1_0.username,u1_0.verified,p1_0.user_type,p1_0.verified from properties p1_0 left join users u1_0 on u1_0.id=p1_0.user_id where p1_0.id=?
Hibernate: select i1_0.property_id,i1_0.image_name from property_images i1_0 where i1_0.property_id=?
Hibernate: select v1_0.property_id,v1_0.video_name from property_videos v1_0 where v1_0.property_id=?
Hibernate: select a1_0.property_id,a1_0.amenity from property_amenities a1_0 where a1_0.property_id=?
Hibernate: select u1_0.id,u1_0.bio,u1_0.blocked,u1_0.city,u1_0.email,u1_0.email_verified,u1_0.full_name,u1_0.mobile_number,u1_0.password,u1_0.profile_picture,u1_0.role,u1_0.state,u1_0.username,u1_0.verified from users u1_0 where u1_0.email=?
Hibernate: select p1_0.id,p1_0.address,p1_0.approved,p1_0.area,p1_0.balconies,p1_0.bathrooms,p1_0.bedrooms,p1_0.carpet_area,p1_0.category,p1_0.city,p1_0.contact_number,p1_0.created_at,p1_0.description,p1_0.featured,p1_0.floor_number,p1_0.latitude,p1_0.location,p1_0.longitude,p1_0.pincode,p1_0.price,p1_0.property_age,p1_0.property_status,p1_0.rejected,p1_0.seller_email,p1_0.seller_username,p1_0.state,p1_0.title,p1_0.total_floors,p1_0.type,u1_0.id,u1_0.bio,u1_0.blocked,u1_0.city,u1_0.email,u1_0.email_verified,u1_0.full_name,u1_0.mobile_number,u1_0.password,u1_0.profile_picture,u1_0.role,u1_0.state,u1_0.username,u1_0.verified,p1_0.user_type,p1_0.verified from properties p1_0 left join users u1_0 on u1_0.id=p1_0.user_id where p1_0.id=?
Hibernate: select i1_0.property_id,i1_0.image_name from property_images i1_0 where i1_0.property_id=?
Hibernate: select v1_0.property_id,v1_0.video_name from property_videos v1_0 where v1_0.property_id=?
Hibernate: select a1_0.property_id,a1_0.amenity from property_amenities a1_0 where a1_0.property_id=?
Hibernate: select l1_0.id,l1_0.home_loan_interest_rate,l1_0.max_loan_percent_of_property_value,l1_0.processing_fee_percent from loan_settings l1_0
Hibernate: select u1_0.id,u1_0.bio,u1_0.blocked,u1_0.city,u1_0.email,u1_0.email_verified,u1_0.full_name,u1_0.mobile_number,u1_0.password,u1_0.profile_picture,u1_0.role,u1_0.state,u1_0.username,u1_0.verified from users u1_0 where u1_0.email=?
Hibernate: select l1_0.id,l1_0.home_loan_interest_rate,l1_0.max_loan_percent_of_property_value,l1_0.processing_fee_percent from loan_settings l1_0
Hibernate: select u1_0.id,u1_0.bio,u1_0.blocked,u1_0.city,u1_0.email,u1_0.email_verified,u1_0.full_name,u1_0.mobile_number,u1_0.password,u1_0.profile_picture,u1_0.role,u1_0.state,u1_0.username,u1_0.verified from users u1_0 where u1_0.email=?
Hibernate: select u1_0.id,u1_0.bio,u1_0.blocked,u1_0.city,u1_0.email,u1_0.email_verified,u1_0.full_name,u1_0.mobile_number,u1_0.password,u1_0.profile_picture,u1_0.role,u1_0.state,u1_0.username,u1_0.verified from users u1_0 where u1_0.email=?
Hibernate: select w1_0.id from wishlists w1_0 where w1_0.user_id=? and w1_0.property_id=? fetch first ? rows only
Hibernate: select u1_0.id,u1_0.bio,u1_0.blocked,u1_0.city,u1_0.email,u1_0.email_verified,u1_0.full_name,u1_0.mobile_number,u1_0.password,u1_0.profile_picture,u1_0.role,u1_0.state,u1_0.username,u1_0.verified from users u1_0 where u1_0.email=?
✅ SECURITY: Unread messages access verified for user 3
Hibernate: select u1_0.id,u1_0.bio,u1_0.blocked,u1_0.city,u1_0.email,u1_0.email_verified,u1_0.full_name,u1_0.mobile_number,u1_0.password,u1_0.profile_picture,u1_0.role,u1_0.state,u1_0.username,u1_0.verified from users u1_0 where u1_0.email=?
Hibernate: select c1_0.id,c1_0.is_read,c1_0.message,c1_0.property_id,c1_0.receiver_id,c1_0.sender_id,c1_0.timestamp from chat_messages c1_0 where c1_0.receiver_id=? and not(c1_0.is_read)
Hibernate: select u1_0.id,u1_0.bio,u1_0.blocked,u1_0.city,u1_0.email,u1_0.email_verified,u1_0.full_name,u1_0.mobile_number,u1_0.password,u1_0.profile_picture,u1_0.role,u1_0.state,u1_0.username,u1_0.verified from users u1_0 where u1_0.email=?
Hibernate: select w1_0.id from wishlists w1_0 where w1_0.user_id=? and w1_0.property_id=? fetch first ? rows only
Hibernate: select u1_0.id,u1_0.bio,u1_0.blocked,u1_0.city,u1_0.email,u1_0.email_verified,u1_0.full_name,u1_0.mobile_number,u1_0.password,u1_0.profile_picture,u1_0.role,u1_0.state,u1_0.username,u1_0.verified from users u1_0 where u1_0.email=?
Hibernate: select u1_0.id,u1_0.bio,u1_0.blocked,u1_0.city,u1_0.email,u1_0.email_verified,u1_0.full_name,u1_0.mobile_number,u1_0.password,u1_0.profile_picture,u1_0.role,u1_0.state,u1_0.username,u1_0.verified from users u1_0 where u1_0.email=?
✅ SECURITY: Chat history access verified for user 3

--- ChatMessageService.getChatHistory() START ---
Looking for messages between userId1: 3, userId2: 1, propertyId: 6
Hibernate: select c1_0.id,c1_0.is_read,c1_0.message,c1_0.property_id,c1_0.receiver_id,c1_0.sender_id,c1_0.timestamp from chat_messages c1_0 where c1_0.property_id=? and ((c1_0.sender_id=? and c1_0.receiver_id=?) or (c1_0.sender_id=? and c1_0.receiver_id=?)) order by c1_0.timestamp
Found 0 messages
--- ChatMessageService.getChatHistory() END ---

Hibernate: select l1_0.id,l1_0.home_loan_interest_rate,l1_0.max_loan_percent_of_property_value,l1_0.processing_fee_percent from loan_settings l1_0
Hibernate: select l1_0.id,l1_0.home_loan_interest_rate,l1_0.max_loan_percent_of_property_value,l1_0.processing_fee_percent from loan_settings l1_0
Hibernate: select u1_0.id,u1_0.bio,u1_0.blocked,u1_0.city,u1_0.email,u1_0.email_verified,u1_0.full_name,u1_0.mobile_number,u1_0.password,u1_0.profile_picture,u1_0.role,u1_0.state,u1_0.username,u1_0.verified from users u1_0 where u1_0.email=?
Hibernate: select u1_0.id,u1_0.bio,u1_0.blocked,u1_0.city,u1_0.email,u1_0.email_verified,u1_0.full_name,u1_0.mobile_number,u1_0.password,u1_0.profile_picture,u1_0.role,u1_0.state,u1_0.username,u1_0.verified from users u1_0 where u1_0.email=?
✅ SECURITY: Unread messages access verified for user 3
Hibernate: select c1_0.id,c1_0.is_read,c1_0.message,c1_0.property_id,c1_0.receiver_id,c1_0.sender_id,c1_0.timestamp from chat_messages c1_0 where c1_0.receiver_id=? and not(c1_0.is_read)
Hibernate: select u1_0.id,u1_0.bio,u1_0.blocked,u1_0.city,u1_0.email,u1_0.email_verified,u1_0.full_name,u1_0.mobile_number,u1_0.password,u1_0.profile_picture,u1_0.role,u1_0.state,u1_0.username,u1_0.verified from users u1_0 where u1_0.email=?
Hibernate: select u1_0.id,u1_0.bio,u1_0.blocked,u1_0.city,u1_0.email,u1_0.email_verified,u1_0.full_name,u1_0.mobile_number,u1_0.password,u1_0.profile_picture,u1_0.role,u1_0.state,u1_0.username,u1_0.verified from users u1_0 where u1_0.email=?
✅ SECURITY: Unread messages access verified for user 3
Hibernate: select c1_0.id,c1_0.is_read,c1_0.message,c1_0.property_id,c1_0.receiver_id,c1_0.sender_id,c1_0.timestamp from chat_messages c1_0 where c1_0.receiver_id=? and not(c1_0.is_read)
Hibernate: select u1_0.id,u1_0.bio,u1_0.blocked,u1_0.city,u1_0.email,u1_0.email_verified,u1_0.full_name,u1_0.mobile_number,u1_0.password,u1_0.profile_picture,u1_0.role,u1_0.state,u1_0.username,u1_0.verified from users u1_0 where u1_0.email=?
Hibernate: select p1_0.id,p1_0.address,p1_0.approved,p1_0.area,p1_0.balconies,p1_0.bathrooms,p1_0.bedrooms,p1_0.carpet_area,p1_0.category,p1_0.city,p1_0.contact_number,p1_0.created_at,p1_0.description,p1_0.featured,p1_0.floor_number,p1_0.latitude,p1_0.location,p1_0.longitude,p1_0.pincode,p1_0.price,p1_0.property_age,p1_0.property_status,p1_0.rejected,p1_0.seller_email,p1_0.seller_username,p1_0.state,p1_0.title,p1_0.total_floors,p1_0.type,p1_0.user_id,p1_0.user_type,p1_0.verified from properties p1_0 where p1_0.type=?
Hibernate: select u1_0.id,u1_0.bio,u1_0.blocked,u1_0.city,u1_0.email,u1_0.email_verified,u1_0.full_name,u1_0.mobile_number,u1_0.password,u1_0.profile_picture,u1_0.role,u1_0.state,u1_0.username,u1_0.verified from users u1_0 where u1_0.id=?
Hibernate: select u1_0.id,u1_0.bio,u1_0.blocked,u1_0.city,u1_0.email,u1_0.email_verified,u1_0.full_name,u1_0.mobile_number,u1_0.password,u1_0.profile_picture,u1_0.role,u1_0.state,u1_0.username,u1_0.verified from users u1_0 where u1_0.email=?
Hibernate: select u1_0.id,u1_0.bio,u1_0.blocked,u1_0.city,u1_0.email,u1_0.email_verified,u1_0.full_name,u1_0.mobile_number,u1_0.password,u1_0.profile_picture,u1_0.role,u1_0.state,u1_0.username,u1_0.verified from users u1_0 where u1_0.email=?
Hibernate: select p1_0.id,p1_0.address,p1_0.approved,p1_0.area,p1_0.balconies,p1_0.bathrooms,p1_0.bedrooms,p1_0.carpet_area,p1_0.category,p1_0.city,p1_0.contact_number,p1_0.created_at,p1_0.description,p1_0.featured,p1_0.floor_number,p1_0.latitude,p1_0.location,p1_0.longitude,p1_0.pincode,p1_0.price,p1_0.property_age,p1_0.property_status,p1_0.rejected,p1_0.seller_email,p1_0.seller_username,p1_0.state,p1_0.title,p1_0.total_floors,p1_0.type,p1_0.user_id,p1_0.user_type,p1_0.verified from properties p1_0 where p1_0.type=?
Hibernate: select u1_0.id,u1_0.bio,u1_0.blocked,u1_0.city,u1_0.email,u1_0.email_verified,u1_0.full_name,u1_0.mobile_number,u1_0.password,u1_0.profile_picture,u1_0.role,u1_0.state,u1_0.username,u1_0.verified from users u1_0 where u1_0.email=?
Hibernate: select i1_0.property_id,i1_0.image_name from property_images i1_0 where i1_0.property_id=?
Hibernate: select v1_0.property_id,v1_0.video_name from property_videos v1_0 where v1_0.property_id=?
Hibernate: select u1_0.id,u1_0.bio,u1_0.blocked,u1_0.city,u1_0.email,u1_0.email_verified,u1_0.full_name,u1_0.mobile_number,u1_0.password,u1_0.profile_picture,u1_0.role,u1_0.state,u1_0.username,u1_0.verified from users u1_0 where u1_0.id=?
Hibernate: select a1_0.property_id,a1_0.amenity from property_amenities a1_0 where a1_0.property_id=?
Hibernate: select i1_0.property_id,i1_0.image_name from property_images i1_0 where i1_0.property_id=?
Hibernate: select v1_0.property_id,v1_0.video_name from property_videos v1_0 where v1_0.property_id=?
Hibernate: select a1_0.property_id,a1_0.amenity from property_amenities a1_0 where a1_0.property_id=?
Hibernate: select i1_0.property_id,i1_0.image_name from property_images i1_0 where i1_0.property_id=?
Hibernate: select v1_0.property_id,v1_0.video_name from property_videos v1_0 where v1_0.property_id=?
Hibernate: select a1_0.property_id,a1_0.amenity from property_amenities a1_0 where a1_0.property_id=?
Hibernate: select i1_0.property_id,i1_0.image_name from property_images i1_0 where i1_0.property_id=?
Hibernate: select v1_0.property_id,v1_0.video_name from property_videos v1_0 where v1_0.property_id=?
Hibernate: select a1_0.property_id,a1_0.amenity from property_amenities a1_0 where a1_0.property_id=?
Hibernate: select i1_0.property_id,i1_0.image_name from property_images i1_0 where i1_0.property_id=?
Hibernate: select v1_0.property_id,v1_0.video_name from property_videos v1_0 where v1_0.property_id=?
Hibernate: select a1_0.property_id,a1_0.amenity from property_amenities a1_0 where a1_0.property_id=?
✅ SECURITY: Unread messages access verified for user 3
Hibernate: select i1_0.property_id,i1_0.image_name from property_images i1_0 where i1_0.property_id=?
Hibernate: select v1_0.property_id,v1_0.video_name from property_videos v1_0 where v1_0.property_id=?
Hibernate: select a1_0.property_id,a1_0.amenity from property_amenities a1_0 where a1_0.property_id=?
Hibernate: select i1_0.property_id,i1_0.image_name from property_images i1_0 where i1_0.property_id=?
Hibernate: select c1_0.id,c1_0.is_read,c1_0.message,c1_0.property_id,c1_0.receiver_id,c1_0.sender_id,c1_0.timestamp from chat_messages c1_0 where c1_0.receiver_id=? and not(c1_0.is_read)
Hibernate: select v1_0.property_id,v1_0.video_name from property_videos v1_0 where v1_0.property_id=?
Hibernate: select a1_0.property_id,a1_0.amenity from property_amenities a1_0 where a1_0.property_id=?
Hibernate: select i1_0.property_id,i1_0.image_name from property_images i1_0 where i1_0.property_id=?
Hibernate: select v1_0.property_id,v1_0.video_name from property_videos v1_0 where v1_0.property_id=?
Hibernate: select a1_0.property_id,a1_0.amenity from property_amenities a1_0 where a1_0.property_id=?
Hibernate: select i1_0.property_id,i1_0.image_name from property_images i1_0 where i1_0.property_id=?
Hibernate: select v1_0.property_id,v1_0.video_name from property_videos v1_0 where v1_0.property_id=?
Hibernate: select a1_0.property_id,a1_0.amenity from property_amenities a1_0 where a1_0.property_id=?
Hibernate: select i1_0.property_id,i1_0.image_name from property_images i1_0 where i1_0.property_id=?
Hibernate: select v1_0.property_id,v1_0.video_name from property_videos v1_0 where v1_0.property_id=?
Hibernate: select a1_0.property_id,a1_0.amenity from property_amenities a1_0 where a1_0.property_id=?
Hibernate: select i1_0.property_id,i1_0.image_name from property_images i1_0 where i1_0.property_id=?
Hibernate: select i1_0.property_id,i1_0.image_name from property_images i1_0 where i1_0.property_id=?
Hibernate: select v1_0.property_id,v1_0.video_name from property_videos v1_0 where v1_0.property_id=?
Hibernate: select v1_0.property_id,v1_0.video_name from property_videos v1_0 where v1_0.property_id=?
Hibernate: select a1_0.property_id,a1_0.amenity from property_amenities a1_0 where a1_0.property_id=?
Hibernate: select a1_0.property_id,a1_0.amenity from property_amenities a1_0 where a1_0.property_id=?
Hibernate: select i1_0.property_id,i1_0.image_name from property_images i1_0 where i1_0.property_id=?
Hibernate: select i1_0.property_id,i1_0.image_name from property_images i1_0 where i1_0.property_id=?
Hibernate: select v1_0.property_id,v1_0.video_name from property_videos v1_0 where v1_0.property_id=?
Hibernate: select v1_0.property_id,v1_0.video_name from property_videos v1_0 where v1_0.property_id=?
Hibernate: select a1_0.property_id,a1_0.amenity from property_amenities a1_0 where a1_0.property_id=?
Hibernate: select a1_0.property_id,a1_0.amenity from property_amenities a1_0 where a1_0.property_id=?
Hibernate: select i1_0.property_id,i1_0.image_name from property_images i1_0 where i1_0.property_id=?
Hibernate: select i1_0.property_id,i1_0.image_name from property_images i1_0 where i1_0.property_id=?
Hibernate: select v1_0.property_id,v1_0.video_name from property_videos v1_0 where v1_0.property_id=?
Hibernate: select v1_0.property_id,v1_0.video_name from property_videos v1_0 where v1_0.property_id=?
Hibernate: select a1_0.property_id,a1_0.amenity from property_amenities a1_0 where a1_0.property_id=?
Hibernate: select a1_0.property_id,a1_0.amenity from property_amenities a1_0 where a1_0.property_id=?
Hibernate: select i1_0.property_id,i1_0.image_name from property_images i1_0 where i1_0.property_id=?
Hibernate: select i1_0.property_id,i1_0.image_name from property_images i1_0 where i1_0.property_id=?
Hibernate: select v1_0.property_id,v1_0.video_name from property_videos v1_0 where v1_0.property_id=?
Hibernate: select v1_0.property_id,v1_0.video_name from property_videos v1_0 where v1_0.property_id=?
Hibernate: select a1_0.property_id,a1_0.amenity from property_amenities a1_0 where a1_0.property_id=?
Hibernate: select a1_0.property_id,a1_0.amenity from property_amenities a1_0 where a1_0.property_id=?
Hibernate: select i1_0.property_id,i1_0.image_name from property_images i1_0 where i1_0.property_id=?
Hibernate: select v1_0.property_id,v1_0.video_name from property_videos v1_0 where v1_0.property_id=?
Hibernate: select i1_0.property_id,i1_0.image_name from property_images i1_0 where i1_0.property_id=?
Hibernate: select a1_0.property_id,a1_0.amenity from property_amenities a1_0 where a1_0.property_id=?
Hibernate: select v1_0.property_id,v1_0.video_name from property_videos v1_0 where v1_0.property_id=?
Hibernate: select i1_0.property_id,i1_0.image_name from property_images i1_0 where i1_0.property_id=?
Hibernate: select a1_0.property_id,a1_0.amenity from property_amenities a1_0 where a1_0.property_id=?
Hibernate: select v1_0.property_id,v1_0.video_name from property_videos v1_0 where v1_0.property_id=?
Hibernate: select a1_0.property_id,a1_0.amenity from property_amenities a1_0 where a1_0.property_id=?
Hibernate: select i1_0.property_id,i1_0.image_name from property_images i1_0 where i1_0.property_id=?
Hibernate: select i1_0.property_id,i1_0.image_name from property_images i1_0 where i1_0.property_id=?
Hibernate: select v1_0.property_id,v1_0.video_name from property_videos v1_0 where v1_0.property_id=?
Hibernate: select v1_0.property_id,v1_0.video_name from property_videos v1_0 where v1_0.property_id=?
Hibernate: select a1_0.property_id,a1_0.amenity from property_amenities a1_0 where a1_0.property_id=?
Hibernate: select a1_0.property_id,a1_0.amenity from property_amenities a1_0 where a1_0.property_id=?
Hibernate: select i1_0.property_id,i1_0.image_name from property_images i1_0 where i1_0.property_id=?
Hibernate: select i1_0.property_id,i1_0.image_name from property_images i1_0 where i1_0.property_id=?
Hibernate: select v1_0.property_id,v1_0.video_name from property_videos v1_0 where v1_0.property_id=?
Hibernate: select v1_0.property_id,v1_0.video_name from property_videos v1_0 where v1_0.property_id=?
Hibernate: select a1_0.property_id,a1_0.amenity from property_amenities a1_0 where a1_0.property_id=?
Hibernate: select a1_0.property_id,a1_0.amenity from property_amenities a1_0 where a1_0.property_id=?
Hibernate: select i1_0.property_id,i1_0.image_name from property_images i1_0 where i1_0.property_id=?
Hibernate: select i1_0.property_id,i1_0.image_name from property_images i1_0 where i1_0.property_id=?
Hibernate: select v1_0.property_id,v1_0.video_name from property_videos v1_0 where v1_0.property_id=?
Hibernate: select v1_0.property_id,v1_0.video_name from property_videos v1_0 where v1_0.property_id=?
Hibernate: select a1_0.property_id,a1_0.amenity from property_amenities a1_0 where a1_0.property_id=?
Hibernate: select a1_0.property_id,a1_0.amenity from property_amenities a1_0 where a1_0.property_id=?
Hibernate: select i1_0.property_id,i1_0.image_name from property_images i1_0 where i1_0.property_id=?
Hibernate: select i1_0.property_id,i1_0.image_name from property_images i1_0 where i1_0.property_id=?
Hibernate: select v1_0.property_id,v1_0.video_name from property_videos v1_0 where v1_0.property_id=?
Hibernate: select v1_0.property_id,v1_0.video_name from property_videos v1_0 where v1_0.property_id=?
Hibernate: select a1_0.property_id,a1_0.amenity from property_amenities a1_0 where a1_0.property_id=?
Hibernate: select a1_0.property_id,a1_0.amenity from property_amenities a1_0 where a1_0.property_id=?
Hibernate: select i1_0.property_id,i1_0.image_name from property_images i1_0 where i1_0.property_id=?
Hibernate: select i1_0.property_id,i1_0.image_name from property_images i1_0 where i1_0.property_id=?
Hibernate: select v1_0.property_id,v1_0.video_name from property_videos v1_0 where v1_0.property_id=?
Hibernate: select v1_0.property_id,v1_0.video_name from property_videos v1_0 where v1_0.property_id=?
Hibernate: select a1_0.property_id,a1_0.amenity from property_amenities a1_0 where a1_0.property_id=?
Hibernate: select a1_0.property_id,a1_0.amenity from property_amenities a1_0 where a1_0.property_id=?
Hibernate: select i1_0.property_id,i1_0.image_name from property_images i1_0 where i1_0.property_id=?
Hibernate: select i1_0.property_id,i1_0.image_name from property_images i1_0 where i1_0.property_id=?
Hibernate: select v1_0.property_id,v1_0.video_name from property_videos v1_0 where v1_0.property_id=?
Hibernate: select v1_0.property_id,v1_0.video_name from property_videos v1_0 where v1_0.property_id=?
Hibernate: select a1_0.property_id,a1_0.amenity from property_amenities a1_0 where a1_0.property_id=?
Hibernate: select a1_0.property_id,a1_0.amenity from property_amenities a1_0 where a1_0.property_id=?
Hibernate: select i1_0.property_id,i1_0.image_name from property_images i1_0 where i1_0.property_id=?
Hibernate: select v1_0.property_id,v1_0.video_name from property_videos v1_0 where v1_0.property_id=?
Hibernate: select i1_0.property_id,i1_0.image_name from property_images i1_0 where i1_0.property_id=?
Hibernate: select v1_0.property_id,v1_0.video_name from property_videos v1_0 where v1_0.property_id=?
Hibernate: select a1_0.property_id,a1_0.amenity from property_amenities a1_0 where a1_0.property_id=?
Hibernate: select a1_0.property_id,a1_0.amenity from property_amenities a1_0 where a1_0.property_id=?
Hibernate: select i1_0.property_id,i1_0.image_name from property_images i1_0 where i1_0.property_id=?
Hibernate: select i1_0.property_id,i1_0.image_name from property_images i1_0 where i1_0.property_id=?
Hibernate: select v1_0.property_id,v1_0.video_name from property_videos v1_0 where v1_0.property_id=?
Hibernate: select v1_0.property_id,v1_0.video_name from property_videos v1_0 where v1_0.property_id=?
Hibernate: select a1_0.property_id,a1_0.amenity from property_amenities a1_0 where a1_0.property_id=?
Hibernate: select a1_0.property_id,a1_0.amenity from property_amenities a1_0 where a1_0.property_id=?
Hibernate: select i1_0.property_id,i1_0.image_name from property_images i1_0 where i1_0.property_id=?
Hibernate: select i1_0.property_id,i1_0.image_name from property_images i1_0 where i1_0.property_id=?
Hibernate: select v1_0.property_id,v1_0.video_name from property_videos v1_0 where v1_0.property_id=?
Hibernate: select v1_0.property_id,v1_0.video_name from property_videos v1_0 where v1_0.property_id=?
Hibernate: select a1_0.property_id,a1_0.amenity from property_amenities a1_0 where a1_0.property_id=?
Hibernate: select a1_0.property_id,a1_0.amenity from property_amenities a1_0 where a1_0.property_id=?
Hibernate: select i1_0.property_id,i1_0.image_name from property_images i1_0 where i1_0.property_id=?
Hibernate: select i1_0.property_id,i1_0.image_name from property_images i1_0 where i1_0.property_id=?
Hibernate: select v1_0.property_id,v1_0.video_name from property_videos v1_0 where v1_0.property_id=?
Hibernate: select v1_0.property_id,v1_0.video_name from property_videos v1_0 where v1_0.property_id=?
Hibernate: select a1_0.property_id,a1_0.amenity from property_amenities a1_0 where a1_0.property_id=?
Hibernate: select a1_0.property_id,a1_0.amenity from property_amenities a1_0 where a1_0.property_id=?
Hibernate: select i1_0.property_id,i1_0.image_name from property_images i1_0 where i1_0.property_id=?
Hibernate: select i1_0.property_id,i1_0.image_name from property_images i1_0 where i1_0.property_id=?
Hibernate: select v1_0.property_id,v1_0.video_name from property_videos v1_0 where v1_0.property_id=?
Hibernate: select v1_0.property_id,v1_0.video_name from property_videos v1_0 where v1_0.property_id=?
Hibernate: select a1_0.property_id,a1_0.amenity from property_amenities a1_0 where a1_0.property_id=?
Hibernate: select a1_0.property_id,a1_0.amenity from property_amenities a1_0 where a1_0.property_id=?
Hibernate: select i1_0.property_id,i1_0.image_name from property_images i1_0 where i1_0.property_id=?
Hibernate: select i1_0.property_id,i1_0.image_name from property_images i1_0 where i1_0.property_id=?
Hibernate: select v1_0.property_id,v1_0.video_name from property_videos v1_0 where v1_0.property_id=?
Hibernate: select v1_0.property_id,v1_0.video_name from property_videos v1_0 where v1_0.property_id=?
Hibernate: select a1_0.property_id,a1_0.amenity from property_amenities a1_0 where a1_0.property_id=?
Hibernate: select a1_0.property_id,a1_0.amenity from property_amenities a1_0 where a1_0.property_id=?
Hibernate: select i1_0.property_id,i1_0.image_name from property_images i1_0 where i1_0.property_id=?
Hibernate: select i1_0.property_id,i1_0.image_name from property_images i1_0 where i1_0.property_id=?
Hibernate: select v1_0.property_id,v1_0.video_name from property_videos v1_0 where v1_0.property_id=?
Hibernate: select v1_0.property_id,v1_0.video_name from property_videos v1_0 where v1_0.property_id=?
Hibernate: select a1_0.property_id,a1_0.amenity from property_amenities a1_0 where a1_0.property_id=?
Hibernate: select a1_0.property_id,a1_0.amenity from property_amenities a1_0 where a1_0.property_id=?
Hibernate: select i1_0.property_id,i1_0.image_name from property_images i1_0 where i1_0.property_id=?
Hibernate: select i1_0.property_id,i1_0.image_name from property_images i1_0 where i1_0.property_id=?
Hibernate: select v1_0.property_id,v1_0.video_name from property_videos v1_0 where v1_0.property_id=?
Hibernate: select v1_0.property_id,v1_0.video_name from property_videos v1_0 where v1_0.property_id=?
Hibernate: select a1_0.property_id,a1_0.amenity from property_amenities a1_0 where a1_0.property_id=?
Hibernate: select a1_0.property_id,a1_0.amenity from property_amenities a1_0 where a1_0.property_id=?
Hibernate: select i1_0.property_id,i1_0.image_name from property_images i1_0 where i1_0.property_id=?
Hibernate: select i1_0.property_id,i1_0.image_name from property_images i1_0 where i1_0.property_id=?
Hibernate: select v1_0.property_id,v1_0.video_name from property_videos v1_0 where v1_0.property_id=?
Hibernate: select u1_0.id,u1_0.bio,u1_0.blocked,u1_0.city,u1_0.email,u1_0.email_verified,u1_0.full_name,u1_0.mobile_number,u1_0.password,u1_0.profile_picture,u1_0.role,u1_0.state,u1_0.username,u1_0.verified from users u1_0 where u1_0.email=?
Hibernate: select v1_0.property_id,v1_0.video_name from property_videos v1_0 where v1_0.property_id=?
Hibernate: select a1_0.property_id,a1_0.amenity from property_amenities a1_0 where a1_0.property_id=?
Hibernate: select a1_0.property_id,a1_0.amenity from property_amenities a1_0 where a1_0.property_id=?
Hibernate: select i1_0.property_id,i1_0.image_name from property_images i1_0 where i1_0.property_id=?
Hibernate: select i1_0.property_id,i1_0.image_name from property_images i1_0 where i1_0.property_id=?
Hibernate: select v1_0.property_id,v1_0.video_name from property_videos v1_0 where v1_0.property_id=?
Hibernate: select v1_0.property_id,v1_0.video_name from property_videos v1_0 where v1_0.property_id=?
Hibernate: select a1_0.property_id,a1_0.amenity from property_amenities a1_0 where a1_0.property_id=?
Hibernate: select a1_0.property_id,a1_0.amenity from property_amenities a1_0 where a1_0.property_id=?
Hibernate: select i1_0.property_id,i1_0.image_name from property_images i1_0 where i1_0.property_id=?
Hibernate: select i1_0.property_id,i1_0.image_name from property_images i1_0 where i1_0.property_id=?
Hibernate: select v1_0.property_id,v1_0.video_name from property_videos v1_0 where v1_0.property_id=?
Hibernate: select v1_0.property_id,v1_0.video_name from property_videos v1_0 where v1_0.property_id=?
Hibernate: select a1_0.property_id,a1_0.amenity from property_amenities a1_0 where a1_0.property_id=?
Hibernate: select a1_0.property_id,a1_0.amenity from property_amenities a1_0 where a1_0.property_id=?
Hibernate: select i1_0.property_id,i1_0.image_name from property_images i1_0 where i1_0.property_id=?
Hibernate: select i1_0.property_id,i1_0.image_name from property_images i1_0 where i1_0.property_id=?
Hibernate: select v1_0.property_id,v1_0.video_name from property_videos v1_0 where v1_0.property_id=?
Hibernate: select v1_0.property_id,v1_0.video_name from property_videos v1_0 where v1_0.property_id=?
Hibernate: select a1_0.property_id,a1_0.amenity from property_amenities a1_0 where a1_0.property_id=?
Hibernate: select a1_0.property_id,a1_0.amenity from property_amenities a1_0 where a1_0.property_id=?
Hibernate: select i1_0.property_id,i1_0.image_name from property_images i1_0 where i1_0.property_id=?
Hibernate: select i1_0.property_id,i1_0.image_name from property_images i1_0 where i1_0.property_id=?
Hibernate: select v1_0.property_id,v1_0.video_name from property_videos v1_0 where v1_0.property_id=?
Hibernate: select v1_0.property_id,v1_0.video_name from property_videos v1_0 where v1_0.property_id=?
Hibernate: select p1_0.id,p1_0.address,p1_0.approved,p1_0.area,p1_0.balconies,p1_0.bathrooms,p1_0.bedrooms,p1_0.carpet_area,p1_0.category,p1_0.city,p1_0.contact_number,p1_0.created_at,p1_0.description,p1_0.featured,p1_0.floor_number,p1_0.latitude,p1_0.location,p1_0.longitude,p1_0.pincode,p1_0.price,p1_0.property_age,p1_0.property_status,p1_0.rejected,p1_0.seller_email,p1_0.seller_username,p1_0.state,p1_0.title,p1_0.total_floors,p1_0.type,p1_0.user_id,p1_0.user_type,p1_0.verified from properties p1_0 where p1_0.type=?
Hibernate: select a1_0.property_id,a1_0.amenity from property_amenities a1_0 where a1_0.property_id=?
Hibernate: select a1_0.property_id,a1_0.amenity from property_amenities a1_0 where a1_0.property_id=?
Hibernate: select i1_0.property_id,i1_0.image_name from property_images i1_0 where i1_0.property_id=?
Hibernate: select v1_0.property_id,v1_0.video_name from property_videos v1_0 where v1_0.property_id=?
Hibernate: select a1_0.property_id,a1_0.amenity from property_amenities a1_0 where a1_0.property_id=?
Hibernate: select u1_0.id,u1_0.bio,u1_0.blocked,u1_0.city,u1_0.email,u1_0.email_verified,u1_0.full_name,u1_0.mobile_number,u1_0.password,u1_0.profile_picture,u1_0.role,u1_0.state,u1_0.username,u1_0.verified from users u1_0 where u1_0.id=?
Hibernate: select i1_0.property_id,i1_0.image_name from property_images i1_0 where i1_0.property_id=?
Hibernate: select v1_0.property_id,v1_0.video_name from property_videos v1_0 where v1_0.property_id=?
Hibernate: select a1_0.property_id,a1_0.amenity from property_amenities a1_0 where a1_0.property_id=?
Hibernate: select i1_0.property_id,i1_0.image_name from property_images i1_0 where i1_0.property_id=?
Hibernate: select v1_0.property_id,v1_0.video_name from property_videos v1_0 where v1_0.property_id=?
Hibernate: select a1_0.property_id,a1_0.amenity from property_amenities a1_0 where a1_0.property_id=?
Hibernate: select i1_0.property_id,i1_0.image_name from property_images i1_0 where i1_0.property_id=?
Hibernate: select v1_0.property_id,v1_0.video_name from property_videos v1_0 where v1_0.property_id=?
Hibernate: select a1_0.property_id,a1_0.amenity from property_amenities a1_0 where a1_0.property_id=?
Hibernate: select i1_0.property_id,i1_0.image_name from property_images i1_0 where i1_0.property_id=?
Hibernate: select v1_0.property_id,v1_0.video_name from property_videos v1_0 where v1_0.property_id=?
Hibernate: select a1_0.property_id,a1_0.amenity from property_amenities a1_0 where a1_0.property_id=?
Hibernate: select i1_0.property_id,i1_0.image_name from property_images i1_0 where i1_0.property_id=?
Hibernate: select v1_0.property_id,v1_0.video_name from property_videos v1_0 where v1_0.property_id=?
Hibernate: select a1_0.property_id,a1_0.amenity from property_amenities a1_0 where a1_0.property_id=?
Hibernate: select i1_0.property_id,i1_0.image_name from property_images i1_0 where i1_0.property_id=?
Hibernate: select v1_0.property_id,v1_0.video_name from property_videos v1_0 where v1_0.property_id=?
Hibernate: select a1_0.property_id,a1_0.amenity from property_amenities a1_0 where a1_0.property_id=?
Hibernate: select i1_0.property_id,i1_0.image_name from property_images i1_0 where i1_0.property_id=?
Hibernate: select v1_0.property_id,v1_0.video_name from property_videos v1_0 where v1_0.property_id=?
Hibernate: select a1_0.property_id,a1_0.amenity from property_amenities a1_0 where a1_0.property_id=?
Hibernate: select i1_0.property_id,i1_0.image_name from property_images i1_0 where i1_0.property_id=?
Hibernate: select v1_0.property_id,v1_0.video_name from property_videos v1_0 where v1_0.property_id=?
Hibernate: select a1_0.property_id,a1_0.amenity from property_amenities a1_0 where a1_0.property_id=?
Hibernate: select i1_0.property_id,i1_0.image_name from property_images i1_0 where i1_0.property_id=?
Hibernate: select v1_0.property_id,v1_0.video_name from property_videos v1_0 where v1_0.property_id=?
Hibernate: select a1_0.property_id,a1_0.amenity from property_amenities a1_0 where a1_0.property_id=?
Hibernate: select i1_0.property_id,i1_0.image_name from property_images i1_0 where i1_0.property_id=?
Hibernate: select v1_0.property_id,v1_0.video_name from property_videos v1_0 where v1_0.property_id=?
Hibernate: select a1_0.property_id,a1_0.amenity from property_amenities a1_0 where a1_0.property_id=?
Hibernate: select i1_0.property_id,i1_0.image_name from property_images i1_0 where i1_0.property_id=?
Hibernate: select v1_0.property_id,v1_0.video_name from property_videos v1_0 where v1_0.property_id=?
Hibernate: select a1_0.property_id,a1_0.amenity from property_amenities a1_0 where a1_0.property_id=?
Hibernate: select i1_0.property_id,i1_0.image_name from property_images i1_0 where i1_0.property_id=?
Hibernate: select v1_0.property_id,v1_0.video_name from property_videos v1_0 where v1_0.property_id=?
Hibernate: select a1_0.property_id,a1_0.amenity from property_amenities a1_0 where a1_0.property_id=?
Hibernate: select i1_0.property_id,i1_0.image_name from property_images i1_0 where i1_0.property_id=?
Hibernate: select v1_0.property_id,v1_0.video_name from property_videos v1_0 where v1_0.property_id=?
Hibernate: select a1_0.property_id,a1_0.amenity from property_amenities a1_0 where a1_0.property_id=?
Hibernate: select i1_0.property_id,i1_0.image_name from property_images i1_0 where i1_0.property_id=?
Hibernate: select v1_0.property_id,v1_0.video_name from property_videos v1_0 where v1_0.property_id=?
Hibernate: select a1_0.property_id,a1_0.amenity from property_amenities a1_0 where a1_0.property_id=?
Hibernate: select i1_0.property_id,i1_0.image_name from property_images i1_0 where i1_0.property_id=?
Hibernate: select v1_0.property_id,v1_0.video_name from property_videos v1_0 where v1_0.property_id=?
Hibernate: select a1_0.property_id,a1_0.amenity from property_amenities a1_0 where a1_0.property_id=?
Hibernate: select i1_0.property_id,i1_0.image_name from property_images i1_0 where i1_0.property_id=?
Hibernate: select v1_0.property_id,v1_0.video_name from property_videos v1_0 where v1_0.property_id=?
Hibernate: select a1_0.property_id,a1_0.amenity from property_amenities a1_0 where a1_0.property_id=?
Hibernate: select i1_0.property_id,i1_0.image_name from property_images i1_0 where i1_0.property_id=?
Hibernate: select v1_0.property_id,v1_0.video_name from property_videos v1_0 where v1_0.property_id=?
Hibernate: select a1_0.property_id,a1_0.amenity from property_amenities a1_0 where a1_0.property_id=?
Hibernate: select i1_0.property_id,i1_0.image_name from property_images i1_0 where i1_0.property_id=?
Hibernate: select v1_0.property_id,v1_0.video_name from property_videos v1_0 where v1_0.property_id=?
Hibernate: select a1_0.property_id,a1_0.amenity from property_amenities a1_0 where a1_0.property_id=?
Hibernate: select i1_0.property_id,i1_0.image_name from property_images i1_0 where i1_0.property_id=?
Hibernate: select v1_0.property_id,v1_0.video_name from property_videos v1_0 where v1_0.property_id=?
Hibernate: select a1_0.property_id,a1_0.amenity from property_amenities a1_0 where a1_0.property_id=?
Hibernate: select i1_0.property_id,i1_0.image_name from property_images i1_0 where i1_0.property_id=?
Hibernate: select v1_0.property_id,v1_0.video_name from property_videos v1_0 where v1_0.property_id=?
Hibernate: select a1_0.property_id,a1_0.amenity from property_amenities a1_0 where a1_0.property_id=?
Hibernate: select i1_0.property_id,i1_0.image_name from property_images i1_0 where i1_0.property_id=?
Hibernate: select v1_0.property_id,v1_0.video_name from property_videos v1_0 where v1_0.property_id=?
Hibernate: select a1_0.property_id,a1_0.amenity from property_amenities a1_0 where a1_0.property_id=?
Hibernate: select i1_0.property_id,i1_0.image_name from property_images i1_0 where i1_0.property_id=?
Hibernate: select v1_0.property_id,v1_0.video_name from property_videos v1_0 where v1_0.property_id=?
Hibernate: select a1_0.property_id,a1_0.amenity from property_amenities a1_0 where a1_0.property_id=?
Hibernate: select i1_0.property_id,i1_0.image_name from property_images i1_0 where i1_0.property_id=?
Hibernate: select v1_0.property_id,v1_0.video_name from property_videos v1_0 where v1_0.property_id=?
Hibernate: select a1_0.property_id,a1_0.amenity from property_amenities a1_0 where a1_0.property_id=?
Hibernate: select i1_0.property_id,i1_0.image_name from property_images i1_0 where i1_0.property_id=?
Hibernate: select v1_0.property_id,v1_0.video_name from property_videos v1_0 where v1_0.property_id=?
Hibernate: select a1_0.property_id,a1_0.amenity from property_amenities a1_0 where a1_0.property_id=?
Hibernate: select i1_0.property_id,i1_0.image_name from property_images i1_0 where i1_0.property_id=?
Hibernate: select v1_0.property_id,v1_0.video_name from property_videos v1_0 where v1_0.property_id=?
Hibernate: select a1_0.property_id,a1_0.amenity from property_amenities a1_0 where a1_0.property_id=?
Hibernate: select i1_0.property_id,i1_0.image_name from property_images i1_0 where i1_0.property_id=?
Hibernate: select v1_0.property_id,v1_0.video_name from property_videos v1_0 where v1_0.property_id=?
Hibernate: select a1_0.property_id,a1_0.amenity from property_amenities a1_0 where a1_0.property_id=?
Hibernate: select i1_0.property_id,i1_0.image_name from property_images i1_0 where i1_0.property_id=?
Hibernate: select v1_0.property_id,v1_0.video_name from property_videos v1_0 where v1_0.property_id=?
Hibernate: select a1_0.property_id,a1_0.amenity from property_amenities a1_0 where a1_0.property_id=?
Hibernate: select i1_0.property_id,i1_0.image_name from property_images i1_0 where i1_0.property_id=?
Hibernate: select v1_0.property_id,v1_0.video_name from property_videos v1_0 where v1_0.property_id=?
Hibernate: select a1_0.property_id,a1_0.amenity from property_amenities a1_0 where a1_0.property_id=?
Hibernate: select i1_0.property_id,i1_0.image_name from property_images i1_0 where i1_0.property_id=?
Hibernate: select v1_0.property_id,v1_0.video_name from property_videos v1_0 where v1_0.property_id=?
Hibernate: select a1_0.property_id,a1_0.amenity from property_amenities a1_0 where a1_0.property_id=?
Hibernate: select i1_0.property_id,i1_0.image_name from property_images i1_0 where i1_0.property_id=?
Hibernate: select v1_0.property_id,v1_0.video_name from property_videos v1_0 where v1_0.property_id=?
Hibernate: select a1_0.property_id,a1_0.amenity from property_amenities a1_0 where a1_0.property_id=?
Hibernate: select i1_0.property_id,i1_0.image_name from property_images i1_0 where i1_0.property_id=?
Hibernate: select v1_0.property_id,v1_0.video_name from property_videos v1_0 where v1_0.property_id=?
Hibernate: select a1_0.property_id,a1_0.amenity from property_amenities a1_0 where a1_0.property_id=?
Hibernate: select i1_0.property_id,i1_0.image_name from property_images i1_0 where i1_0.property_id=?
Hibernate: select v1_0.property_id,v1_0.video_name from property_videos v1_0 where v1_0.property_id=?
Hibernate: select a1_0.property_id,a1_0.amenity from property_amenities a1_0 where a1_0.property_id=?
Hibernate: select i1_0.property_id,i1_0.image_name from property_images i1_0 where i1_0.property_id=?
Hibernate: select v1_0.property_id,v1_0.video_name from property_videos v1_0 where v1_0.property_id=?
Hibernate: select a1_0.property_id,a1_0.amenity from property_amenities a1_0 where a1_0.property_id=?
Hibernate: select i1_0.property_id,i1_0.image_name from property_images i1_0 where i1_0.property_id=?
Hibernate: select v1_0.property_id,v1_0.video_name from property_videos v1_0 where v1_0.property_id=?
Hibernate: select a1_0.property_id,a1_0.amenity from property_amenities a1_0 where a1_0.property_id=?
Hibernate: select i1_0.property_id,i1_0.image_name from property_images i1_0 where i1_0.property_id=?
Hibernate: select v1_0.property_id,v1_0.video_name from property_videos v1_0 where v1_0.property_id=?
Hibernate: select a1_0.property_id,a1_0.amenity from property_amenities a1_0 where a1_0.property_id=?
Hibernate: select u1_0.id,u1_0.bio,u1_0.blocked,u1_0.city,u1_0.email,u1_0.email_verified,u1_0.full_name,u1_0.mobile_number,u1_0.password,u1_0.profile_picture,u1_0.role,u1_0.state,u1_0.username,u1_0.verified from users u1_0 where u1_0.email=?
Hibernate: select u1_0.id,u1_0.bio,u1_0.blocked,u1_0.city,u1_0.email,u1_0.email_verified,u1_0.full_name,u1_0.mobile_number,u1_0.password,u1_0.profile_picture,u1_0.role,u1_0.state,u1_0.username,u1_0.verified from users u1_0 where u1_0.email=?
Hibernate: select p1_0.id,p1_0.address,p1_0.approved,p1_0.area,p1_0.balconies,p1_0.bathrooms,p1_0.bedrooms,p1_0.carpet_area,p1_0.category,p1_0.city,p1_0.contact_number,p1_0.created_at,p1_0.description,p1_0.featured,p1_0.floor_number,p1_0.latitude,p1_0.location,p1_0.longitude,p1_0.pincode,p1_0.price,p1_0.property_age,p1_0.property_status,p1_0.rejected,p1_0.seller_email,p1_0.seller_username,p1_0.state,p1_0.title,p1_0.total_floors,p1_0.type,p1_0.user_id,p1_0.user_type,p1_0.verified from properties p1_0 where p1_0.category=?
Hibernate: select p1_0.id,p1_0.address,p1_0.approved,p1_0.area,p1_0.balconies,p1_0.bathrooms,p1_0.bedrooms,p1_0.carpet_area,p1_0.category,p1_0.city,p1_0.contact_number,p1_0.created_at,p1_0.description,p1_0.featured,p1_0.floor_number,p1_0.latitude,p1_0.location,p1_0.longitude,p1_0.pincode,p1_0.price,p1_0.property_age,p1_0.property_status,p1_0.rejected,p1_0.seller_email,p1_0.seller_username,p1_0.state,p1_0.title,p1_0.total_floors,p1_0.type,p1_0.user_id,p1_0.user_type,p1_0.verified from properties p1_0 where p1_0.type=?
Hibernate: select u1_0.id,u1_0.bio,u1_0.blocked,u1_0.city,u1_0.email,u1_0.email_verified,u1_0.full_name,u1_0.mobile_number,u1_0.password,u1_0.profile_picture,u1_0.role,u1_0.state,u1_0.username,u1_0.verified from users u1_0 where u1_0.id=?
Hibernate: select u1_0.id,u1_0.bio,u1_0.blocked,u1_0.city,u1_0.email,u1_0.email_verified,u1_0.full_name,u1_0.mobile_number,u1_0.password,u1_0.profile_picture,u1_0.role,u1_0.state,u1_0.username,u1_0.verified from users u1_0 where u1_0.id=?
Hibernate: select i1_0.property_id,i1_0.image_name from property_images i1_0 where i1_0.property_id=?
Hibernate: select i1_0.property_id,i1_0.image_name from property_images i1_0 where i1_0.property_id=?
Hibernate: select v1_0.property_id,v1_0.video_name from property_videos v1_0 where v1_0.property_id=?
Hibernate: select v1_0.property_id,v1_0.video_name from property_videos v1_0 where v1_0.property_id=?
Hibernate: select a1_0.property_id,a1_0.amenity from property_amenities a1_0 where a1_0.property_id=?
Hibernate: select a1_0.property_id,a1_0.amenity from property_amenities a1_0 where a1_0.property_id=?
Hibernate: select i1_0.property_id,i1_0.image_name from property_images i1_0 where i1_0.property_id=?
Hibernate: select i1_0.property_id,i1_0.image_name from property_images i1_0 where i1_0.property_id=?
Hibernate: select v1_0.property_id,v1_0.video_name from property_videos v1_0 where v1_0.property_id=?
Hibernate: select v1_0.property_id,v1_0.video_name from property_videos v1_0 where v1_0.property_id=?
Hibernate: select a1_0.property_id,a1_0.amenity from property_amenities a1_0 where a1_0.property_id=?
Hibernate: select a1_0.property_id,a1_0.amenity from property_amenities a1_0 where a1_0.property_id=?
Hibernate: select i1_0.property_id,i1_0.image_name from property_images i1_0 where i1_0.property_id=?
Hibernate: select i1_0.property_id,i1_0.image_name from property_images i1_0 where i1_0.property_id=?
Hibernate: select v1_0.property_id,v1_0.video_name from property_videos v1_0 where v1_0.property_id=?
Hibernate: select v1_0.property_id,v1_0.video_name from property_videos v1_0 where v1_0.property_id=?
Hibernate: select a1_0.property_id,a1_0.amenity from property_amenities a1_0 where a1_0.property_id=?
Hibernate: select a1_0.property_id,a1_0.amenity from property_amenities a1_0 where a1_0.property_id=?
Hibernate: select i1_0.property_id,i1_0.image_name from property_images i1_0 where i1_0.property_id=?
Hibernate: select i1_0.property_id,i1_0.image_name from property_images i1_0 where i1_0.property_id=?
Hibernate: select v1_0.property_id,v1_0.video_name from property_videos v1_0 where v1_0.property_id=?
Hibernate: select v1_0.property_id,v1_0.video_name from property_videos v1_0 where v1_0.property_id=?
Hibernate: select a1_0.property_id,a1_0.amenity from property_amenities a1_0 where a1_0.property_id=?
Hibernate: select a1_0.property_id,a1_0.amenity from property_amenities a1_0 where a1_0.property_id=?
Hibernate: select i1_0.property_id,i1_0.image_name from property_images i1_0 where i1_0.property_id=?
Hibernate: select i1_0.property_id,i1_0.image_name from property_images i1_0 where i1_0.property_id=?
Hibernate: select v1_0.property_id,v1_0.video_name from property_videos v1_0 where v1_0.property_id=?
Hibernate: select v1_0.property_id,v1_0.video_name from property_videos v1_0 where v1_0.property_id=?
Hibernate: select a1_0.property_id,a1_0.amenity from property_amenities a1_0 where a1_0.property_id=?
Hibernate: select a1_0.property_id,a1_0.amenity from property_amenities a1_0 where a1_0.property_id=?
Hibernate: select i1_0.property_id,i1_0.image_name from property_images i1_0 where i1_0.property_id=?
Hibernate: select i1_0.property_id,i1_0.image_name from property_images i1_0 where i1_0.property_id=?
Hibernate: select v1_0.property_id,v1_0.video_name from property_videos v1_0 where v1_0.property_id=?
Hibernate: select v1_0.property_id,v1_0.video_name from property_videos v1_0 where v1_0.property_id=?
Hibernate: select a1_0.property_id,a1_0.amenity from property_amenities a1_0 where a1_0.property_id=?
Hibernate: select a1_0.property_id,a1_0.amenity from property_amenities a1_0 where a1_0.property_id=?
Hibernate: select i1_0.property_id,i1_0.image_name from property_images i1_0 where i1_0.property_id=?
Hibernate: select i1_0.property_id,i1_0.image_name from property_images i1_0 where i1_0.property_id=?
Hibernate: select v1_0.property_id,v1_0.video_name from property_videos v1_0 where v1_0.property_id=?
Hibernate: select v1_0.property_id,v1_0.video_name from property_videos v1_0 where v1_0.property_id=?
Hibernate: select a1_0.property_id,a1_0.amenity from property_amenities a1_0 where a1_0.property_id=?
Hibernate: select a1_0.property_id,a1_0.amenity from property_amenities a1_0 where a1_0.property_id=?
Hibernate: select i1_0.property_id,i1_0.image_name from property_images i1_0 where i1_0.property_id=?
Hibernate: select i1_0.property_id,i1_0.image_name from property_images i1_0 where i1_0.property_id=?
Hibernate: select v1_0.property_id,v1_0.video_name from property_videos v1_0 where v1_0.property_id=?
Hibernate: select v1_0.property_id,v1_0.video_name from property_videos v1_0 where v1_0.property_id=?
Hibernate: select a1_0.property_id,a1_0.amenity from property_amenities a1_0 where a1_0.property_id=?
Hibernate: select a1_0.property_id,a1_0.amenity from property_amenities a1_0 where a1_0.property_id=?
Hibernate: select i1_0.property_id,i1_0.image_name from property_images i1_0 where i1_0.property_id=?
Hibernate: select i1_0.property_id,i1_0.image_name from property_images i1_0 where i1_0.property_id=?
Hibernate: select v1_0.property_id,v1_0.video_name from property_videos v1_0 where v1_0.property_id=?
Hibernate: select v1_0.property_id,v1_0.video_name from property_videos v1_0 where v1_0.property_id=?
Hibernate: select a1_0.property_id,a1_0.amenity from property_amenities a1_0 where a1_0.property_id=?
Hibernate: select a1_0.property_id,a1_0.amenity from property_amenities a1_0 where a1_0.property_id=?
Hibernate: select i1_0.property_id,i1_0.image_name from property_images i1_0 where i1_0.property_id=?
Hibernate: select i1_0.property_id,i1_0.image_name from property_images i1_0 where i1_0.property_id=?
Hibernate: select v1_0.property_id,v1_0.video_name from property_videos v1_0 where v1_0.property_id=?
Hibernate: select v1_0.property_id,v1_0.video_name from property_videos v1_0 where v1_0.property_id=?
Hibernate: select a1_0.property_id,a1_0.amenity from property_amenities a1_0 where a1_0.property_id=?
Hibernate: select a1_0.property_id,a1_0.amenity from property_amenities a1_0 where a1_0.property_id=?
Hibernate: select i1_0.property_id,i1_0.image_name from property_images i1_0 where i1_0.property_id=?
Hibernate: select i1_0.property_id,i1_0.image_name from property_images i1_0 where i1_0.property_id=?
Hibernate: select v1_0.property_id,v1_0.video_name from property_videos v1_0 where v1_0.property_id=?
Hibernate: select v1_0.property_id,v1_0.video_name from property_videos v1_0 where v1_0.property_id=?
Hibernate: select a1_0.property_id,a1_0.amenity from property_amenities a1_0 where a1_0.property_id=?
Hibernate: select a1_0.property_id,a1_0.amenity from property_amenities a1_0 where a1_0.property_id=?
Hibernate: select i1_0.property_id,i1_0.image_name from property_images i1_0 where i1_0.property_id=?
Hibernate: select i1_0.property_id,i1_0.image_name from property_images i1_0 where i1_0.property_id=?
Hibernate: select v1_0.property_id,v1_0.video_name from property_videos v1_0 where v1_0.property_id=?
Hibernate: select v1_0.property_id,v1_0.video_name from property_videos v1_0 where v1_0.property_id=?
Hibernate: select a1_0.property_id,a1_0.amenity from property_amenities a1_0 where a1_0.property_id=?
Hibernate: select a1_0.property_id,a1_0.amenity from property_amenities a1_0 where a1_0.property_id=?
Hibernate: select i1_0.property_id,i1_0.image_name from property_images i1_0 where i1_0.property_id=?
Hibernate: select i1_0.property_id,i1_0.image_name from property_images i1_0 where i1_0.property_id=?
Hibernate: select v1_0.property_id,v1_0.video_name from property_videos v1_0 where v1_0.property_id=?
Hibernate: select v1_0.property_id,v1_0.video_name from property_videos v1_0 where v1_0.property_id=?
Hibernate: select a1_0.property_id,a1_0.amenity from property_amenities a1_0 where a1_0.property_id=?
Hibernate: select a1_0.property_id,a1_0.amenity from property_amenities a1_0 where a1_0.property_id=?
Hibernate: select i1_0.property_id,i1_0.image_name from property_images i1_0 where i1_0.property_id=?
Hibernate: select i1_0.property_id,i1_0.image_name from property_images i1_0 where i1_0.property_id=?
Hibernate: select v1_0.property_id,v1_0.video_name from property_videos v1_0 where v1_0.property_id=?
Hibernate: select v1_0.property_id,v1_0.video_name from property_videos v1_0 where v1_0.property_id=?
Hibernate: select a1_0.property_id,a1_0.amenity from property_amenities a1_0 where a1_0.property_id=?
Hibernate: select a1_0.property_id,a1_0.amenity from property_amenities a1_0 where a1_0.property_id=?
Hibernate: select i1_0.property_id,i1_0.image_name from property_images i1_0 where i1_0.property_id=?
Hibernate: select i1_0.property_id,i1_0.image_name from property_images i1_0 where i1_0.property_id=?
Hibernate: select v1_0.property_id,v1_0.video_name from property_videos v1_0 where v1_0.property_id=?
Hibernate: select v1_0.property_id,v1_0.video_name from property_videos v1_0 where v1_0.property_id=?
Hibernate: select a1_0.property_id,a1_0.amenity from property_amenities a1_0 where a1_0.property_id=?
Hibernate: select a1_0.property_id,a1_0.amenity from property_amenities a1_0 where a1_0.property_id=?
Hibernate: select i1_0.property_id,i1_0.image_name from property_images i1_0 where i1_0.property_id=?
Hibernate: select v1_0.property_id,v1_0.video_name from property_videos v1_0 where v1_0.property_id=?
Hibernate: select a1_0.property_id,a1_0.amenity from property_amenities a1_0 where a1_0.property_id=?
Hibernate: select i1_0.property_id,i1_0.image_name from property_images i1_0 where i1_0.property_id=?
Hibernate: select v1_0.property_id,v1_0.video_name from property_videos v1_0 where v1_0.property_id=?
Hibernate: select a1_0.property_id,a1_0.amenity from property_amenities a1_0 where a1_0.property_id=?
Hibernate: select i1_0.property_id,i1_0.image_name from property_images i1_0 where i1_0.property_id=?
Hibernate: select v1_0.property_id,v1_0.video_name from property_videos v1_0 where v1_0.property_id=?
Hibernate: select a1_0.property_id,a1_0.amenity from property_amenities a1_0 where a1_0.property_id=?
Hibernate: select i1_0.property_id,i1_0.image_name from property_images i1_0 where i1_0.property_id=?
Hibernate: select v1_0.property_id,v1_0.video_name from property_videos v1_0 where v1_0.property_id=?
Hibernate: select a1_0.property_id,a1_0.amenity from property_amenities a1_0 where a1_0.property_id=?
Hibernate: select i1_0.property_id,i1_0.image_name from property_images i1_0 where i1_0.property_id=?
Hibernate: select v1_0.property_id,v1_0.video_name from property_videos v1_0 where v1_0.property_id=?
Hibernate: select a1_0.property_id,a1_0.amenity from property_amenities a1_0 where a1_0.property_id=?
Hibernate: select i1_0.property_id,i1_0.image_name from property_images i1_0 where i1_0.property_id=?
Hibernate: select v1_0.property_id,v1_0.video_name from property_videos v1_0 where v1_0.property_id=?
Hibernate: select a1_0.property_id,a1_0.amenity from property_amenities a1_0 where a1_0.property_id=?
Hibernate: select i1_0.property_id,i1_0.image_name from property_images i1_0 where i1_0.property_id=?
Hibernate: select v1_0.property_id,v1_0.video_name from property_videos v1_0 where v1_0.property_id=?
Hibernate: select a1_0.property_id,a1_0.amenity from property_amenities a1_0 where a1_0.property_id=?
Hibernate: select i1_0.property_id,i1_0.image_name from property_images i1_0 where i1_0.property_id=?
Hibernate: select v1_0.property_id,v1_0.video_name from property_videos v1_0 where v1_0.property_id=?
Hibernate: select a1_0.property_id,a1_0.amenity from property_amenities a1_0 where a1_0.property_id=?
Hibernate: select i1_0.property_id,i1_0.image_name from property_images i1_0 where i1_0.property_id=?
Hibernate: select v1_0.property_id,v1_0.video_name from property_videos v1_0 where v1_0.property_id=?
Hibernate: select a1_0.property_id,a1_0.amenity from property_amenities a1_0 where a1_0.property_id=?
Hibernate: select i1_0.property_id,i1_0.image_name from property_images i1_0 where i1_0.property_id=?
Hibernate: select v1_0.property_id,v1_0.video_name from property_videos v1_0 where v1_0.property_id=?
Hibernate: select a1_0.property_id,a1_0.amenity from property_amenities a1_0 where a1_0.property_id=?
Hibernate: select u1_0.id,u1_0.bio,u1_0.blocked,u1_0.city,u1_0.email,u1_0.email_verified,u1_0.full_name,u1_0.mobile_number,u1_0.password,u1_0.profile_picture,u1_0.role,u1_0.state,u1_0.username,u1_0.verified from users u1_0 where u1_0.email=?
Hibernate: select u1_0.id,u1_0.bio,u1_0.blocked,u1_0.city,u1_0.email,u1_0.email_verified,u1_0.full_name,u1_0.mobile_number,u1_0.password,u1_0.profile_picture,u1_0.role,u1_0.state,u1_0.username,u1_0.verified from users u1_0 where u1_0.email=?
Hibernate: select p1_0.id,p1_0.address,p1_0.approved,p1_0.area,p1_0.balconies,p1_0.bathrooms,p1_0.bedrooms,p1_0.carpet_area,p1_0.category,p1_0.city,p1_0.contact_number,p1_0.created_at,p1_0.description,p1_0.featured,p1_0.floor_number,p1_0.latitude,p1_0.location,p1_0.longitude,p1_0.pincode,p1_0.price,p1_0.property_age,p1_0.property_status,p1_0.rejected,p1_0.seller_email,p1_0.seller_username,p1_0.state,p1_0.title,p1_0.total_floors,p1_0.type,p1_0.user_id,p1_0.user_type,p1_0.verified from properties p1_0 where p1_0.type=?
Hibernate: select p1_0.id,p1_0.address,p1_0.approved,p1_0.area,p1_0.balconies,p1_0.bathrooms,p1_0.bedrooms,p1_0.carpet_area,p1_0.category,p1_0.city,p1_0.contact_number,p1_0.created_at,p1_0.description,p1_0.featured,p1_0.floor_number,p1_0.latitude,p1_0.location,p1_0.longitude,p1_0.pincode,p1_0.price,p1_0.property_age,p1_0.property_status,p1_0.rejected,p1_0.seller_email,p1_0.seller_username,p1_0.state,p1_0.title,p1_0.total_floors,p1_0.type,p1_0.user_id,p1_0.user_type,p1_0.verified from properties p1_0 where p1_0.category=?
Hibernate: select u1_0.id,u1_0.bio,u1_0.blocked,u1_0.city,u1_0.email,u1_0.email_verified,u1_0.full_name,u1_0.mobile_number,u1_0.password,u1_0.profile_picture,u1_0.role,u1_0.state,u1_0.username,u1_0.verified from users u1_0 where u1_0.id=?
Hibernate: select u1_0.id,u1_0.bio,u1_0.blocked,u1_0.city,u1_0.email,u1_0.email_verified,u1_0.full_name,u1_0.mobile_number,u1_0.password,u1_0.profile_picture,u1_0.role,u1_0.state,u1_0.username,u1_0.verified from users u1_0 where u1_0.id=?
Hibernate: select i1_0.property_id,i1_0.image_name from property_images i1_0 where i1_0.property_id=?
Hibernate: select v1_0.property_id,v1_0.video_name from property_videos v1_0 where v1_0.property_id=?
Hibernate: select a1_0.property_id,a1_0.amenity from property_amenities a1_0 where a1_0.property_id=?
Hibernate: select i1_0.property_id,i1_0.image_name from property_images i1_0 where i1_0.property_id=?
Hibernate: select v1_0.property_id,v1_0.video_name from property_videos v1_0 where v1_0.property_id=?
Hibernate: select a1_0.property_id,a1_0.amenity from property_amenities a1_0 where a1_0.property_id=?
Hibernate: select i1_0.property_id,i1_0.image_name from property_images i1_0 where i1_0.property_id=?
Hibernate: select i1_0.property_id,i1_0.image_name from property_images i1_0 where i1_0.property_id=?
Hibernate: select v1_0.property_id,v1_0.video_name from property_videos v1_0 where v1_0.property_id=?
Hibernate: select v1_0.property_id,v1_0.video_name from property_videos v1_0 where v1_0.property_id=?
Hibernate: select a1_0.property_id,a1_0.amenity from property_amenities a1_0 where a1_0.property_id=?
Hibernate: select a1_0.property_id,a1_0.amenity from property_amenities a1_0 where a1_0.property_id=?
Hibernate: select i1_0.property_id,i1_0.image_name from property_images i1_0 where i1_0.property_id=?
Hibernate: select i1_0.property_id,i1_0.image_name from property_images i1_0 where i1_0.property_id=?
Hibernate: select v1_0.property_id,v1_0.video_name from property_videos v1_0 where v1_0.property_id=?
Hibernate: select v1_0.property_id,v1_0.video_name from property_videos v1_0 where v1_0.property_id=?
Hibernate: select a1_0.property_id,a1_0.amenity from property_amenities a1_0 where a1_0.property_id=?
Hibernate: select a1_0.property_id,a1_0.amenity from property_amenities a1_0 where a1_0.property_id=?
Hibernate: select i1_0.property_id,i1_0.image_name from property_images i1_0 where i1_0.property_id=?
Hibernate: select i1_0.property_id,i1_0.image_name from property_images i1_0 where i1_0.property_id=?
Hibernate: select v1_0.property_id,v1_0.video_name from property_videos v1_0 where v1_0.property_id=?
Hibernate: select v1_0.property_id,v1_0.video_name from property_videos v1_0 where v1_0.property_id=?
Hibernate: select a1_0.property_id,a1_0.amenity from property_amenities a1_0 where a1_0.property_id=?
Hibernate: select a1_0.property_id,a1_0.amenity from property_amenities a1_0 where a1_0.property_id=?
Hibernate: select i1_0.property_id,i1_0.image_name from property_images i1_0 where i1_0.property_id=?
Hibernate: select v1_0.property_id,v1_0.video_name from property_videos v1_0 where v1_0.property_id=?
Hibernate: select i1_0.property_id,i1_0.image_name from property_images i1_0 where i1_0.property_id=?
Hibernate: select a1_0.property_id,a1_0.amenity from property_amenities a1_0 where a1_0.property_id=?
Hibernate: select v1_0.property_id,v1_0.video_name from property_videos v1_0 where v1_0.property_id=?
Hibernate: select i1_0.property_id,i1_0.image_name from property_images i1_0 where i1_0.property_id=?
Hibernate: select a1_0.property_id,a1_0.amenity from property_amenities a1_0 where a1_0.property_id=?
Hibernate: select v1_0.property_id,v1_0.video_name from property_videos v1_0 where v1_0.property_id=?
Hibernate: select i1_0.property_id,i1_0.image_name from property_images i1_0 where i1_0.property_id=?
Hibernate: select a1_0.property_id,a1_0.amenity from property_amenities a1_0 where a1_0.property_id=?
Hibernate: select v1_0.property_id,v1_0.video_name from property_videos v1_0 where v1_0.property_id=?
Hibernate: select i1_0.property_id,i1_0.image_name from property_images i1_0 where i1_0.property_id=?
Hibernate: select a1_0.property_id,a1_0.amenity from property_amenities a1_0 where a1_0.property_id=?
Hibernate: select v1_0.property_id,v1_0.video_name from property_videos v1_0 where v1_0.property_id=?
Hibernate: select i1_0.property_id,i1_0.image_name from property_images i1_0 where i1_0.property_id=?
Hibernate: select a1_0.property_id,a1_0.amenity from property_amenities a1_0 where a1_0.property_id=?
Hibernate: select v1_0.property_id,v1_0.video_name from property_videos v1_0 where v1_0.property_id=?
Hibernate: select a1_0.property_id,a1_0.amenity from property_amenities a1_0 where a1_0.property_id=?
Hibernate: select i1_0.property_id,i1_0.image_name from property_images i1_0 where i1_0.property_id=?
Hibernate: select v1_0.property_id,v1_0.video_name from property_videos v1_0 where v1_0.property_id=?
Hibernate: select i1_0.property_id,i1_0.image_name from property_images i1_0 where i1_0.property_id=?
Hibernate: select a1_0.property_id,a1_0.amenity from property_amenities a1_0 where a1_0.property_id=?
Hibernate: select v1_0.property_id,v1_0.video_name from property_videos v1_0 where v1_0.property_id=?
Hibernate: select a1_0.property_id,a1_0.amenity from property_amenities a1_0 where a1_0.property_id=?
Hibernate: select i1_0.property_id,i1_0.image_name from property_images i1_0 where i1_0.property_id=?
Hibernate: select v1_0.property_id,v1_0.video_name from property_videos v1_0 where v1_0.property_id=?
Hibernate: select i1_0.property_id,i1_0.image_name from property_images i1_0 where i1_0.property_id=?
Hibernate: select v1_0.property_id,v1_0.video_name from property_videos v1_0 where v1_0.property_id=?
Hibernate: select a1_0.property_id,a1_0.amenity from property_amenities a1_0 where a1_0.property_id=?
Hibernate: select a1_0.property_id,a1_0.amenity from property_amenities a1_0 where a1_0.property_id=?
Hibernate: select i1_0.property_id,i1_0.image_name from property_images i1_0 where i1_0.property_id=?
Hibernate: select i1_0.property_id,i1_0.image_name from property_images i1_0 where i1_0.property_id=?
Hibernate: select v1_0.property_id,v1_0.video_name from property_videos v1_0 where v1_0.property_id=?
Hibernate: select v1_0.property_id,v1_0.video_name from property_videos v1_0 where v1_0.property_id=?
Hibernate: select a1_0.property_id,a1_0.amenity from property_amenities a1_0 where a1_0.property_id=?
Hibernate: select a1_0.property_id,a1_0.amenity from property_amenities a1_0 where a1_0.property_id=?
Hibernate: select i1_0.property_id,i1_0.image_name from property_images i1_0 where i1_0.property_id=?
Hibernate: select i1_0.property_id,i1_0.image_name from property_images i1_0 where i1_0.property_id=?
Hibernate: select v1_0.property_id,v1_0.video_name from property_videos v1_0 where v1_0.property_id=?
Hibernate: select v1_0.property_id,v1_0.video_name from property_videos v1_0 where v1_0.property_id=?
Hibernate: select a1_0.property_id,a1_0.amenity from property_amenities a1_0 where a1_0.property_id=?
Hibernate: select a1_0.property_id,a1_0.amenity from property_amenities a1_0 where a1_0.property_id=?
Hibernate: select i1_0.property_id,i1_0.image_name from property_images i1_0 where i1_0.property_id=?
Hibernate: select i1_0.property_id,i1_0.image_name from property_images i1_0 where i1_0.property_id=?
Hibernate: select v1_0.property_id,v1_0.video_name from property_videos v1_0 where v1_0.property_id=?
Hibernate: select v1_0.property_id,v1_0.video_name from property_videos v1_0 where v1_0.property_id=?
Hibernate: select a1_0.property_id,a1_0.amenity from property_amenities a1_0 where a1_0.property_id=?
Hibernate: select a1_0.property_id,a1_0.amenity from property_amenities a1_0 where a1_0.property_id=?
Hibernate: select i1_0.property_id,i1_0.image_name from property_images i1_0 where i1_0.property_id=?
Hibernate: select i1_0.property_id,i1_0.image_name from property_images i1_0 where i1_0.property_id=?
Hibernate: select v1_0.property_id,v1_0.video_name from property_videos v1_0 where v1_0.property_id=?
Hibernate: select v1_0.property_id,v1_0.video_name from property_videos v1_0 where v1_0.property_id=?
Hibernate: select a1_0.property_id,a1_0.amenity from property_amenities a1_0 where a1_0.property_id=?
Hibernate: select a1_0.property_id,a1_0.amenity from property_amenities a1_0 where a1_0.property_id=?
Hibernate: select i1_0.property_id,i1_0.image_name from property_images i1_0 where i1_0.property_id=?
Hibernate: select i1_0.property_id,i1_0.image_name from property_images i1_0 where i1_0.property_id=?
Hibernate: select v1_0.property_id,v1_0.video_name from property_videos v1_0 where v1_0.property_id=?
Hibernate: select v1_0.property_id,v1_0.video_name from property_videos v1_0 where v1_0.property_id=?
Hibernate: select a1_0.property_id,a1_0.amenity from property_amenities a1_0 where a1_0.property_id=?
Hibernate: select a1_0.property_id,a1_0.amenity from property_amenities a1_0 where a1_0.property_id=?
Hibernate: select i1_0.property_id,i1_0.image_name from property_images i1_0 where i1_0.property_id=?
Hibernate: select v1_0.property_id,v1_0.video_name from property_videos v1_0 where v1_0.property_id=?
Hibernate: select a1_0.property_id,a1_0.amenity from property_amenities a1_0 where a1_0.property_id=?
Hibernate: select i1_0.property_id,i1_0.image_name from property_images i1_0 where i1_0.property_id=?
Hibernate: select v1_0.property_id,v1_0.video_name from property_videos v1_0 where v1_0.property_id=?
Hibernate: select a1_0.property_id,a1_0.amenity from property_amenities a1_0 where a1_0.property_id=?
Hibernate: select i1_0.property_id,i1_0.image_name from property_images i1_0 where i1_0.property_id=?
Hibernate: select v1_0.property_id,v1_0.video_name from property_videos v1_0 where v1_0.property_id=?
Hibernate: select a1_0.property_id,a1_0.amenity from property_amenities a1_0 where a1_0.property_id=?
Hibernate: select i1_0.property_id,i1_0.image_name from property_images i1_0 where i1_0.property_id=?
Hibernate: select v1_0.property_id,v1_0.video_name from property_videos v1_0 where v1_0.property_id=?
Hibernate: select a1_0.property_id,a1_0.amenity from property_amenities a1_0 where a1_0.property_id=?
Hibernate: select i1_0.property_id,i1_0.image_name from property_images i1_0 where i1_0.property_id=?
Hibernate: select v1_0.property_id,v1_0.video_name from property_videos v1_0 where v1_0.property_id=?
Hibernate: select a1_0.property_id,a1_0.amenity from property_amenities a1_0 where a1_0.property_id=?
Hibernate: select i1_0.property_id,i1_0.image_name from property_images i1_0 where i1_0.property_id=?
Hibernate: select v1_0.property_id,v1_0.video_name from property_videos v1_0 where v1_0.property_id=?
Hibernate: select a1_0.property_id,a1_0.amenity from property_amenities a1_0 where a1_0.property_id=?
Hibernate: select i1_0.property_id,i1_0.image_name from property_images i1_0 where i1_0.property_id=?
Hibernate: select v1_0.property_id,v1_0.video_name from property_videos v1_0 where v1_0.property_id=?
Hibernate: select a1_0.property_id,a1_0.amenity from property_amenities a1_0 where a1_0.property_id=?
Hibernate: select i1_0.property_id,i1_0.image_name from property_images i1_0 where i1_0.property_id=?
Hibernate: select v1_0.property_id,v1_0.video_name from property_videos v1_0 where v1_0.property_id=?
Hibernate: select a1_0.property_id,a1_0.amenity from property_amenities a1_0 where a1_0.property_id=?
Hibernate: select i1_0.property_id,i1_0.image_name from property_images i1_0 where i1_0.property_id=?
Hibernate: select v1_0.property_id,v1_0.video_name from property_videos v1_0 where v1_0.property_id=?
Hibernate: select a1_0.property_id,a1_0.amenity from property_amenities a1_0 where a1_0.property_id=?
Hibernate: select i1_0.property_id,i1_0.image_name from property_images i1_0 where i1_0.property_id=?
Hibernate: select v1_0.property_id,v1_0.video_name from property_videos v1_0 where v1_0.property_id=?
Hibernate: select a1_0.property_id,a1_0.amenity from property_amenities a1_0 where a1_0.property_id=?
Hibernate: select i1_0.property_id,i1_0.image_name from property_images i1_0 where i1_0.property_id=?
Hibernate: select v1_0.property_id,v1_0.video_name from property_videos v1_0 where v1_0.property_id=?
Hibernate: select a1_0.property_id,a1_0.amenity from property_amenities a1_0 where a1_0.property_id=?
Hibernate: select i1_0.property_id,i1_0.image_name from property_images i1_0 where i1_0.property_id=?
Hibernate: select v1_0.property_id,v1_0.video_name from property_videos v1_0 where v1_0.property_id=?
Hibernate: select a1_0.property_id,a1_0.amenity from property_amenities a1_0 where a1_0.property_id=?
Hibernate: select i1_0.property_id,i1_0.image_name from property_images i1_0 where i1_0.property_id=?
Hibernate: select v1_0.property_id,v1_0.video_name from property_videos v1_0 where v1_0.property_id=?
Hibernate: select a1_0.property_id,a1_0.amenity from property_amenities a1_0 where a1_0.property_id=?
Hibernate: select i1_0.property_id,i1_0.image_name from property_images i1_0 where i1_0.property_id=?
Hibernate: select v1_0.property_id,v1_0.video_name from property_videos v1_0 where v1_0.property_id=?
Hibernate: select a1_0.property_id,a1_0.amenity from property_amenities a1_0 where a1_0.property_id=?
Hibernate: select i1_0.property_id,i1_0.image_name from property_images i1_0 where i1_0.property_id=?
Hibernate: select v1_0.property_id,v1_0.video_name from property_videos v1_0 where v1_0.property_id=?
Hibernate: select a1_0.property_id,a1_0.amenity from property_amenities a1_0 where a1_0.property_id=?
Hibernate: select i1_0.property_id,i1_0.image_name from property_images i1_0 where i1_0.property_id=?
Hibernate: select v1_0.property_id,v1_0.video_name from property_videos v1_0 where v1_0.property_id=?
Hibernate: select a1_0.property_id,a1_0.amenity from property_amenities a1_0 where a1_0.property_id=?
Hibernate: select i1_0.property_id,i1_0.image_name from property_images i1_0 where i1_0.property_id=?
Hibernate: select v1_0.property_id,v1_0.video_name from property_videos v1_0 where v1_0.property_id=?
Hibernate: select a1_0.property_id,a1_0.amenity from property_amenities a1_0 where a1_0.property_id=?
Hibernate: select i1_0.property_id,i1_0.image_name from property_images i1_0 where i1_0.property_id=?
Hibernate: select v1_0.property_id,v1_0.video_name from property_videos v1_0 where v1_0.property_id=?
Hibernate: select a1_0.property_id,a1_0.amenity from property_amenities a1_0 where a1_0.property_id=?
Hibernate: select i1_0.property_id,i1_0.image_name from property_images i1_0 where i1_0.property_id=?
Hibernate: select v1_0.property_id,v1_0.video_name from property_videos v1_0 where v1_0.property_id=?
Hibernate: select a1_0.property_id,a1_0.amenity from property_amenities a1_0 where a1_0.property_id=?
Hibernate: select i1_0.property_id,i1_0.image_name from property_images i1_0 where i1_0.property_id=?
Hibernate: select v1_0.property_id,v1_0.video_name from property_videos v1_0 where v1_0.property_id=?
Hibernate: select a1_0.property_id,a1_0.amenity from property_amenities a1_0 where a1_0.property_id=?
Hibernate: select i1_0.property_id,i1_0.image_name from property_images i1_0 where i1_0.property_id=?
Hibernate: select v1_0.property_id,v1_0.video_name from property_videos v1_0 where v1_0.property_id=?
Hibernate: select a1_0.property_id,a1_0.amenity from property_amenities a1_0 where a1_0.property_id=?
Hibernate: select i1_0.property_id,i1_0.image_name from property_images i1_0 where i1_0.property_id=?
Hibernate: select v1_0.property_id,v1_0.video_name from property_videos v1_0 where v1_0.property_id=?
Hibernate: select a1_0.property_id,a1_0.amenity from property_amenities a1_0 where a1_0.property_id=?
2026-03-02T12:05:45.602+05:30  INFO 42475 --- [nio-8080-exec-2] c.r.o.controller.PropertyController      : Serving image file: 1772371800370_1.avif from /Users/ompatel/sdp/Online-RealEstate-System/Online-Real-Estate-System-main/uploads/1772371800370_1.avif
Hibernate: select u1_0.id,u1_0.bio,u1_0.blocked,u1_0.city,u1_0.email,u1_0.email_verified,u1_0.full_name,u1_0.mobile_number,u1_0.password,u1_0.profile_picture,u1_0.role,u1_0.state,u1_0.username,u1_0.verified from users u1_0 where u1_0.email=?
Hibernate: select u1_0.id,u1_0.bio,u1_0.blocked,u1_0.city,u1_0.email,u1_0.email_verified,u1_0.full_name,u1_0.mobile_number,u1_0.password,u1_0.profile_picture,u1_0.role,u1_0.state,u1_0.username,u1_0.verified from users u1_0 where u1_0.email=?
Hibernate: select p1_0.id,p1_0.address,p1_0.approved,p1_0.area,p1_0.balconies,p1_0.bathrooms,p1_0.bedrooms,p1_0.carpet_area,p1_0.category,p1_0.city,p1_0.contact_number,p1_0.created_at,p1_0.description,p1_0.featured,p1_0.floor_number,p1_0.latitude,p1_0.location,p1_0.longitude,p1_0.pincode,p1_0.price,p1_0.property_age,p1_0.property_status,p1_0.rejected,p1_0.seller_email,p1_0.seller_username,p1_0.state,p1_0.title,p1_0.total_floors,p1_0.type,p1_0.user_id,p1_0.user_type,p1_0.verified from properties p1_0 where p1_0.type=?
Hibernate: select u1_0.id,u1_0.bio,u1_0.blocked,u1_0.city,u1_0.email,u1_0.email_verified,u1_0.full_name,u1_0.mobile_number,u1_0.password,u1_0.profile_picture,u1_0.role,u1_0.state,u1_0.username,u1_0.verified from users u1_0 where u1_0.id=?
Hibernate: select i1_0.property_id,i1_0.image_name from property_images i1_0 where i1_0.property_id=?
Hibernate: select p1_0.id,p1_0.address,p1_0.approved,p1_0.area,p1_0.balconies,p1_0.bathrooms,p1_0.bedrooms,p1_0.carpet_area,p1_0.category,p1_0.city,p1_0.contact_number,p1_0.created_at,p1_0.description,p1_0.featured,p1_0.floor_number,p1_0.latitude,p1_0.location,p1_0.longitude,p1_0.pincode,p1_0.price,p1_0.property_age,p1_0.property_status,p1_0.rejected,p1_0.seller_email,p1_0.seller_username,p1_0.state,p1_0.title,p1_0.total_floors,p1_0.type,p1_0.user_id,p1_0.user_type,p1_0.verified from properties p1_0 where p1_0.type=?
Hibernate: select v1_0.property_id,v1_0.video_name from property_videos v1_0 where v1_0.property_id=?
Hibernate: select a1_0.property_id,a1_0.amenity from property_amenities a1_0 where a1_0.property_id=?
Hibernate: select i1_0.property_id,i1_0.image_name from property_images i1_0 where i1_0.property_id=?
Hibernate: select v1_0.property_id,v1_0.video_name from property_videos v1_0 where v1_0.property_id=?
Hibernate: select a1_0.property_id,a1_0.amenity from property_amenities a1_0 where a1_0.property_id=?
Hibernate: select i1_0.property_id,i1_0.image_name from property_images i1_0 where i1_0.property_id=?
Hibernate: select u1_0.id,u1_0.bio,u1_0.blocked,u1_0.city,u1_0.email,u1_0.email_verified,u1_0.full_name,u1_0.mobile_number,u1_0.password,u1_0.profile_picture,u1_0.role,u1_0.state,u1_0.username,u1_0.verified from users u1_0 where u1_0.id=?
Hibernate: select v1_0.property_id,v1_0.video_name from property_videos v1_0 where v1_0.property_id=?
Hibernate: select a1_0.property_id,a1_0.amenity from property_amenities a1_0 where a1_0.property_id=?
Hibernate: select i1_0.property_id,i1_0.image_name from property_images i1_0 where i1_0.property_id=?
Hibernate: select v1_0.property_id,v1_0.video_name from property_videos v1_0 where v1_0.property_id=?
Hibernate: select a1_0.property_id,a1_0.amenity from property_amenities a1_0 where a1_0.property_id=?
Hibernate: select i1_0.property_id,i1_0.image_name from property_images i1_0 where i1_0.property_id=?
Hibernate: select v1_0.property_id,v1_0.video_name from property_videos v1_0 where v1_0.property_id=?
Hibernate: select a1_0.property_id,a1_0.amenity from property_amenities a1_0 where a1_0.property_id=?
Hibernate: select i1_0.property_id,i1_0.image_name from property_images i1_0 where i1_0.property_id=?
Hibernate: select v1_0.property_id,v1_0.video_name from property_videos v1_0 where v1_0.property_id=?
Hibernate: select a1_0.property_id,a1_0.amenity from property_amenities a1_0 where a1_0.property_id=?
Hibernate: select i1_0.property_id,i1_0.image_name from property_images i1_0 where i1_0.property_id=?
Hibernate: select i1_0.property_id,i1_0.image_name from property_images i1_0 where i1_0.property_id=?
Hibernate: select v1_0.property_id,v1_0.video_name from property_videos v1_0 where v1_0.property_id=?
Hibernate: select v1_0.property_id,v1_0.video_name from property_videos v1_0 where v1_0.property_id=?
Hibernate: select a1_0.property_id,a1_0.amenity from property_amenities a1_0 where a1_0.property_id=?
Hibernate: select a1_0.property_id,a1_0.amenity from property_amenities a1_0 where a1_0.property_id=?
Hibernate: select i1_0.property_id,i1_0.image_name from property_images i1_0 where i1_0.property_id=?
Hibernate: select i1_0.property_id,i1_0.image_name from property_images i1_0 where i1_0.property_id=?
Hibernate: select v1_0.property_id,v1_0.video_name from property_videos v1_0 where v1_0.property_id=?
Hibernate: select v1_0.property_id,v1_0.video_name from property_videos v1_0 where v1_0.property_id=?
Hibernate: select a1_0.property_id,a1_0.amenity from property_amenities a1_0 where a1_0.property_id=?
Hibernate: select a1_0.property_id,a1_0.amenity from property_amenities a1_0 where a1_0.property_id=?
Hibernate: select i1_0.property_id,i1_0.image_name from property_images i1_0 where i1_0.property_id=?
Hibernate: select i1_0.property_id,i1_0.image_name from property_images i1_0 where i1_0.property_id=?
Hibernate: select v1_0.property_id,v1_0.video_name from property_videos v1_0 where v1_0.property_id=?
Hibernate: select v1_0.property_id,v1_0.video_name from property_videos v1_0 where v1_0.property_id=?
Hibernate: select a1_0.property_id,a1_0.amenity from property_amenities a1_0 where a1_0.property_id=?
Hibernate: select a1_0.property_id,a1_0.amenity from property_amenities a1_0 where a1_0.property_id=?
Hibernate: select i1_0.property_id,i1_0.image_name from property_images i1_0 where i1_0.property_id=?
Hibernate: select i1_0.property_id,i1_0.image_name from property_images i1_0 where i1_0.property_id=?
Hibernate: select v1_0.property_id,v1_0.video_name from property_videos v1_0 where v1_0.property_id=?
Hibernate: select v1_0.property_id,v1_0.video_name from property_videos v1_0 where v1_0.property_id=?
Hibernate: select a1_0.property_id,a1_0.amenity from property_amenities a1_0 where a1_0.property_id=?
Hibernate: select a1_0.property_id,a1_0.amenity from property_amenities a1_0 where a1_0.property_id=?
Hibernate: select i1_0.property_id,i1_0.image_name from property_images i1_0 where i1_0.property_id=?
Hibernate: select i1_0.property_id,i1_0.image_name from property_images i1_0 where i1_0.property_id=?
Hibernate: select v1_0.property_id,v1_0.video_name from property_videos v1_0 where v1_0.property_id=?
Hibernate: select v1_0.property_id,v1_0.video_name from property_videos v1_0 where v1_0.property_id=?
Hibernate: select a1_0.property_id,a1_0.amenity from property_amenities a1_0 where a1_0.property_id=?
Hibernate: select a1_0.property_id,a1_0.amenity from property_amenities a1_0 where a1_0.property_id=?
Hibernate: select i1_0.property_id,i1_0.image_name from property_images i1_0 where i1_0.property_id=?
Hibernate: select i1_0.property_id,i1_0.image_name from property_images i1_0 where i1_0.property_id=?
Hibernate: select v1_0.property_id,v1_0.video_name from property_videos v1_0 where v1_0.property_id=?
Hibernate: select v1_0.property_id,v1_0.video_name from property_videos v1_0 where v1_0.property_id=?
Hibernate: select a1_0.property_id,a1_0.amenity from property_amenities a1_0 where a1_0.property_id=?
Hibernate: select a1_0.property_id,a1_0.amenity from property_amenities a1_0 where a1_0.property_id=?
Hibernate: select i1_0.property_id,i1_0.image_name from property_images i1_0 where i1_0.property_id=?
Hibernate: select i1_0.property_id,i1_0.image_name from property_images i1_0 where i1_0.property_id=?
Hibernate: select v1_0.property_id,v1_0.video_name from property_videos v1_0 where v1_0.property_id=?
Hibernate: select v1_0.property_id,v1_0.video_name from property_videos v1_0 where v1_0.property_id=?
Hibernate: select a1_0.property_id,a1_0.amenity from property_amenities a1_0 where a1_0.property_id=?
Hibernate: select a1_0.property_id,a1_0.amenity from property_amenities a1_0 where a1_0.property_id=?
Hibernate: select i1_0.property_id,i1_0.image_name from property_images i1_0 where i1_0.property_id=?
Hibernate: select i1_0.property_id,i1_0.image_name from property_images i1_0 where i1_0.property_id=?
Hibernate: select v1_0.property_id,v1_0.video_name from property_videos v1_0 where v1_0.property_id=?
Hibernate: select v1_0.property_id,v1_0.video_name from property_videos v1_0 where v1_0.property_id=?
Hibernate: select a1_0.property_id,a1_0.amenity from property_amenities a1_0 where a1_0.property_id=?
Hibernate: select a1_0.property_id,a1_0.amenity from property_amenities a1_0 where a1_0.property_id=?
Hibernate: select i1_0.property_id,i1_0.image_name from property_images i1_0 where i1_0.property_id=?
Hibernate: select v1_0.property_id,v1_0.video_name from property_videos v1_0 where v1_0.property_id=?
Hibernate: select i1_0.property_id,i1_0.image_name from property_images i1_0 where i1_0.property_id=?
Hibernate: select a1_0.property_id,a1_0.amenity from property_amenities a1_0 where a1_0.property_id=?
Hibernate: select v1_0.property_id,v1_0.video_name from property_videos v1_0 where v1_0.property_id=?
Hibernate: select i1_0.property_id,i1_0.image_name from property_images i1_0 where i1_0.property_id=?
Hibernate: select a1_0.property_id,a1_0.amenity from property_amenities a1_0 where a1_0.property_id=?
Hibernate: select v1_0.property_id,v1_0.video_name from property_videos v1_0 where v1_0.property_id=?
Hibernate: select i1_0.property_id,i1_0.image_name from property_images i1_0 where i1_0.property_id=?
Hibernate: select a1_0.property_id,a1_0.amenity from property_amenities a1_0 where a1_0.property_id=?
Hibernate: select v1_0.property_id,v1_0.video_name from property_videos v1_0 where v1_0.property_id=?
Hibernate: select i1_0.property_id,i1_0.image_name from property_images i1_0 where i1_0.property_id=?
Hibernate: select a1_0.property_id,a1_0.amenity from property_amenities a1_0 where a1_0.property_id=?
Hibernate: select v1_0.property_id,v1_0.video_name from property_videos v1_0 where v1_0.property_id=?
Hibernate: select i1_0.property_id,i1_0.image_name from property_images i1_0 where i1_0.property_id=?
Hibernate: select a1_0.property_id,a1_0.amenity from property_amenities a1_0 where a1_0.property_id=?
Hibernate: select v1_0.property_id,v1_0.video_name from property_videos v1_0 where v1_0.property_id=?
Hibernate: select a1_0.property_id,a1_0.amenity from property_amenities a1_0 where a1_0.property_id=?
Hibernate: select i1_0.property_id,i1_0.image_name from property_images i1_0 where i1_0.property_id=?
Hibernate: select v1_0.property_id,v1_0.video_name from property_videos v1_0 where v1_0.property_id=?
Hibernate: select i1_0.property_id,i1_0.image_name from property_images i1_0 where i1_0.property_id=?
Hibernate: select v1_0.property_id,v1_0.video_name from property_videos v1_0 where v1_0.property_id=?
Hibernate: select a1_0.property_id,a1_0.amenity from property_amenities a1_0 where a1_0.property_id=?
Hibernate: select a1_0.property_id,a1_0.amenity from property_amenities a1_0 where a1_0.property_id=?
Hibernate: select i1_0.property_id,i1_0.image_name from property_images i1_0 where i1_0.property_id=?
Hibernate: select i1_0.property_id,i1_0.image_name from property_images i1_0 where i1_0.property_id=?
Hibernate: select v1_0.property_id,v1_0.video_name from property_videos v1_0 where v1_0.property_id=?
Hibernate: select a1_0.property_id,a1_0.amenity from property_amenities a1_0 where a1_0.property_id=?
Hibernate: select v1_0.property_id,v1_0.video_name from property_videos v1_0 where v1_0.property_id=?
Hibernate: select i1_0.property_id,i1_0.image_name from property_images i1_0 where i1_0.property_id=?
Hibernate: select a1_0.property_id,a1_0.amenity from property_amenities a1_0 where a1_0.property_id=?
Hibernate: select v1_0.property_id,v1_0.video_name from property_videos v1_0 where v1_0.property_id=?
Hibernate: select a1_0.property_id,a1_0.amenity from property_amenities a1_0 where a1_0.property_id=?
Hibernate: select i1_0.property_id,i1_0.image_name from property_images i1_0 where i1_0.property_id=?
Hibernate: select v1_0.property_id,v1_0.video_name from property_videos v1_0 where v1_0.property_id=?
Hibernate: select i1_0.property_id,i1_0.image_name from property_images i1_0 where i1_0.property_id=?
Hibernate: select a1_0.property_id,a1_0.amenity from property_amenities a1_0 where a1_0.property_id=?
Hibernate: select v1_0.property_id,v1_0.video_name from property_videos v1_0 where v1_0.property_id=?
Hibernate: select a1_0.property_id,a1_0.amenity from property_amenities a1_0 where a1_0.property_id=?
Hibernate: select i1_0.property_id,i1_0.image_name from property_images i1_0 where i1_0.property_id=?
Hibernate: select i1_0.property_id,i1_0.image_name from property_images i1_0 where i1_0.property_id=?
Hibernate: select v1_0.property_id,v1_0.video_name from property_videos v1_0 where v1_0.property_id=?
Hibernate: select a1_0.property_id,a1_0.amenity from property_amenities a1_0 where a1_0.property_id=?
Hibernate: select v1_0.property_id,v1_0.video_name from property_videos v1_0 where v1_0.property_id=?
Hibernate: select a1_0.property_id,a1_0.amenity from property_amenities a1_0 where a1_0.property_id=?
Hibernate: select i1_0.property_id,i1_0.image_name from property_images i1_0 where i1_0.property_id=?
Hibernate: select i1_0.property_id,i1_0.image_name from property_images i1_0 where i1_0.property_id=?
Hibernate: select v1_0.property_id,v1_0.video_name from property_videos v1_0 where v1_0.property_id=?
Hibernate: select v1_0.property_id,v1_0.video_name from property_videos v1_0 where v1_0.property_id=?
Hibernate: select a1_0.property_id,a1_0.amenity from property_amenities a1_0 where a1_0.property_id=?
Hibernate: select a1_0.property_id,a1_0.amenity from property_amenities a1_0 where a1_0.property_id=?
Hibernate: select i1_0.property_id,i1_0.image_name from property_images i1_0 where i1_0.property_id=?
Hibernate: select v1_0.property_id,v1_0.video_name from property_videos v1_0 where v1_0.property_id=?
Hibernate: select a1_0.property_id,a1_0.amenity from property_amenities a1_0 where a1_0.property_id=?
Hibernate: select i1_0.property_id,i1_0.image_name from property_images i1_0 where i1_0.property_id=?
Hibernate: select i1_0.property_id,i1_0.image_name from property_images i1_0 where i1_0.property_id=?
Hibernate: select v1_0.property_id,v1_0.video_name from property_videos v1_0 where v1_0.property_id=?
Hibernate: select v1_0.property_id,v1_0.video_name from property_videos v1_0 where v1_0.property_id=?
Hibernate: select a1_0.property_id,a1_0.amenity from property_amenities a1_0 where a1_0.property_id=?
Hibernate: select a1_0.property_id,a1_0.amenity from property_amenities a1_0 where a1_0.property_id=?
Hibernate: select i1_0.property_id,i1_0.image_name from property_images i1_0 where i1_0.property_id=?
Hibernate: select v1_0.property_id,v1_0.video_name from property_videos v1_0 where v1_0.property_id=?
Hibernate: select i1_0.property_id,i1_0.image_name from property_images i1_0 where i1_0.property_id=?
Hibernate: select a1_0.property_id,a1_0.amenity from property_amenities a1_0 where a1_0.property_id=?
Hibernate: select v1_0.property_id,v1_0.video_name from property_videos v1_0 where v1_0.property_id=?
Hibernate: select a1_0.property_id,a1_0.amenity from property_amenities a1_0 where a1_0.property_id=?
Hibernate: select i1_0.property_id,i1_0.image_name from property_images i1_0 where i1_0.property_id=?
Hibernate: select i1_0.property_id,i1_0.image_name from property_images i1_0 where i1_0.property_id=?
Hibernate: select v1_0.property_id,v1_0.video_name from property_videos v1_0 where v1_0.property_id=?
Hibernate: select v1_0.property_id,v1_0.video_name from property_videos v1_0 where v1_0.property_id=?
Hibernate: select a1_0.property_id,a1_0.amenity from property_amenities a1_0 where a1_0.property_id=?
Hibernate: select a1_0.property_id,a1_0.amenity from property_amenities a1_0 where a1_0.property_id=?
Hibernate: select i1_0.property_id,i1_0.image_name from property_images i1_0 where i1_0.property_id=?
Hibernate: select i1_0.property_id,i1_0.image_name from property_images i1_0 where i1_0.property_id=?
Hibernate: select v1_0.property_id,v1_0.video_name from property_videos v1_0 where v1_0.property_id=?
Hibernate: select v1_0.property_id,v1_0.video_name from property_videos v1_0 where v1_0.property_id=?
Hibernate: select a1_0.property_id,a1_0.amenity from property_amenities a1_0 where a1_0.property_id=?
Hibernate: select a1_0.property_id,a1_0.amenity from property_amenities a1_0 where a1_0.property_id=?
Hibernate: select i1_0.property_id,i1_0.image_name from property_images i1_0 where i1_0.property_id=?
Hibernate: select i1_0.property_id,i1_0.image_name from property_images i1_0 where i1_0.property_id=?
Hibernate: select v1_0.property_id,v1_0.video_name from property_videos v1_0 where v1_0.property_id=?
Hibernate: select v1_0.property_id,v1_0.video_name from property_videos v1_0 where v1_0.property_id=?
Hibernate: select a1_0.property_id,a1_0.amenity from property_amenities a1_0 where a1_0.property_id=?
Hibernate: select a1_0.property_id,a1_0.amenity from property_amenities a1_0 where a1_0.property_id=?
Hibernate: select i1_0.property_id,i1_0.image_name from property_images i1_0 where i1_0.property_id=?
Hibernate: select v1_0.property_id,v1_0.video_name from property_videos v1_0 where v1_0.property_id=?
Hibernate: select i1_0.property_id,i1_0.image_name from property_images i1_0 where i1_0.property_id=?
Hibernate: select a1_0.property_id,a1_0.amenity from property_amenities a1_0 where a1_0.property_id=?
Hibernate: select v1_0.property_id,v1_0.video_name from property_videos v1_0 where v1_0.property_id=?
Hibernate: select i1_0.property_id,i1_0.image_name from property_images i1_0 where i1_0.property_id=?
Hibernate: select a1_0.property_id,a1_0.amenity from property_amenities a1_0 where a1_0.property_id=?
Hibernate: select v1_0.property_id,v1_0.video_name from property_videos v1_0 where v1_0.property_id=?
Hibernate: select i1_0.property_id,i1_0.image_name from property_images i1_0 where i1_0.property_id=?
Hibernate: select a1_0.property_id,a1_0.amenity from property_amenities a1_0 where a1_0.property_id=?
Hibernate: select v1_0.property_id,v1_0.video_name from property_videos v1_0 where v1_0.property_id=?
Hibernate: select a1_0.property_id,a1_0.amenity from property_amenities a1_0 where a1_0.property_id=?
Hibernate: select i1_0.property_id,i1_0.image_name from property_images i1_0 where i1_0.property_id=?
Hibernate: select v1_0.property_id,v1_0.video_name from property_videos v1_0 where v1_0.property_id=?
Hibernate: select a1_0.property_id,a1_0.amenity from property_amenities a1_0 where a1_0.property_id=?
Hibernate: select i1_0.property_id,i1_0.image_name from property_images i1_0 where i1_0.property_id=?
Hibernate: select v1_0.property_id,v1_0.video_name from property_videos v1_0 where v1_0.property_id=?
Hibernate: select a1_0.property_id,a1_0.amenity from property_amenities a1_0 where a1_0.property_id=?
Hibernate: select i1_0.property_id,i1_0.image_name from property_images i1_0 where i1_0.property_id=?
Hibernate: select v1_0.property_id,v1_0.video_name from property_videos v1_0 where v1_0.property_id=?
Hibernate: select a1_0.property_id,a1_0.amenity from property_amenities a1_0 where a1_0.property_id=?
Hibernate: select i1_0.property_id,i1_0.image_name from property_images i1_0 where i1_0.property_id=?
Hibernate: select v1_0.property_id,v1_0.video_name from property_videos v1_0 where v1_0.property_id=?
Hibernate: select a1_0.property_id,a1_0.amenity from property_amenities a1_0 where a1_0.property_id=?
Hibernate: select i1_0.property_id,i1_0.image_name from property_images i1_0 where i1_0.property_id=?
Hibernate: select v1_0.property_id,v1_0.video_name from property_videos v1_0 where v1_0.property_id=?
Hibernate: select a1_0.property_id,a1_0.amenity from property_amenities a1_0 where a1_0.property_id=?
Hibernate: select i1_0.property_id,i1_0.image_name from property_images i1_0 where i1_0.property_id=?
Hibernate: select v1_0.property_id,v1_0.video_name from property_videos v1_0 where v1_0.property_id=?
Hibernate: select a1_0.property_id,a1_0.amenity from property_amenities a1_0 where a1_0.property_id=?
Hibernate: select u1_0.id,u1_0.bio,u1_0.blocked,u1_0.city,u1_0.email,u1_0.email_verified,u1_0.full_name,u1_0.mobile_number,u1_0.password,u1_0.profile_picture,u1_0.role,u1_0.state,u1_0.username,u1_0.verified from users u1_0 where u1_0.email=?
Hibernate: select u1_0.id,u1_0.bio,u1_0.blocked,u1_0.city,u1_0.email,u1_0.email_verified,u1_0.full_name,u1_0.mobile_number,u1_0.password,u1_0.profile_picture,u1_0.role,u1_0.state,u1_0.username,u1_0.verified from users u1_0 where u1_0.email=?
Hibernate: select p1_0.id,p1_0.address,p1_0.approved,p1_0.area,p1_0.balconies,p1_0.bathrooms,p1_0.bedrooms,p1_0.carpet_area,p1_0.category,p1_0.city,p1_0.contact_number,p1_0.created_at,p1_0.description,p1_0.featured,p1_0.floor_number,p1_0.latitude,p1_0.location,p1_0.longitude,p1_0.pincode,p1_0.price,p1_0.property_age,p1_0.property_status,p1_0.rejected,p1_0.seller_email,p1_0.seller_username,p1_0.state,p1_0.title,p1_0.total_floors,p1_0.type,p1_0.user_id,p1_0.user_type,p1_0.verified from properties p1_0 where p1_0.type=?
Hibernate: select p1_0.id,p1_0.address,p1_0.approved,p1_0.area,p1_0.balconies,p1_0.bathrooms,p1_0.bedrooms,p1_0.carpet_area,p1_0.category,p1_0.city,p1_0.contact_number,p1_0.created_at,p1_0.description,p1_0.featured,p1_0.floor_number,p1_0.latitude,p1_0.location,p1_0.longitude,p1_0.pincode,p1_0.price,p1_0.property_age,p1_0.property_status,p1_0.rejected,p1_0.seller_email,p1_0.seller_username,p1_0.state,p1_0.title,p1_0.total_floors,p1_0.type,p1_0.user_id,p1_0.user_type,p1_0.verified from properties p1_0 where p1_0.type=?
Hibernate: select u1_0.id,u1_0.bio,u1_0.blocked,u1_0.city,u1_0.email,u1_0.email_verified,u1_0.full_name,u1_0.mobile_number,u1_0.password,u1_0.profile_picture,u1_0.role,u1_0.state,u1_0.username,u1_0.verified from users u1_0 where u1_0.id=?
Hibernate: select u1_0.id,u1_0.bio,u1_0.blocked,u1_0.city,u1_0.email,u1_0.email_verified,u1_0.full_name,u1_0.mobile_number,u1_0.password,u1_0.profile_picture,u1_0.role,u1_0.state,u1_0.username,u1_0.verified from users u1_0 where u1_0.id=?
Hibernate: select i1_0.property_id,i1_0.image_name from property_images i1_0 where i1_0.property_id=?
Hibernate: select i1_0.property_id,i1_0.image_name from property_images i1_0 where i1_0.property_id=?
Hibernate: select v1_0.property_id,v1_0.video_name from property_videos v1_0 where v1_0.property_id=?
Hibernate: select v1_0.property_id,v1_0.video_name from property_videos v1_0 where v1_0.property_id=?
Hibernate: select a1_0.property_id,a1_0.amenity from property_amenities a1_0 where a1_0.property_id=?
Hibernate: select a1_0.property_id,a1_0.amenity from property_amenities a1_0 where a1_0.property_id=?
Hibernate: select i1_0.property_id,i1_0.image_name from property_images i1_0 where i1_0.property_id=?
Hibernate: select i1_0.property_id,i1_0.image_name from property_images i1_0 where i1_0.property_id=?
Hibernate: select v1_0.property_id,v1_0.video_name from property_videos v1_0 where v1_0.property_id=?
Hibernate: select v1_0.property_id,v1_0.video_name from property_videos v1_0 where v1_0.property_id=?
Hibernate: select a1_0.property_id,a1_0.amenity from property_amenities a1_0 where a1_0.property_id=?
Hibernate: select a1_0.property_id,a1_0.amenity from property_amenities a1_0 where a1_0.property_id=?
Hibernate: select i1_0.property_id,i1_0.image_name from property_images i1_0 where i1_0.property_id=?
Hibernate: select v1_0.property_id,v1_0.video_name from property_videos v1_0 where v1_0.property_id=?
Hibernate: select i1_0.property_id,i1_0.image_name from property_images i1_0 where i1_0.property_id=?
Hibernate: select a1_0.property_id,a1_0.amenity from property_amenities a1_0 where a1_0.property_id=?
Hibernate: select v1_0.property_id,v1_0.video_name from property_videos v1_0 where v1_0.property_id=?
Hibernate: select i1_0.property_id,i1_0.image_name from property_images i1_0 where i1_0.property_id=?
Hibernate: select a1_0.property_id,a1_0.amenity from property_amenities a1_0 where a1_0.property_id=?
Hibernate: select v1_0.property_id,v1_0.video_name from property_videos v1_0 where v1_0.property_id=?
Hibernate: select i1_0.property_id,i1_0.image_name from property_images i1_0 where i1_0.property_id=?
Hibernate: select a1_0.property_id,a1_0.amenity from property_amenities a1_0 where a1_0.property_id=?
Hibernate: select v1_0.property_id,v1_0.video_name from property_videos v1_0 where v1_0.property_id=?
Hibernate: select i1_0.property_id,i1_0.image_name from property_images i1_0 where i1_0.property_id=?
Hibernate: select a1_0.property_id,a1_0.amenity from property_amenities a1_0 where a1_0.property_id=?
Hibernate: select v1_0.property_id,v1_0.video_name from property_videos v1_0 where v1_0.property_id=?
Hibernate: select i1_0.property_id,i1_0.image_name from property_images i1_0 where i1_0.property_id=?
Hibernate: select a1_0.property_id,a1_0.amenity from property_amenities a1_0 where a1_0.property_id=?
Hibernate: select v1_0.property_id,v1_0.video_name from property_videos v1_0 where v1_0.property_id=?
Hibernate: select i1_0.property_id,i1_0.image_name from property_images i1_0 where i1_0.property_id=?
Hibernate: select a1_0.property_id,a1_0.amenity from property_amenities a1_0 where a1_0.property_id=?
Hibernate: select v1_0.property_id,v1_0.video_name from property_videos v1_0 where v1_0.property_id=?
Hibernate: select i1_0.property_id,i1_0.image_name from property_images i1_0 where i1_0.property_id=?
Hibernate: select a1_0.property_id,a1_0.amenity from property_amenities a1_0 where a1_0.property_id=?
Hibernate: select v1_0.property_id,v1_0.video_name from property_videos v1_0 where v1_0.property_id=?
Hibernate: select i1_0.property_id,i1_0.image_name from property_images i1_0 where i1_0.property_id=?
Hibernate: select a1_0.property_id,a1_0.amenity from property_amenities a1_0 where a1_0.property_id=?
Hibernate: select v1_0.property_id,v1_0.video_name from property_videos v1_0 where v1_0.property_id=?
Hibernate: select a1_0.property_id,a1_0.amenity from property_amenities a1_0 where a1_0.property_id=?
Hibernate: select i1_0.property_id,i1_0.image_name from property_images i1_0 where i1_0.property_id=?
Hibernate: select v1_0.property_id,v1_0.video_name from property_videos v1_0 where v1_0.property_id=?
Hibernate: select i1_0.property_id,i1_0.image_name from property_images i1_0 where i1_0.property_id=?
Hibernate: select a1_0.property_id,a1_0.amenity from property_amenities a1_0 where a1_0.property_id=?
Hibernate: select v1_0.property_id,v1_0.video_name from property_videos v1_0 where v1_0.property_id=?
Hibernate: select i1_0.property_id,i1_0.image_name from property_images i1_0 where i1_0.property_id=?
Hibernate: select a1_0.property_id,a1_0.amenity from property_amenities a1_0 where a1_0.property_id=?
Hibernate: select v1_0.property_id,v1_0.video_name from property_videos v1_0 where v1_0.property_id=?
Hibernate: select a1_0.property_id,a1_0.amenity from property_amenities a1_0 where a1_0.property_id=?
Hibernate: select i1_0.property_id,i1_0.image_name from property_images i1_0 where i1_0.property_id=?
Hibernate: select v1_0.property_id,v1_0.video_name from property_videos v1_0 where v1_0.property_id=?
Hibernate: select i1_0.property_id,i1_0.image_name from property_images i1_0 where i1_0.property_id=?
Hibernate: select a1_0.property_id,a1_0.amenity from property_amenities a1_0 where a1_0.property_id=?
Hibernate: select v1_0.property_id,v1_0.video_name from property_videos v1_0 where v1_0.property_id=?
Hibernate: select a1_0.property_id,a1_0.amenity from property_amenities a1_0 where a1_0.property_id=?
Hibernate: select i1_0.property_id,i1_0.image_name from property_images i1_0 where i1_0.property_id=?
Hibernate: select v1_0.property_id,v1_0.video_name from property_videos v1_0 where v1_0.property_id=?
Hibernate: select i1_0.property_id,i1_0.image_name from property_images i1_0 where i1_0.property_id=?
Hibernate: select v1_0.property_id,v1_0.video_name from property_videos v1_0 where v1_0.property_id=?
Hibernate: select a1_0.property_id,a1_0.amenity from property_amenities a1_0 where a1_0.property_id=?
Hibernate: select a1_0.property_id,a1_0.amenity from property_amenities a1_0 where a1_0.property_id=?
Hibernate: select i1_0.property_id,i1_0.image_name from property_images i1_0 where i1_0.property_id=?
Hibernate: select i1_0.property_id,i1_0.image_name from property_images i1_0 where i1_0.property_id=?
Hibernate: select v1_0.property_id,v1_0.video_name from property_videos v1_0 where v1_0.property_id=?
Hibernate: select v1_0.property_id,v1_0.video_name from property_videos v1_0 where v1_0.property_id=?
Hibernate: select a1_0.property_id,a1_0.amenity from property_amenities a1_0 where a1_0.property_id=?
Hibernate: select a1_0.property_id,a1_0.amenity from property_amenities a1_0 where a1_0.property_id=?
Hibernate: select i1_0.property_id,i1_0.image_name from property_images i1_0 where i1_0.property_id=?
Hibernate: select i1_0.property_id,i1_0.image_name from property_images i1_0 where i1_0.property_id=?
Hibernate: select v1_0.property_id,v1_0.video_name from property_videos v1_0 where v1_0.property_id=?
Hibernate: select v1_0.property_id,v1_0.video_name from property_videos v1_0 where v1_0.property_id=?
Hibernate: select a1_0.property_id,a1_0.amenity from property_amenities a1_0 where a1_0.property_id=?
Hibernate: select a1_0.property_id,a1_0.amenity from property_amenities a1_0 where a1_0.property_id=?
Hibernate: select i1_0.property_id,i1_0.image_name from property_images i1_0 where i1_0.property_id=?
Hibernate: select i1_0.property_id,i1_0.image_name from property_images i1_0 where i1_0.property_id=?
Hibernate: select v1_0.property_id,v1_0.video_name from property_videos v1_0 where v1_0.property_id=?
Hibernate: select v1_0.property_id,v1_0.video_name from property_videos v1_0 where v1_0.property_id=?
Hibernate: select a1_0.property_id,a1_0.amenity from property_amenities a1_0 where a1_0.property_id=?
Hibernate: select a1_0.property_id,a1_0.amenity from property_amenities a1_0 where a1_0.property_id=?
Hibernate: select i1_0.property_id,i1_0.image_name from property_images i1_0 where i1_0.property_id=?
Hibernate: select i1_0.property_id,i1_0.image_name from property_images i1_0 where i1_0.property_id=?
Hibernate: select v1_0.property_id,v1_0.video_name from property_videos v1_0 where v1_0.property_id=?
Hibernate: select v1_0.property_id,v1_0.video_name from property_videos v1_0 where v1_0.property_id=?
Hibernate: select a1_0.property_id,a1_0.amenity from property_amenities a1_0 where a1_0.property_id=?
Hibernate: select a1_0.property_id,a1_0.amenity from property_amenities a1_0 where a1_0.property_id=?
Hibernate: select i1_0.property_id,i1_0.image_name from property_images i1_0 where i1_0.property_id=?
Hibernate: select i1_0.property_id,i1_0.image_name from property_images i1_0 where i1_0.property_id=?
Hibernate: select v1_0.property_id,v1_0.video_name from property_videos v1_0 where v1_0.property_id=?
Hibernate: select v1_0.property_id,v1_0.video_name from property_videos v1_0 where v1_0.property_id=?
Hibernate: select a1_0.property_id,a1_0.amenity from property_amenities a1_0 where a1_0.property_id=?
Hibernate: select a1_0.property_id,a1_0.amenity from property_amenities a1_0 where a1_0.property_id=?
Hibernate: select i1_0.property_id,i1_0.image_name from property_images i1_0 where i1_0.property_id=?
Hibernate: select i1_0.property_id,i1_0.image_name from property_images i1_0 where i1_0.property_id=?
Hibernate: select v1_0.property_id,v1_0.video_name from property_videos v1_0 where v1_0.property_id=?
Hibernate: select v1_0.property_id,v1_0.video_name from property_videos v1_0 where v1_0.property_id=?
Hibernate: select a1_0.property_id,a1_0.amenity from property_amenities a1_0 where a1_0.property_id=?
Hibernate: select a1_0.property_id,a1_0.amenity from property_amenities a1_0 where a1_0.property_id=?
Hibernate: select i1_0.property_id,i1_0.image_name from property_images i1_0 where i1_0.property_id=?
Hibernate: select i1_0.property_id,i1_0.image_name from property_images i1_0 where i1_0.property_id=?
Hibernate: select v1_0.property_id,v1_0.video_name from property_videos v1_0 where v1_0.property_id=?
Hibernate: select v1_0.property_id,v1_0.video_name from property_videos v1_0 where v1_0.property_id=?
Hibernate: select a1_0.property_id,a1_0.amenity from property_amenities a1_0 where a1_0.property_id=?
Hibernate: select a1_0.property_id,a1_0.amenity from property_amenities a1_0 where a1_0.property_id=?
Hibernate: select i1_0.property_id,i1_0.image_name from property_images i1_0 where i1_0.property_id=?
Hibernate: select i1_0.property_id,i1_0.image_name from property_images i1_0 where i1_0.property_id=?
Hibernate: select v1_0.property_id,v1_0.video_name from property_videos v1_0 where v1_0.property_id=?
Hibernate: select v1_0.property_id,v1_0.video_name from property_videos v1_0 where v1_0.property_id=?
Hibernate: select a1_0.property_id,a1_0.amenity from property_amenities a1_0 where a1_0.property_id=?
Hibernate: select a1_0.property_id,a1_0.amenity from property_amenities a1_0 where a1_0.property_id=?
Hibernate: select i1_0.property_id,i1_0.image_name from property_images i1_0 where i1_0.property_id=?
Hibernate: select i1_0.property_id,i1_0.image_name from property_images i1_0 where i1_0.property_id=?
Hibernate: select v1_0.property_id,v1_0.video_name from property_videos v1_0 where v1_0.property_id=?
Hibernate: select v1_0.property_id,v1_0.video_name from property_videos v1_0 where v1_0.property_id=?
Hibernate: select a1_0.property_id,a1_0.amenity from property_amenities a1_0 where a1_0.property_id=?
Hibernate: select a1_0.property_id,a1_0.amenity from property_amenities a1_0 where a1_0.property_id=?
Hibernate: select i1_0.property_id,i1_0.image_name from property_images i1_0 where i1_0.property_id=?
Hibernate: select i1_0.property_id,i1_0.image_name from property_images i1_0 where i1_0.property_id=?
Hibernate: select v1_0.property_id,v1_0.video_name from property_videos v1_0 where v1_0.property_id=?
Hibernate: select v1_0.property_id,v1_0.video_name from property_videos v1_0 where v1_0.property_id=?
Hibernate: select a1_0.property_id,a1_0.amenity from property_amenities a1_0 where a1_0.property_id=?
Hibernate: select a1_0.property_id,a1_0.amenity from property_amenities a1_0 where a1_0.property_id=?
Hibernate: select i1_0.property_id,i1_0.image_name from property_images i1_0 where i1_0.property_id=?
Hibernate: select i1_0.property_id,i1_0.image_name from property_images i1_0 where i1_0.property_id=?
Hibernate: select v1_0.property_id,v1_0.video_name from property_videos v1_0 where v1_0.property_id=?
Hibernate: select v1_0.property_id,v1_0.video_name from property_videos v1_0 where v1_0.property_id=?
Hibernate: select a1_0.property_id,a1_0.amenity from property_amenities a1_0 where a1_0.property_id=?
Hibernate: select a1_0.property_id,a1_0.amenity from property_amenities a1_0 where a1_0.property_id=?
Hibernate: select i1_0.property_id,i1_0.image_name from property_images i1_0 where i1_0.property_id=?
Hibernate: select i1_0.property_id,i1_0.image_name from property_images i1_0 where i1_0.property_id=?
Hibernate: select v1_0.property_id,v1_0.video_name from property_videos v1_0 where v1_0.property_id=?
Hibernate: select v1_0.property_id,v1_0.video_name from property_videos v1_0 where v1_0.property_id=?
Hibernate: select a1_0.property_id,a1_0.amenity from property_amenities a1_0 where a1_0.property_id=?
Hibernate: select a1_0.property_id,a1_0.amenity from property_amenities a1_0 where a1_0.property_id=?
Hibernate: select i1_0.property_id,i1_0.image_name from property_images i1_0 where i1_0.property_id=?
Hibernate: select v1_0.property_id,v1_0.video_name from property_videos v1_0 where v1_0.property_id=?
Hibernate: select i1_0.property_id,i1_0.image_name from property_images i1_0 where i1_0.property_id=?
Hibernate: select a1_0.property_id,a1_0.amenity from property_amenities a1_0 where a1_0.property_id=?
Hibernate: select v1_0.property_id,v1_0.video_name from property_videos v1_0 where v1_0.property_id=?
Hibernate: select a1_0.property_id,a1_0.amenity from property_amenities a1_0 where a1_0.property_id=?
Hibernate: select i1_0.property_id,i1_0.image_name from property_images i1_0 where i1_0.property_id=?
Hibernate: select v1_0.property_id,v1_0.video_name from property_videos v1_0 where v1_0.property_id=?
Hibernate: select i1_0.property_id,i1_0.image_name from property_images i1_0 where i1_0.property_id=?
Hibernate: select v1_0.property_id,v1_0.video_name from property_videos v1_0 where v1_0.property_id=?
Hibernate: select a1_0.property_id,a1_0.amenity from property_amenities a1_0 where a1_0.property_id=?
Hibernate: select a1_0.property_id,a1_0.amenity from property_amenities a1_0 where a1_0.property_id=?
Hibernate: select i1_0.property_id,i1_0.image_name from property_images i1_0 where i1_0.property_id=?
Hibernate: select i1_0.property_id,i1_0.image_name from property_images i1_0 where i1_0.property_id=?
Hibernate: select v1_0.property_id,v1_0.video_name from property_videos v1_0 where v1_0.property_id=?
Hibernate: select v1_0.property_id,v1_0.video_name from property_videos v1_0 where v1_0.property_id=?
Hibernate: select a1_0.property_id,a1_0.amenity from property_amenities a1_0 where a1_0.property_id=?
Hibernate: select a1_0.property_id,a1_0.amenity from property_amenities a1_0 where a1_0.property_id=?
Hibernate: select i1_0.property_id,i1_0.image_name from property_images i1_0 where i1_0.property_id=?
Hibernate: select v1_0.property_id,v1_0.video_name from property_videos v1_0 where v1_0.property_id=?
Hibernate: select a1_0.property_id,a1_0.amenity from property_amenities a1_0 where a1_0.property_id=?
Hibernate: select i1_0.property_id,i1_0.image_name from property_images i1_0 where i1_0.property_id=?
Hibernate: select v1_0.property_id,v1_0.video_name from property_videos v1_0 where v1_0.property_id=?
Hibernate: select a1_0.property_id,a1_0.amenity from property_amenities a1_0 where a1_0.property_id=?
Hibernate: select i1_0.property_id,i1_0.image_name from property_images i1_0 where i1_0.property_id=?
Hibernate: select v1_0.property_id,v1_0.video_name from property_videos v1_0 where v1_0.property_id=?
Hibernate: select a1_0.property_id,a1_0.amenity from property_amenities a1_0 where a1_0.property_id=?
Hibernate: select i1_0.property_id,i1_0.image_name from property_images i1_0 where i1_0.property_id=?
Hibernate: select v1_0.property_id,v1_0.video_name from property_videos v1_0 where v1_0.property_id=?
Hibernate: select a1_0.property_id,a1_0.amenity from property_amenities a1_0 where a1_0.property_id=?
Hibernate: select i1_0.property_id,i1_0.image_name from property_images i1_0 where i1_0.property_id=?
Hibernate: select v1_0.property_id,v1_0.video_name from property_videos v1_0 where v1_0.property_id=?
Hibernate: select a1_0.property_id,a1_0.amenity from property_amenities a1_0 where a1_0.property_id=?
Hibernate: select i1_0.property_id,i1_0.image_name from property_images i1_0 where i1_0.property_id=?
Hibernate: select v1_0.property_id,v1_0.video_name from property_videos v1_0 where v1_0.property_id=?
Hibernate: select a1_0.property_id,a1_0.amenity from property_amenities a1_0 where a1_0.property_id=?
Hibernate: select i1_0.property_id,i1_0.image_name from property_images i1_0 where i1_0.property_id=?
Hibernate: select v1_0.property_id,v1_0.video_name from property_videos v1_0 where v1_0.property_id=?
Hibernate: select a1_0.property_id,a1_0.amenity from property_amenities a1_0 where a1_0.property_id=?
Hibernate: select i1_0.property_id,i1_0.image_name from property_images i1_0 where i1_0.property_id=?
Hibernate: select v1_0.property_id,v1_0.video_name from property_videos v1_0 where v1_0.property_id=?
Hibernate: select a1_0.property_id,a1_0.amenity from property_amenities a1_0 where a1_0.property_id=?
Hibernate: select i1_0.property_id,i1_0.image_name from property_images i1_0 where i1_0.property_id=?
Hibernate: select v1_0.property_id,v1_0.video_name from property_videos v1_0 where v1_0.property_id=?
Hibernate: select a1_0.property_id,a1_0.amenity from property_amenities a1_0 where a1_0.property_id=?
Hibernate: select i1_0.property_id,i1_0.image_name from property_images i1_0 where i1_0.property_id=?
Hibernate: select v1_0.property_id,v1_0.video_name from property_videos v1_0 where v1_0.property_id=?
Hibernate: select a1_0.property_id,a1_0.amenity from property_amenities a1_0 where a1_0.property_id=?
2026-03-02T12:05:48.821+05:30  INFO 42475 --- [nio-8080-exec-9] c.r.o.controller.PropertyController      : Serving image file: 1772371800370_1.avif from /Users/ompatel/sdp/Online-RealEstate-System/Online-Real-Estate-System-main/uploads/1772371800370_1.avif
Hibernate: select u1_0.id,u1_0.bio,u1_0.blocked,u1_0.city,u1_0.email,u1_0.email_verified,u1_0.full_name,u1_0.mobile_number,u1_0.password,u1_0.profile_picture,u1_0.role,u1_0.state,u1_0.username,u1_0.verified from users u1_0 where u1_0.email=?
Hibernate: select p1_0.id,p1_0.address,p1_0.approved,p1_0.area,p1_0.balconies,p1_0.bathrooms,p1_0.bedrooms,p1_0.carpet_area,p1_0.category,p1_0.city,p1_0.contact_number,p1_0.created_at,p1_0.description,p1_0.featured,p1_0.floor_number,p1_0.latitude,p1_0.location,p1_0.longitude,p1_0.pincode,p1_0.price,p1_0.property_age,p1_0.property_status,p1_0.rejected,p1_0.seller_email,p1_0.seller_username,p1_0.state,p1_0.title,p1_0.total_floors,p1_0.type,p1_0.user_id,p1_0.user_type,p1_0.verified from properties p1_0 where p1_0.type=?
Hibernate: select u1_0.id,u1_0.bio,u1_0.blocked,u1_0.city,u1_0.email,u1_0.email_verified,u1_0.full_name,u1_0.mobile_number,u1_0.password,u1_0.profile_picture,u1_0.role,u1_0.state,u1_0.username,u1_0.verified from users u1_0 where u1_0.id=?
Hibernate: select i1_0.property_id,i1_0.image_name from property_images i1_0 where i1_0.property_id=?
Hibernate: select v1_0.property_id,v1_0.video_name from property_videos v1_0 where v1_0.property_id=?
Hibernate: select a1_0.property_id,a1_0.amenity from property_amenities a1_0 where a1_0.property_id=?
Hibernate: select i1_0.property_id,i1_0.image_name from property_images i1_0 where i1_0.property_id=?
Hibernate: select v1_0.property_id,v1_0.video_name from property_videos v1_0 where v1_0.property_id=?
Hibernate: select u1_0.id,u1_0.bio,u1_0.blocked,u1_0.city,u1_0.email,u1_0.email_verified,u1_0.full_name,u1_0.mobile_number,u1_0.password,u1_0.profile_picture,u1_0.role,u1_0.state,u1_0.username,u1_0.verified from users u1_0 where u1_0.email=?
Hibernate: select a1_0.property_id,a1_0.amenity from property_amenities a1_0 where a1_0.property_id=?
Hibernate: select i1_0.property_id,i1_0.image_name from property_images i1_0 where i1_0.property_id=?
Hibernate: select v1_0.property_id,v1_0.video_name from property_videos v1_0 where v1_0.property_id=?
Hibernate: select a1_0.property_id,a1_0.amenity from property_amenities a1_0 where a1_0.property_id=?
Hibernate: select i1_0.property_id,i1_0.image_name from property_images i1_0 where i1_0.property_id=?
Hibernate: select v1_0.property_id,v1_0.video_name from property_videos v1_0 where v1_0.property_id=?
Hibernate: select a1_0.property_id,a1_0.amenity from property_amenities a1_0 where a1_0.property_id=?
Hibernate: select i1_0.property_id,i1_0.image_name from property_images i1_0 where i1_0.property_id=?
Hibernate: select v1_0.property_id,v1_0.video_name from property_videos v1_0 where v1_0.property_id=?
Hibernate: select a1_0.property_id,a1_0.amenity from property_amenities a1_0 where a1_0.property_id=?
Hibernate: select i1_0.property_id,i1_0.image_name from property_images i1_0 where i1_0.property_id=?
Hibernate: select v1_0.property_id,v1_0.video_name from property_videos v1_0 where v1_0.property_id=?
Hibernate: select a1_0.property_id,a1_0.amenity from property_amenities a1_0 where a1_0.property_id=?
Hibernate: select i1_0.property_id,i1_0.image_name from property_images i1_0 where i1_0.property_id=?
Hibernate: select v1_0.property_id,v1_0.video_name from property_videos v1_0 where v1_0.property_id=?
Hibernate: select a1_0.property_id,a1_0.amenity from property_amenities a1_0 where a1_0.property_id=?
Hibernate: select i1_0.property_id,i1_0.image_name from property_images i1_0 where i1_0.property_id=?
Hibernate: select v1_0.property_id,v1_0.video_name from property_videos v1_0 where v1_0.property_id=?
Hibernate: select p1_0.id,p1_0.address,p1_0.approved,p1_0.area,p1_0.balconies,p1_0.bathrooms,p1_0.bedrooms,p1_0.carpet_area,p1_0.category,p1_0.city,p1_0.contact_number,p1_0.created_at,p1_0.description,p1_0.featured,p1_0.floor_number,p1_0.latitude,p1_0.location,p1_0.longitude,p1_0.pincode,p1_0.price,p1_0.property_age,p1_0.property_status,p1_0.rejected,p1_0.seller_email,p1_0.seller_username,p1_0.state,p1_0.title,p1_0.total_floors,p1_0.type,p1_0.user_id,p1_0.user_type,p1_0.verified from properties p1_0 where p1_0.type=?
Hibernate: select a1_0.property_id,a1_0.amenity from property_amenities a1_0 where a1_0.property_id=?
Hibernate: select i1_0.property_id,i1_0.image_name from property_images i1_0 where i1_0.property_id=?
Hibernate: select v1_0.property_id,v1_0.video_name from property_videos v1_0 where v1_0.property_id=?
Hibernate: select a1_0.property_id,a1_0.amenity from property_amenities a1_0 where a1_0.property_id=?
Hibernate: select i1_0.property_id,i1_0.image_name from property_images i1_0 where i1_0.property_id=?
Hibernate: select v1_0.property_id,v1_0.video_name from property_videos v1_0 where v1_0.property_id=?
Hibernate: select a1_0.property_id,a1_0.amenity from property_amenities a1_0 where a1_0.property_id=?
Hibernate: select u1_0.id,u1_0.bio,u1_0.blocked,u1_0.city,u1_0.email,u1_0.email_verified,u1_0.full_name,u1_0.mobile_number,u1_0.password,u1_0.profile_picture,u1_0.role,u1_0.state,u1_0.username,u1_0.verified from users u1_0 where u1_0.id=?
Hibernate: select i1_0.property_id,i1_0.image_name from property_images i1_0 where i1_0.property_id=?
Hibernate: select v1_0.property_id,v1_0.video_name from property_videos v1_0 where v1_0.property_id=?
Hibernate: select a1_0.property_id,a1_0.amenity from property_amenities a1_0 where a1_0.property_id=?
Hibernate: select i1_0.property_id,i1_0.image_name from property_images i1_0 where i1_0.property_id=?
Hibernate: select v1_0.property_id,v1_0.video_name from property_videos v1_0 where v1_0.property_id=?
Hibernate: select a1_0.property_id,a1_0.amenity from property_amenities a1_0 where a1_0.property_id=?
Hibernate: select i1_0.property_id,i1_0.image_name from property_images i1_0 where i1_0.property_id=?
Hibernate: select v1_0.property_id,v1_0.video_name from property_videos v1_0 where v1_0.property_id=?
Hibernate: select a1_0.property_id,a1_0.amenity from property_amenities a1_0 where a1_0.property_id=?
Hibernate: select i1_0.property_id,i1_0.image_name from property_images i1_0 where i1_0.property_id=?
Hibernate: select i1_0.property_id,i1_0.image_name from property_images i1_0 where i1_0.property_id=?
Hibernate: select v1_0.property_id,v1_0.video_name from property_videos v1_0 where v1_0.property_id=?
Hibernate: select v1_0.property_id,v1_0.video_name from property_videos v1_0 where v1_0.property_id=?
Hibernate: select a1_0.property_id,a1_0.amenity from property_amenities a1_0 where a1_0.property_id=?
Hibernate: select a1_0.property_id,a1_0.amenity from property_amenities a1_0 where a1_0.property_id=?
Hibernate: select i1_0.property_id,i1_0.image_name from property_images i1_0 where i1_0.property_id=?
Hibernate: select i1_0.property_id,i1_0.image_name from property_images i1_0 where i1_0.property_id=?
Hibernate: select v1_0.property_id,v1_0.video_name from property_videos v1_0 where v1_0.property_id=?
Hibernate: select v1_0.property_id,v1_0.video_name from property_videos v1_0 where v1_0.property_id=?
Hibernate: select a1_0.property_id,a1_0.amenity from property_amenities a1_0 where a1_0.property_id=?
Hibernate: select a1_0.property_id,a1_0.amenity from property_amenities a1_0 where a1_0.property_id=?
Hibernate: select i1_0.property_id,i1_0.image_name from property_images i1_0 where i1_0.property_id=?
Hibernate: select i1_0.property_id,i1_0.image_name from property_images i1_0 where i1_0.property_id=?
Hibernate: select v1_0.property_id,v1_0.video_name from property_videos v1_0 where v1_0.property_id=?
Hibernate: select v1_0.property_id,v1_0.video_name from property_videos v1_0 where v1_0.property_id=?
Hibernate: select a1_0.property_id,a1_0.amenity from property_amenities a1_0 where a1_0.property_id=?
Hibernate: select a1_0.property_id,a1_0.amenity from property_amenities a1_0 where a1_0.property_id=?
Hibernate: select i1_0.property_id,i1_0.image_name from property_images i1_0 where i1_0.property_id=?
Hibernate: select i1_0.property_id,i1_0.image_name from property_images i1_0 where i1_0.property_id=?
Hibernate: select v1_0.property_id,v1_0.video_name from property_videos v1_0 where v1_0.property_id=?
Hibernate: select v1_0.property_id,v1_0.video_name from property_videos v1_0 where v1_0.property_id=?
Hibernate: select a1_0.property_id,a1_0.amenity from property_amenities a1_0 where a1_0.property_id=?
Hibernate: select a1_0.property_id,a1_0.amenity from property_amenities a1_0 where a1_0.property_id=?
Hibernate: select i1_0.property_id,i1_0.image_name from property_images i1_0 where i1_0.property_id=?
Hibernate: select i1_0.property_id,i1_0.image_name from property_images i1_0 where i1_0.property_id=?
Hibernate: select v1_0.property_id,v1_0.video_name from property_videos v1_0 where v1_0.property_id=?
Hibernate: select v1_0.property_id,v1_0.video_name from property_videos v1_0 where v1_0.property_id=?
Hibernate: select a1_0.property_id,a1_0.amenity from property_amenities a1_0 where a1_0.property_id=?
Hibernate: select a1_0.property_id,a1_0.amenity from property_amenities a1_0 where a1_0.property_id=?
Hibernate: select i1_0.property_id,i1_0.image_name from property_images i1_0 where i1_0.property_id=?
Hibernate: select i1_0.property_id,i1_0.image_name from property_images i1_0 where i1_0.property_id=?
Hibernate: select v1_0.property_id,v1_0.video_name from property_videos v1_0 where v1_0.property_id=?
Hibernate: select v1_0.property_id,v1_0.video_name from property_videos v1_0 where v1_0.property_id=?
Hibernate: select a1_0.property_id,a1_0.amenity from property_amenities a1_0 where a1_0.property_id=?
Hibernate: select a1_0.property_id,a1_0.amenity from property_amenities a1_0 where a1_0.property_id=?
Hibernate: select i1_0.property_id,i1_0.image_name from property_images i1_0 where i1_0.property_id=?
Hibernate: select i1_0.property_id,i1_0.image_name from property_images i1_0 where i1_0.property_id=?
Hibernate: select v1_0.property_id,v1_0.video_name from property_videos v1_0 where v1_0.property_id=?
Hibernate: select v1_0.property_id,v1_0.video_name from property_videos v1_0 where v1_0.property_id=?
Hibernate: select a1_0.property_id,a1_0.amenity from property_amenities a1_0 where a1_0.property_id=?
Hibernate: select a1_0.property_id,a1_0.amenity from property_amenities a1_0 where a1_0.property_id=?
Hibernate: select i1_0.property_id,i1_0.image_name from property_images i1_0 where i1_0.property_id=?
Hibernate: select i1_0.property_id,i1_0.image_name from property_images i1_0 where i1_0.property_id=?
Hibernate: select v1_0.property_id,v1_0.video_name from property_videos v1_0 where v1_0.property_id=?
Hibernate: select v1_0.property_id,v1_0.video_name from property_videos v1_0 where v1_0.property_id=?
Hibernate: select a1_0.property_id,a1_0.amenity from property_amenities a1_0 where a1_0.property_id=?
Hibernate: select a1_0.property_id,a1_0.amenity from property_amenities a1_0 where a1_0.property_id=?
Hibernate: select i1_0.property_id,i1_0.image_name from property_images i1_0 where i1_0.property_id=?
Hibernate: select i1_0.property_id,i1_0.image_name from property_images i1_0 where i1_0.property_id=?
Hibernate: select v1_0.property_id,v1_0.video_name from property_videos v1_0 where v1_0.property_id=?
Hibernate: select v1_0.property_id,v1_0.video_name from property_videos v1_0 where v1_0.property_id=?
Hibernate: select a1_0.property_id,a1_0.amenity from property_amenities a1_0 where a1_0.property_id=?
Hibernate: select a1_0.property_id,a1_0.amenity from property_amenities a1_0 where a1_0.property_id=?
Hibernate: select i1_0.property_id,i1_0.image_name from property_images i1_0 where i1_0.property_id=?
Hibernate: select v1_0.property_id,v1_0.video_name from property_videos v1_0 where v1_0.property_id=?
Hibernate: select i1_0.property_id,i1_0.image_name from property_images i1_0 where i1_0.property_id=?
Hibernate: select a1_0.property_id,a1_0.amenity from property_amenities a1_0 where a1_0.property_id=?
Hibernate: select v1_0.property_id,v1_0.video_name from property_videos v1_0 where v1_0.property_id=?
Hibernate: select i1_0.property_id,i1_0.image_name from property_images i1_0 where i1_0.property_id=?
Hibernate: select a1_0.property_id,a1_0.amenity from property_amenities a1_0 where a1_0.property_id=?
Hibernate: select v1_0.property_id,v1_0.video_name from property_videos v1_0 where v1_0.property_id=?
Hibernate: select i1_0.property_id,i1_0.image_name from property_images i1_0 where i1_0.property_id=?
Hibernate: select a1_0.property_id,a1_0.amenity from property_amenities a1_0 where a1_0.property_id=?
Hibernate: select v1_0.property_id,v1_0.video_name from property_videos v1_0 where v1_0.property_id=?
Hibernate: select i1_0.property_id,i1_0.image_name from property_images i1_0 where i1_0.property_id=?
Hibernate: select a1_0.property_id,a1_0.amenity from property_amenities a1_0 where a1_0.property_id=?
Hibernate: select v1_0.property_id,v1_0.video_name from property_videos v1_0 where v1_0.property_id=?
Hibernate: select i1_0.property_id,i1_0.image_name from property_images i1_0 where i1_0.property_id=?
Hibernate: select a1_0.property_id,a1_0.amenity from property_amenities a1_0 where a1_0.property_id=?
Hibernate: select v1_0.property_id,v1_0.video_name from property_videos v1_0 where v1_0.property_id=?
Hibernate: select a1_0.property_id,a1_0.amenity from property_amenities a1_0 where a1_0.property_id=?
Hibernate: select i1_0.property_id,i1_0.image_name from property_images i1_0 where i1_0.property_id=?
Hibernate: select v1_0.property_id,v1_0.video_name from property_videos v1_0 where v1_0.property_id=?
Hibernate: select i1_0.property_id,i1_0.image_name from property_images i1_0 where i1_0.property_id=?
Hibernate: select a1_0.property_id,a1_0.amenity from property_amenities a1_0 where a1_0.property_id=?
Hibernate: select v1_0.property_id,v1_0.video_name from property_videos v1_0 where v1_0.property_id=?
Hibernate: select a1_0.property_id,a1_0.amenity from property_amenities a1_0 where a1_0.property_id=?
Hibernate: select i1_0.property_id,i1_0.image_name from property_images i1_0 where i1_0.property_id=?
Hibernate: select v1_0.property_id,v1_0.video_name from property_videos v1_0 where v1_0.property_id=?
Hibernate: select i1_0.property_id,i1_0.image_name from property_images i1_0 where i1_0.property_id=?
Hibernate: select a1_0.property_id,a1_0.amenity from property_amenities a1_0 where a1_0.property_id=?
Hibernate: select v1_0.property_id,v1_0.video_name from property_videos v1_0 where v1_0.property_id=?
Hibernate: select a1_0.property_id,a1_0.amenity from property_amenities a1_0 where a1_0.property_id=?
Hibernate: select i1_0.property_id,i1_0.image_name from property_images i1_0 where i1_0.property_id=?
Hibernate: select v1_0.property_id,v1_0.video_name from property_videos v1_0 where v1_0.property_id=?
Hibernate: select i1_0.property_id,i1_0.image_name from property_images i1_0 where i1_0.property_id=?
Hibernate: select a1_0.property_id,a1_0.amenity from property_amenities a1_0 where a1_0.property_id=?
Hibernate: select v1_0.property_id,v1_0.video_name from property_videos v1_0 where v1_0.property_id=?
Hibernate: select a1_0.property_id,a1_0.amenity from property_amenities a1_0 where a1_0.property_id=?
Hibernate: select i1_0.property_id,i1_0.image_name from property_images i1_0 where i1_0.property_id=?
Hibernate: select v1_0.property_id,v1_0.video_name from property_videos v1_0 where v1_0.property_id=?
Hibernate: select i1_0.property_id,i1_0.image_name from property_images i1_0 where i1_0.property_id=?
Hibernate: select a1_0.property_id,a1_0.amenity from property_amenities a1_0 where a1_0.property_id=?
Hibernate: select v1_0.property_id,v1_0.video_name from property_videos v1_0 where v1_0.property_id=?
Hibernate: select a1_0.property_id,a1_0.amenity from property_amenities a1_0 where a1_0.property_id=?
Hibernate: select i1_0.property_id,i1_0.image_name from property_images i1_0 where i1_0.property_id=?
Hibernate: select v1_0.property_id,v1_0.video_name from property_videos v1_0 where v1_0.property_id=?
Hibernate: select i1_0.property_id,i1_0.image_name from property_images i1_0 where i1_0.property_id=?
Hibernate: select a1_0.property_id,a1_0.amenity from property_amenities a1_0 where a1_0.property_id=?
Hibernate: select v1_0.property_id,v1_0.video_name from property_videos v1_0 where v1_0.property_id=?
Hibernate: select a1_0.property_id,a1_0.amenity from property_amenities a1_0 where a1_0.property_id=?
Hibernate: select i1_0.property_id,i1_0.image_name from property_images i1_0 where i1_0.property_id=?
Hibernate: select v1_0.property_id,v1_0.video_name from property_videos v1_0 where v1_0.property_id=?
Hibernate: select i1_0.property_id,i1_0.image_name from property_images i1_0 where i1_0.property_id=?
Hibernate: select a1_0.property_id,a1_0.amenity from property_amenities a1_0 where a1_0.property_id=?
Hibernate: select v1_0.property_id,v1_0.video_name from property_videos v1_0 where v1_0.property_id=?
Hibernate: select i1_0.property_id,i1_0.image_name from property_images i1_0 where i1_0.property_id=?
Hibernate: select a1_0.property_id,a1_0.amenity from property_amenities a1_0 where a1_0.property_id=?
Hibernate: select v1_0.property_id,v1_0.video_name from property_videos v1_0 where v1_0.property_id=?
Hibernate: select i1_0.property_id,i1_0.image_name from property_images i1_0 where i1_0.property_id=?
Hibernate: select a1_0.property_id,a1_0.amenity from property_amenities a1_0 where a1_0.property_id=?
Hibernate: select v1_0.property_id,v1_0.video_name from property_videos v1_0 where v1_0.property_id=?
Hibernate: select i1_0.property_id,i1_0.image_name from property_images i1_0 where i1_0.property_id=?
Hibernate: select a1_0.property_id,a1_0.amenity from property_amenities a1_0 where a1_0.property_id=?
Hibernate: select v1_0.property_id,v1_0.video_name from property_videos v1_0 where v1_0.property_id=?
Hibernate: select i1_0.property_id,i1_0.image_name from property_images i1_0 where i1_0.property_id=?
Hibernate: select a1_0.property_id,a1_0.amenity from property_amenities a1_0 where a1_0.property_id=?
Hibernate: select v1_0.property_id,v1_0.video_name from property_videos v1_0 where v1_0.property_id=?
Hibernate: select i1_0.property_id,i1_0.image_name from property_images i1_0 where i1_0.property_id=?
Hibernate: select a1_0.property_id,a1_0.amenity from property_amenities a1_0 where a1_0.property_id=?
Hibernate: select v1_0.property_id,v1_0.video_name from property_videos v1_0 where v1_0.property_id=?
Hibernate: select i1_0.property_id,i1_0.image_name from property_images i1_0 where i1_0.property_id=?
Hibernate: select a1_0.property_id,a1_0.amenity from property_amenities a1_0 where a1_0.property_id=?
Hibernate: select v1_0.property_id,v1_0.video_name from property_videos v1_0 where v1_0.property_id=?
Hibernate: select i1_0.property_id,i1_0.image_name from property_images i1_0 where i1_0.property_id=?
Hibernate: select a1_0.property_id,a1_0.amenity from property_amenities a1_0 where a1_0.property_id=?
Hibernate: select v1_0.property_id,v1_0.video_name from property_videos v1_0 where v1_0.property_id=?
Hibernate: select i1_0.property_id,i1_0.image_name from property_images i1_0 where i1_0.property_id=?
Hibernate: select a1_0.property_id,a1_0.amenity from property_amenities a1_0 where a1_0.property_id=?
Hibernate: select v1_0.property_id,v1_0.video_name from property_videos v1_0 where v1_0.property_id=?
Hibernate: select i1_0.property_id,i1_0.image_name from property_images i1_0 where i1_0.property_id=?
Hibernate: select a1_0.property_id,a1_0.amenity from property_amenities a1_0 where a1_0.property_id=?
Hibernate: select v1_0.property_id,v1_0.video_name from property_videos v1_0 where v1_0.property_id=?
Hibernate: select a1_0.property_id,a1_0.amenity from property_amenities a1_0 where a1_0.property_id=?
Hibernate: select i1_0.property_id,i1_0.image_name from property_images i1_0 where i1_0.property_id=?
Hibernate: select v1_0.property_id,v1_0.video_name from property_videos v1_0 where v1_0.property_id=?
Hibernate: select a1_0.property_id,a1_0.amenity from property_amenities a1_0 where a1_0.property_id=?
Hibernate: select i1_0.property_id,i1_0.image_name from property_images i1_0 where i1_0.property_id=?
Hibernate: select v1_0.property_id,v1_0.video_name from property_videos v1_0 where v1_0.property_id=?
Hibernate: select a1_0.property_id,a1_0.amenity from property_amenities a1_0 where a1_0.property_id=?
Hibernate: select u1_0.id,u1_0.bio,u1_0.blocked,u1_0.city,u1_0.email,u1_0.email_verified,u1_0.full_name,u1_0.mobile_number,u1_0.password,u1_0.profile_picture,u1_0.role,u1_0.state,u1_0.username,u1_0.verified from users u1_0 where u1_0.email=?
Hibernate: select u1_0.id,u1_0.bio,u1_0.blocked,u1_0.city,u1_0.email,u1_0.email_verified,u1_0.full_name,u1_0.mobile_number,u1_0.password,u1_0.profile_picture,u1_0.role,u1_0.state,u1_0.username,u1_0.verified from users u1_0 where u1_0.email=?
✅ SECURITY: Unread messages access verified for user 3
Hibernate: select c1_0.id,c1_0.is_read,c1_0.message,c1_0.property_id,c1_0.receiver_id,c1_0.sender_id,c1_0.timestamp from chat_messages c1_0 where c1_0.receiver_id=? and not(c1_0.is_read)
Hibernate: select u1_0.id,u1_0.bio,u1_0.blocked,u1_0.city,u1_0.email,u1_0.email_verified,u1_0.full_name,u1_0.mobile_number,u1_0.password,u1_0.profile_picture,u1_0.role,u1_0.state,u1_0.username,u1_0.verified from users u1_0 where u1_0.email=?
Hibernate: select u1_0.id,u1_0.bio,u1_0.blocked,u1_0.city,u1_0.email,u1_0.email_verified,u1_0.full_name,u1_0.mobile_number,u1_0.password,u1_0.profile_picture,u1_0.role,u1_0.state,u1_0.username,u1_0.verified from users u1_0 where u1_0.email=?
Hibernate: select u1_0.id,u1_0.bio,u1_0.blocked,u1_0.city,u1_0.email,u1_0.email_verified,u1_0.full_name,u1_0.mobile_number,u1_0.password,u1_0.profile_picture,u1_0.role,u1_0.state,u1_0.username,u1_0.verified from users u1_0 where u1_0.email=?
Hibernate: select p1_0.id,p1_0.address,p1_0.approved,p1_0.area,p1_0.balconies,p1_0.bathrooms,p1_0.bedrooms,p1_0.carpet_area,p1_0.category,p1_0.city,p1_0.contact_number,p1_0.created_at,p1_0.description,p1_0.featured,p1_0.floor_number,p1_0.latitude,p1_0.location,p1_0.longitude,p1_0.pincode,p1_0.price,p1_0.property_age,p1_0.property_status,p1_0.rejected,p1_0.seller_email,p1_0.seller_username,p1_0.state,p1_0.title,p1_0.total_floors,p1_0.type,p1_0.user_id,p1_0.user_type,p1_0.verified from properties p1_0 where p1_0.type=?
Hibernate: select u1_0.id,u1_0.bio,u1_0.blocked,u1_0.city,u1_0.email,u1_0.email_verified,u1_0.full_name,u1_0.mobile_number,u1_0.password,u1_0.profile_picture,u1_0.role,u1_0.state,u1_0.username,u1_0.verified from users u1_0 where u1_0.id=?
Hibernate: select i1_0.property_id,i1_0.image_name from property_images i1_0 where i1_0.property_id=?
Hibernate: select u1_0.id,u1_0.bio,u1_0.blocked,u1_0.city,u1_0.email,u1_0.email_verified,u1_0.full_name,u1_0.mobile_number,u1_0.password,u1_0.profile_picture,u1_0.role,u1_0.state,u1_0.username,u1_0.verified from users u1_0 where u1_0.email=?
Hibernate: select p1_0.id,p1_0.address,p1_0.approved,p1_0.area,p1_0.balconies,p1_0.bathrooms,p1_0.bedrooms,p1_0.carpet_area,p1_0.category,p1_0.city,p1_0.contact_number,p1_0.created_at,p1_0.description,p1_0.featured,p1_0.floor_number,p1_0.latitude,p1_0.location,p1_0.longitude,p1_0.pincode,p1_0.price,p1_0.property_age,p1_0.property_status,p1_0.rejected,p1_0.seller_email,p1_0.seller_username,p1_0.state,p1_0.title,p1_0.total_floors,p1_0.type,p1_0.user_id,p1_0.user_type,p1_0.verified from properties p1_0 where p1_0.type=?
Hibernate: select v1_0.property_id,v1_0.video_name from property_videos v1_0 where v1_0.property_id=?
Hibernate: select a1_0.property_id,a1_0.amenity from property_amenities a1_0 where a1_0.property_id=?
✅ SECURITY: Unread messages access verified for user 3
Hibernate: select i1_0.property_id,i1_0.image_name from property_images i1_0 where i1_0.property_id=?
Hibernate: select v1_0.property_id,v1_0.video_name from property_videos v1_0 where v1_0.property_id=?
Hibernate: select a1_0.property_id,a1_0.amenity from property_amenities a1_0 where a1_0.property_id=?
Hibernate: select u1_0.id,u1_0.bio,u1_0.blocked,u1_0.city,u1_0.email,u1_0.email_verified,u1_0.full_name,u1_0.mobile_number,u1_0.password,u1_0.profile_picture,u1_0.role,u1_0.state,u1_0.username,u1_0.verified from users u1_0 where u1_0.id=?
Hibernate: select i1_0.property_id,i1_0.image_name from property_images i1_0 where i1_0.property_id=?
Hibernate: select v1_0.property_id,v1_0.video_name from property_videos v1_0 where v1_0.property_id=?
Hibernate: select a1_0.property_id,a1_0.amenity from property_amenities a1_0 where a1_0.property_id=?
Hibernate: select i1_0.property_id,i1_0.image_name from property_images i1_0 where i1_0.property_id=?
Hibernate: select v1_0.property_id,v1_0.video_name from property_videos v1_0 where v1_0.property_id=?
Hibernate: select a1_0.property_id,a1_0.amenity from property_amenities a1_0 where a1_0.property_id=?
Hibernate: select i1_0.property_id,i1_0.image_name from property_images i1_0 where i1_0.property_id=?
Hibernate: select v1_0.property_id,v1_0.video_name from property_videos v1_0 where v1_0.property_id=?
Hibernate: select a1_0.property_id,a1_0.amenity from property_amenities a1_0 where a1_0.property_id=?
Hibernate: select c1_0.id,c1_0.is_read,c1_0.message,c1_0.property_id,c1_0.receiver_id,c1_0.sender_id,c1_0.timestamp from chat_messages c1_0 where c1_0.receiver_id=? and not(c1_0.is_read)
Hibernate: select i1_0.property_id,i1_0.image_name from property_images i1_0 where i1_0.property_id=?
Hibernate: select v1_0.property_id,v1_0.video_name from property_videos v1_0 where v1_0.property_id=?
Hibernate: select a1_0.property_id,a1_0.amenity from property_amenities a1_0 where a1_0.property_id=?
Hibernate: select i1_0.property_id,i1_0.image_name from property_images i1_0 where i1_0.property_id=?
Hibernate: select i1_0.property_id,i1_0.image_name from property_images i1_0 where i1_0.property_id=?
Hibernate: select v1_0.property_id,v1_0.video_name from property_videos v1_0 where v1_0.property_id=?
Hibernate: select v1_0.property_id,v1_0.video_name from property_videos v1_0 where v1_0.property_id=?
Hibernate: select a1_0.property_id,a1_0.amenity from property_amenities a1_0 where a1_0.property_id=?
Hibernate: select a1_0.property_id,a1_0.amenity from property_amenities a1_0 where a1_0.property_id=?
Hibernate: select i1_0.property_id,i1_0.image_name from property_images i1_0 where i1_0.property_id=?
Hibernate: select i1_0.property_id,i1_0.image_name from property_images i1_0 where i1_0.property_id=?
Hibernate: select v1_0.property_id,v1_0.video_name from property_videos v1_0 where v1_0.property_id=?
Hibernate: select v1_0.property_id,v1_0.video_name from property_videos v1_0 where v1_0.property_id=?
Hibernate: select a1_0.property_id,a1_0.amenity from property_amenities a1_0 where a1_0.property_id=?
Hibernate: select a1_0.property_id,a1_0.amenity from property_amenities a1_0 where a1_0.property_id=?
Hibernate: select i1_0.property_id,i1_0.image_name from property_images i1_0 where i1_0.property_id=?
Hibernate: select i1_0.property_id,i1_0.image_name from property_images i1_0 where i1_0.property_id=?
Hibernate: select v1_0.property_id,v1_0.video_name from property_videos v1_0 where v1_0.property_id=?
Hibernate: select v1_0.property_id,v1_0.video_name from property_videos v1_0 where v1_0.property_id=?
Hibernate: select a1_0.property_id,a1_0.amenity from property_amenities a1_0 where a1_0.property_id=?
Hibernate: select a1_0.property_id,a1_0.amenity from property_amenities a1_0 where a1_0.property_id=?
Hibernate: select i1_0.property_id,i1_0.image_name from property_images i1_0 where i1_0.property_id=?
Hibernate: select i1_0.property_id,i1_0.image_name from property_images i1_0 where i1_0.property_id=?
Hibernate: select v1_0.property_id,v1_0.video_name from property_videos v1_0 where v1_0.property_id=?
Hibernate: select v1_0.property_id,v1_0.video_name from property_videos v1_0 where v1_0.property_id=?
Hibernate: select a1_0.property_id,a1_0.amenity from property_amenities a1_0 where a1_0.property_id=?
Hibernate: select a1_0.property_id,a1_0.amenity from property_amenities a1_0 where a1_0.property_id=?
Hibernate: select i1_0.property_id,i1_0.image_name from property_images i1_0 where i1_0.property_id=?
Hibernate: select i1_0.property_id,i1_0.image_name from property_images i1_0 where i1_0.property_id=?
Hibernate: select v1_0.property_id,v1_0.video_name from property_videos v1_0 where v1_0.property_id=?
Hibernate: select v1_0.property_id,v1_0.video_name from property_videos v1_0 where v1_0.property_id=?
Hibernate: select a1_0.property_id,a1_0.amenity from property_amenities a1_0 where a1_0.property_id=?
Hibernate: select a1_0.property_id,a1_0.amenity from property_amenities a1_0 where a1_0.property_id=?
Hibernate: select i1_0.property_id,i1_0.image_name from property_images i1_0 where i1_0.property_id=?
Hibernate: select i1_0.property_id,i1_0.image_name from property_images i1_0 where i1_0.property_id=?
Hibernate: select v1_0.property_id,v1_0.video_name from property_videos v1_0 where v1_0.property_id=?
Hibernate: select v1_0.property_id,v1_0.video_name from property_videos v1_0 where v1_0.property_id=?
Hibernate: select a1_0.property_id,a1_0.amenity from property_amenities a1_0 where a1_0.property_id=?
Hibernate: select a1_0.property_id,a1_0.amenity from property_amenities a1_0 where a1_0.property_id=?
Hibernate: select i1_0.property_id,i1_0.image_name from property_images i1_0 where i1_0.property_id=?
Hibernate: select i1_0.property_id,i1_0.image_name from property_images i1_0 where i1_0.property_id=?
Hibernate: select v1_0.property_id,v1_0.video_name from property_videos v1_0 where v1_0.property_id=?
Hibernate: select v1_0.property_id,v1_0.video_name from property_videos v1_0 where v1_0.property_id=?
Hibernate: select a1_0.property_id,a1_0.amenity from property_amenities a1_0 where a1_0.property_id=?
Hibernate: select a1_0.property_id,a1_0.amenity from property_amenities a1_0 where a1_0.property_id=?
Hibernate: select i1_0.property_id,i1_0.image_name from property_images i1_0 where i1_0.property_id=?
Hibernate: select i1_0.property_id,i1_0.image_name from property_images i1_0 where i1_0.property_id=?
Hibernate: select v1_0.property_id,v1_0.video_name from property_videos v1_0 where v1_0.property_id=?
Hibernate: select v1_0.property_id,v1_0.video_name from property_videos v1_0 where v1_0.property_id=?
Hibernate: select a1_0.property_id,a1_0.amenity from property_amenities a1_0 where a1_0.property_id=?
Hibernate: select a1_0.property_id,a1_0.amenity from property_amenities a1_0 where a1_0.property_id=?
Hibernate: select i1_0.property_id,i1_0.image_name from property_images i1_0 where i1_0.property_id=?
Hibernate: select i1_0.property_id,i1_0.image_name from property_images i1_0 where i1_0.property_id=?
Hibernate: select v1_0.property_id,v1_0.video_name from property_videos v1_0 where v1_0.property_id=?
Hibernate: select v1_0.property_id,v1_0.video_name from property_videos v1_0 where v1_0.property_id=?
Hibernate: select a1_0.property_id,a1_0.amenity from property_amenities a1_0 where a1_0.property_id=?
Hibernate: select a1_0.property_id,a1_0.amenity from property_amenities a1_0 where a1_0.property_id=?
Hibernate: select i1_0.property_id,i1_0.image_name from property_images i1_0 where i1_0.property_id=?
Hibernate: select i1_0.property_id,i1_0.image_name from property_images i1_0 where i1_0.property_id=?
Hibernate: select v1_0.property_id,v1_0.video_name from property_videos v1_0 where v1_0.property_id=?
Hibernate: select v1_0.property_id,v1_0.video_name from property_videos v1_0 where v1_0.property_id=?
Hibernate: select a1_0.property_id,a1_0.amenity from property_amenities a1_0 where a1_0.property_id=?
Hibernate: select a1_0.property_id,a1_0.amenity from property_amenities a1_0 where a1_0.property_id=?
Hibernate: select i1_0.property_id,i1_0.image_name from property_images i1_0 where i1_0.property_id=?
Hibernate: select i1_0.property_id,i1_0.image_name from property_images i1_0 where i1_0.property_id=?
Hibernate: select v1_0.property_id,v1_0.video_name from property_videos v1_0 where v1_0.property_id=?
Hibernate: select v1_0.property_id,v1_0.video_name from property_videos v1_0 where v1_0.property_id=?
Hibernate: select a1_0.property_id,a1_0.amenity from property_amenities a1_0 where a1_0.property_id=?
Hibernate: select a1_0.property_id,a1_0.amenity from property_amenities a1_0 where a1_0.property_id=?
Hibernate: select i1_0.property_id,i1_0.image_name from property_images i1_0 where i1_0.property_id=?
Hibernate: select i1_0.property_id,i1_0.image_name from property_images i1_0 where i1_0.property_id=?
Hibernate: select v1_0.property_id,v1_0.video_name from property_videos v1_0 where v1_0.property_id=?
Hibernate: select v1_0.property_id,v1_0.video_name from property_videos v1_0 where v1_0.property_id=?
Hibernate: select a1_0.property_id,a1_0.amenity from property_amenities a1_0 where a1_0.property_id=?
Hibernate: select a1_0.property_id,a1_0.amenity from property_amenities a1_0 where a1_0.property_id=?
Hibernate: select i1_0.property_id,i1_0.image_name from property_images i1_0 where i1_0.property_id=?
Hibernate: select i1_0.property_id,i1_0.image_name from property_images i1_0 where i1_0.property_id=?
Hibernate: select v1_0.property_id,v1_0.video_name from property_videos v1_0 where v1_0.property_id=?
Hibernate: select v1_0.property_id,v1_0.video_name from property_videos v1_0 where v1_0.property_id=?
Hibernate: select a1_0.property_id,a1_0.amenity from property_amenities a1_0 where a1_0.property_id=?
Hibernate: select a1_0.property_id,a1_0.amenity from property_amenities a1_0 where a1_0.property_id=?
Hibernate: select i1_0.property_id,i1_0.image_name from property_images i1_0 where i1_0.property_id=?
Hibernate: select i1_0.property_id,i1_0.image_name from property_images i1_0 where i1_0.property_id=?
Hibernate: select v1_0.property_id,v1_0.video_name from property_videos v1_0 where v1_0.property_id=?
Hibernate: select v1_0.property_id,v1_0.video_name from property_videos v1_0 where v1_0.property_id=?
Hibernate: select a1_0.property_id,a1_0.amenity from property_amenities a1_0 where a1_0.property_id=?
Hibernate: select a1_0.property_id,a1_0.amenity from property_amenities a1_0 where a1_0.property_id=?
Hibernate: select i1_0.property_id,i1_0.image_name from property_images i1_0 where i1_0.property_id=?
Hibernate: select i1_0.property_id,i1_0.image_name from property_images i1_0 where i1_0.property_id=?
Hibernate: select v1_0.property_id,v1_0.video_name from property_videos v1_0 where v1_0.property_id=?
Hibernate: select v1_0.property_id,v1_0.video_name from property_videos v1_0 where v1_0.property_id=?
Hibernate: select a1_0.property_id,a1_0.amenity from property_amenities a1_0 where a1_0.property_id=?
Hibernate: select a1_0.property_id,a1_0.amenity from property_amenities a1_0 where a1_0.property_id=?
Hibernate: select i1_0.property_id,i1_0.image_name from property_images i1_0 where i1_0.property_id=?
Hibernate: select i1_0.property_id,i1_0.image_name from property_images i1_0 where i1_0.property_id=?
Hibernate: select v1_0.property_id,v1_0.video_name from property_videos v1_0 where v1_0.property_id=?
Hibernate: select v1_0.property_id,v1_0.video_name from property_videos v1_0 where v1_0.property_id=?
Hibernate: select a1_0.property_id,a1_0.amenity from property_amenities a1_0 where a1_0.property_id=?
Hibernate: select a1_0.property_id,a1_0.amenity from property_amenities a1_0 where a1_0.property_id=?
Hibernate: select i1_0.property_id,i1_0.image_name from property_images i1_0 where i1_0.property_id=?
Hibernate: select v1_0.property_id,v1_0.video_name from property_videos v1_0 where v1_0.property_id=?
Hibernate: select i1_0.property_id,i1_0.image_name from property_images i1_0 where i1_0.property_id=?
Hibernate: select a1_0.property_id,a1_0.amenity from property_amenities a1_0 where a1_0.property_id=?
Hibernate: select v1_0.property_id,v1_0.video_name from property_videos v1_0 where v1_0.property_id=?
Hibernate: select i1_0.property_id,i1_0.image_name from property_images i1_0 where i1_0.property_id=?
Hibernate: select a1_0.property_id,a1_0.amenity from property_amenities a1_0 where a1_0.property_id=?
Hibernate: select v1_0.property_id,v1_0.video_name from property_videos v1_0 where v1_0.property_id=?
Hibernate: select a1_0.property_id,a1_0.amenity from property_amenities a1_0 where a1_0.property_id=?
Hibernate: select i1_0.property_id,i1_0.image_name from property_images i1_0 where i1_0.property_id=?
Hibernate: select i1_0.property_id,i1_0.image_name from property_images i1_0 where i1_0.property_id=?
Hibernate: select v1_0.property_id,v1_0.video_name from property_videos v1_0 where v1_0.property_id=?
Hibernate: select v1_0.property_id,v1_0.video_name from property_videos v1_0 where v1_0.property_id=?
Hibernate: select a1_0.property_id,a1_0.amenity from property_amenities a1_0 where a1_0.property_id=?
Hibernate: select a1_0.property_id,a1_0.amenity from property_amenities a1_0 where a1_0.property_id=?
Hibernate: select i1_0.property_id,i1_0.image_name from property_images i1_0 where i1_0.property_id=?
Hibernate: select v1_0.property_id,v1_0.video_name from property_videos v1_0 where v1_0.property_id=?
Hibernate: select i1_0.property_id,i1_0.image_name from property_images i1_0 where i1_0.property_id=?
Hibernate: select a1_0.property_id,a1_0.amenity from property_amenities a1_0 where a1_0.property_id=?
Hibernate: select v1_0.property_id,v1_0.video_name from property_videos v1_0 where v1_0.property_id=?
Hibernate: select a1_0.property_id,a1_0.amenity from property_amenities a1_0 where a1_0.property_id=?
Hibernate: select i1_0.property_id,i1_0.image_name from property_images i1_0 where i1_0.property_id=?
Hibernate: select i1_0.property_id,i1_0.image_name from property_images i1_0 where i1_0.property_id=?
Hibernate: select v1_0.property_id,v1_0.video_name from property_videos v1_0 where v1_0.property_id=?
Hibernate: select v1_0.property_id,v1_0.video_name from property_videos v1_0 where v1_0.property_id=?
Hibernate: select a1_0.property_id,a1_0.amenity from property_amenities a1_0 where a1_0.property_id=?
Hibernate: select a1_0.property_id,a1_0.amenity from property_amenities a1_0 where a1_0.property_id=?
Hibernate: select i1_0.property_id,i1_0.image_name from property_images i1_0 where i1_0.property_id=?
Hibernate: select i1_0.property_id,i1_0.image_name from property_images i1_0 where i1_0.property_id=?
Hibernate: select v1_0.property_id,v1_0.video_name from property_videos v1_0 where v1_0.property_id=?
Hibernate: select v1_0.property_id,v1_0.video_name from property_videos v1_0 where v1_0.property_id=?
Hibernate: select a1_0.property_id,a1_0.amenity from property_amenities a1_0 where a1_0.property_id=?
Hibernate: select a1_0.property_id,a1_0.amenity from property_amenities a1_0 where a1_0.property_id=?
Hibernate: select i1_0.property_id,i1_0.image_name from property_images i1_0 where i1_0.property_id=?
Hibernate: select i1_0.property_id,i1_0.image_name from property_images i1_0 where i1_0.property_id=?
Hibernate: select v1_0.property_id,v1_0.video_name from property_videos v1_0 where v1_0.property_id=?
Hibernate: select v1_0.property_id,v1_0.video_name from property_videos v1_0 where v1_0.property_id=?
Hibernate: select a1_0.property_id,a1_0.amenity from property_amenities a1_0 where a1_0.property_id=?
Hibernate: select a1_0.property_id,a1_0.amenity from property_amenities a1_0 where a1_0.property_id=?
Hibernate: select i1_0.property_id,i1_0.image_name from property_images i1_0 where i1_0.property_id=?
Hibernate: select i1_0.property_id,i1_0.image_name from property_images i1_0 where i1_0.property_id=?
Hibernate: select v1_0.property_id,v1_0.video_name from property_videos v1_0 where v1_0.property_id=?
Hibernate: select v1_0.property_id,v1_0.video_name from property_videos v1_0 where v1_0.property_id=?
Hibernate: select a1_0.property_id,a1_0.amenity from property_amenities a1_0 where a1_0.property_id=?
Hibernate: select a1_0.property_id,a1_0.amenity from property_amenities a1_0 where a1_0.property_id=?
Hibernate: select i1_0.property_id,i1_0.image_name from property_images i1_0 where i1_0.property_id=?
Hibernate: select i1_0.property_id,i1_0.image_name from property_images i1_0 where i1_0.property_id=?
Hibernate: select v1_0.property_id,v1_0.video_name from property_videos v1_0 where v1_0.property_id=?
Hibernate: select v1_0.property_id,v1_0.video_name from property_videos v1_0 where v1_0.property_id=?
Hibernate: select a1_0.property_id,a1_0.amenity from property_amenities a1_0 where a1_0.property_id=?
Hibernate: select a1_0.property_id,a1_0.amenity from property_amenities a1_0 where a1_0.property_id=?
Hibernate: select i1_0.property_id,i1_0.image_name from property_images i1_0 where i1_0.property_id=?
Hibernate: select v1_0.property_id,v1_0.video_name from property_videos v1_0 where v1_0.property_id=?
Hibernate: select a1_0.property_id,a1_0.amenity from property_amenities a1_0 where a1_0.property_id=?
Hibernate: select i1_0.property_id,i1_0.image_name from property_images i1_0 where i1_0.property_id=?
Hibernate: select v1_0.property_id,v1_0.video_name from property_videos v1_0 where v1_0.property_id=?
Hibernate: select a1_0.property_id,a1_0.amenity from property_amenities a1_0 where a1_0.property_id=?
Hibernate: select i1_0.property_id,i1_0.image_name from property_images i1_0 where i1_0.property_id=?
Hibernate: select v1_0.property_id,v1_0.video_name from property_videos v1_0 where v1_0.property_id=?
Hibernate: select u1_0.id,u1_0.bio,u1_0.blocked,u1_0.city,u1_0.email,u1_0.email_verified,u1_0.full_name,u1_0.mobile_number,u1_0.password,u1_0.profile_picture,u1_0.role,u1_0.state,u1_0.username,u1_0.verified from users u1_0 where u1_0.email=?
Hibernate: select a1_0.property_id,a1_0.amenity from property_amenities a1_0 where a1_0.property_id=?
Hibernate: select i1_0.property_id,i1_0.image_name from property_images i1_0 where i1_0.property_id=?
Hibernate: select v1_0.property_id,v1_0.video_name from property_videos v1_0 where v1_0.property_id=?
Hibernate: select a1_0.property_id,a1_0.amenity from property_amenities a1_0 where a1_0.property_id=?
Hibernate: select i1_0.property_id,i1_0.image_name from property_images i1_0 where i1_0.property_id=?
Hibernate: select v1_0.property_id,v1_0.video_name from property_videos v1_0 where v1_0.property_id=?
Hibernate: select a1_0.property_id,a1_0.amenity from property_amenities a1_0 where a1_0.property_id=?
Hibernate: select p1_0.id,p1_0.address,p1_0.approved,p1_0.area,p1_0.balconies,p1_0.bathrooms,p1_0.bedrooms,p1_0.carpet_area,p1_0.category,p1_0.city,p1_0.contact_number,p1_0.created_at,p1_0.description,p1_0.featured,p1_0.floor_number,p1_0.latitude,p1_0.location,p1_0.longitude,p1_0.pincode,p1_0.price,p1_0.property_age,p1_0.property_status,p1_0.rejected,p1_0.seller_email,p1_0.seller_username,p1_0.state,p1_0.title,p1_0.total_floors,p1_0.type,p1_0.user_id,p1_0.user_type,p1_0.verified from properties p1_0 where p1_0.type=?
Hibernate: select u1_0.id,u1_0.bio,u1_0.blocked,u1_0.city,u1_0.email,u1_0.email_verified,u1_0.full_name,u1_0.mobile_number,u1_0.password,u1_0.profile_picture,u1_0.role,u1_0.state,u1_0.username,u1_0.verified from users u1_0 where u1_0.id=?
Hibernate: select i1_0.property_id,i1_0.image_name from property_images i1_0 where i1_0.property_id=?
Hibernate: select v1_0.property_id,v1_0.video_name from property_videos v1_0 where v1_0.property_id=?
Hibernate: select a1_0.property_id,a1_0.amenity from property_amenities a1_0 where a1_0.property_id=?
Hibernate: select i1_0.property_id,i1_0.image_name from property_images i1_0 where i1_0.property_id=?
Hibernate: select v1_0.property_id,v1_0.video_name from property_videos v1_0 where v1_0.property_id=?
Hibernate: select a1_0.property_id,a1_0.amenity from property_amenities a1_0 where a1_0.property_id=?
Hibernate: select i1_0.property_id,i1_0.image_name from property_images i1_0 where i1_0.property_id=?
Hibernate: select v1_0.property_id,v1_0.video_name from property_videos v1_0 where v1_0.property_id=?
Hibernate: select a1_0.property_id,a1_0.amenity from property_amenities a1_0 where a1_0.property_id=?
Hibernate: select i1_0.property_id,i1_0.image_name from property_images i1_0 where i1_0.property_id=?
Hibernate: select v1_0.property_id,v1_0.video_name from property_videos v1_0 where v1_0.property_id=?
Hibernate: select a1_0.property_id,a1_0.amenity from property_amenities a1_0 where a1_0.property_id=?
Hibernate: select i1_0.property_id,i1_0.image_name from property_images i1_0 where i1_0.property_id=?
Hibernate: select v1_0.property_id,v1_0.video_name from property_videos v1_0 where v1_0.property_id=?
Hibernate: select a1_0.property_id,a1_0.amenity from property_amenities a1_0 where a1_0.property_id=?
Hibernate: select i1_0.property_id,i1_0.image_name from property_images i1_0 where i1_0.property_id=?
Hibernate: select v1_0.property_id,v1_0.video_name from property_videos v1_0 where v1_0.property_id=?
Hibernate: select a1_0.property_id,a1_0.amenity from property_amenities a1_0 where a1_0.property_id=?
Hibernate: select i1_0.property_id,i1_0.image_name from property_images i1_0 where i1_0.property_id=?
Hibernate: select v1_0.property_id,v1_0.video_name from property_videos v1_0 where v1_0.property_id=?
Hibernate: select a1_0.property_id,a1_0.amenity from property_amenities a1_0 where a1_0.property_id=?
Hibernate: select i1_0.property_id,i1_0.image_name from property_images i1_0 where i1_0.property_id=?
Hibernate: select v1_0.property_id,v1_0.video_name from property_videos v1_0 where v1_0.property_id=?
Hibernate: select a1_0.property_id,a1_0.amenity from property_amenities a1_0 where a1_0.property_id=?
Hibernate: select i1_0.property_id,i1_0.image_name from property_images i1_0 where i1_0.property_id=?
Hibernate: select v1_0.property_id,v1_0.video_name from property_videos v1_0 where v1_0.property_id=?
Hibernate: select a1_0.property_id,a1_0.amenity from property_amenities a1_0 where a1_0.property_id=?
Hibernate: select i1_0.property_id,i1_0.image_name from property_images i1_0 where i1_0.property_id=?
Hibernate: select v1_0.property_id,v1_0.video_name from property_videos v1_0 where v1_0.property_id=?
Hibernate: select a1_0.property_id,a1_0.amenity from property_amenities a1_0 where a1_0.property_id=?
Hibernate: select i1_0.property_id,i1_0.image_name from property_images i1_0 where i1_0.property_id=?
Hibernate: select v1_0.property_id,v1_0.video_name from property_videos v1_0 where v1_0.property_id=?
Hibernate: select a1_0.property_id,a1_0.amenity from property_amenities a1_0 where a1_0.property_id=?
Hibernate: select i1_0.property_id,i1_0.image_name from property_images i1_0 where i1_0.property_id=?
Hibernate: select v1_0.property_id,v1_0.video_name from property_videos v1_0 where v1_0.property_id=?
Hibernate: select a1_0.property_id,a1_0.amenity from property_amenities a1_0 where a1_0.property_id=?
Hibernate: select i1_0.property_id,i1_0.image_name from property_images i1_0 where i1_0.property_id=?
Hibernate: select v1_0.property_id,v1_0.video_name from property_videos v1_0 where v1_0.property_id=?
Hibernate: select a1_0.property_id,a1_0.amenity from property_amenities a1_0 where a1_0.property_id=?
Hibernate: select i1_0.property_id,i1_0.image_name from property_images i1_0 where i1_0.property_id=?
Hibernate: select v1_0.property_id,v1_0.video_name from property_videos v1_0 where v1_0.property_id=?
Hibernate: select a1_0.property_id,a1_0.amenity from property_amenities a1_0 where a1_0.property_id=?
Hibernate: select i1_0.property_id,i1_0.image_name from property_images i1_0 where i1_0.property_id=?
Hibernate: select v1_0.property_id,v1_0.video_name from property_videos v1_0 where v1_0.property_id=?
Hibernate: select a1_0.property_id,a1_0.amenity from property_amenities a1_0 where a1_0.property_id=?
Hibernate: select i1_0.property_id,i1_0.image_name from property_images i1_0 where i1_0.property_id=?
Hibernate: select v1_0.property_id,v1_0.video_name from property_videos v1_0 where v1_0.property_id=?
Hibernate: select a1_0.property_id,a1_0.amenity from property_amenities a1_0 where a1_0.property_id=?
Hibernate: select i1_0.property_id,i1_0.image_name from property_images i1_0 where i1_0.property_id=?
Hibernate: select v1_0.property_id,v1_0.video_name from property_videos v1_0 where v1_0.property_id=?
Hibernate: select a1_0.property_id,a1_0.amenity from property_amenities a1_0 where a1_0.property_id=?
Hibernate: select i1_0.property_id,i1_0.image_name from property_images i1_0 where i1_0.property_id=?
Hibernate: select v1_0.property_id,v1_0.video_name from property_videos v1_0 where v1_0.property_id=?
Hibernate: select a1_0.property_id,a1_0.amenity from property_amenities a1_0 where a1_0.property_id=?
Hibernate: select i1_0.property_id,i1_0.image_name from property_images i1_0 where i1_0.property_id=?
Hibernate: select v1_0.property_id,v1_0.video_name from property_videos v1_0 where v1_0.property_id=?
Hibernate: select a1_0.property_id,a1_0.amenity from property_amenities a1_0 where a1_0.property_id=?
Hibernate: select i1_0.property_id,i1_0.image_name from property_images i1_0 where i1_0.property_id=?
Hibernate: select v1_0.property_id,v1_0.video_name from property_videos v1_0 where v1_0.property_id=?
Hibernate: select a1_0.property_id,a1_0.amenity from property_amenities a1_0 where a1_0.property_id=?
Hibernate: select i1_0.property_id,i1_0.image_name from property_images i1_0 where i1_0.property_id=?
Hibernate: select v1_0.property_id,v1_0.video_name from property_videos v1_0 where v1_0.property_id=?
Hibernate: select a1_0.property_id,a1_0.amenity from property_amenities a1_0 where a1_0.property_id=?
Hibernate: select i1_0.property_id,i1_0.image_name from property_images i1_0 where i1_0.property_id=?
Hibernate: select v1_0.property_id,v1_0.video_name from property_videos v1_0 where v1_0.property_id=?
Hibernate: select a1_0.property_id,a1_0.amenity from property_amenities a1_0 where a1_0.property_id=?
Hibernate: select i1_0.property_id,i1_0.image_name from property_images i1_0 where i1_0.property_id=?
Hibernate: select v1_0.property_id,v1_0.video_name from property_videos v1_0 where v1_0.property_id=?
Hibernate: select a1_0.property_id,a1_0.amenity from property_amenities a1_0 where a1_0.property_id=?
Hibernate: select i1_0.property_id,i1_0.image_name from property_images i1_0 where i1_0.property_id=?
Hibernate: select v1_0.property_id,v1_0.video_name from property_videos v1_0 where v1_0.property_id=?
Hibernate: select a1_0.property_id,a1_0.amenity from property_amenities a1_0 where a1_0.property_id=?
Hibernate: select i1_0.property_id,i1_0.image_name from property_images i1_0 where i1_0.property_id=?
Hibernate: select v1_0.property_id,v1_0.video_name from property_videos v1_0 where v1_0.property_id=?
Hibernate: select a1_0.property_id,a1_0.amenity from property_amenities a1_0 where a1_0.property_id=?
Hibernate: select i1_0.property_id,i1_0.image_name from property_images i1_0 where i1_0.property_id=?
Hibernate: select v1_0.property_id,v1_0.video_name from property_videos v1_0 where v1_0.property_id=?
Hibernate: select a1_0.property_id,a1_0.amenity from property_amenities a1_0 where a1_0.property_id=?
Hibernate: select i1_0.property_id,i1_0.image_name from property_images i1_0 where i1_0.property_id=?
Hibernate: select v1_0.property_id,v1_0.video_name from property_videos v1_0 where v1_0.property_id=?
Hibernate: select a1_0.property_id,a1_0.amenity from property_amenities a1_0 where a1_0.property_id=?
Hibernate: select i1_0.property_id,i1_0.image_name from property_images i1_0 where i1_0.property_id=?
Hibernate: select v1_0.property_id,v1_0.video_name from property_videos v1_0 where v1_0.property_id=?
Hibernate: select a1_0.property_id,a1_0.amenity from property_amenities a1_0 where a1_0.property_id=?
Hibernate: select i1_0.property_id,i1_0.image_name from property_images i1_0 where i1_0.property_id=?
Hibernate: select v1_0.property_id,v1_0.video_name from property_videos v1_0 where v1_0.property_id=?
Hibernate: select a1_0.property_id,a1_0.amenity from property_amenities a1_0 where a1_0.property_id=?
Hibernate: select i1_0.property_id,i1_0.image_name from property_images i1_0 where i1_0.property_id=?
Hibernate: select v1_0.property_id,v1_0.video_name from property_videos v1_0 where v1_0.property_id=?
Hibernate: select a1_0.property_id,a1_0.amenity from property_amenities a1_0 where a1_0.property_id=?
Hibernate: select i1_0.property_id,i1_0.image_name from property_images i1_0 where i1_0.property_id=?
Hibernate: select v1_0.property_id,v1_0.video_name from property_videos v1_0 where v1_0.property_id=?
Hibernate: select a1_0.property_id,a1_0.amenity from property_amenities a1_0 where a1_0.property_id=?
Hibernate: select i1_0.property_id,i1_0.image_name from property_images i1_0 where i1_0.property_id=?
Hibernate: select v1_0.property_id,v1_0.video_name from property_videos v1_0 where v1_0.property_id=?
Hibernate: select a1_0.property_id,a1_0.amenity from property_amenities a1_0 where a1_0.property_id=?
Hibernate: select i1_0.property_id,i1_0.image_name from property_images i1_0 where i1_0.property_id=?
Hibernate: select v1_0.property_id,v1_0.video_name from property_videos v1_0 where v1_0.property_id=?
Hibernate: select a1_0.property_id,a1_0.amenity from property_amenities a1_0 where a1_0.property_id=?
Hibernate: select i1_0.property_id,i1_0.image_name from property_images i1_0 where i1_0.property_id=?
Hibernate: select v1_0.property_id,v1_0.video_name from property_videos v1_0 where v1_0.property_id=?
Hibernate: select a1_0.property_id,a1_0.amenity from property_amenities a1_0 where a1_0.property_id=?
Hibernate: select i1_0.property_id,i1_0.image_name from property_images i1_0 where i1_0.property_id=?
Hibernate: select v1_0.property_id,v1_0.video_name from property_videos v1_0 where v1_0.property_id=?
Hibernate: select a1_0.property_id,a1_0.amenity from property_amenities a1_0 where a1_0.property_id=?
Hibernate: select u1_0.id,u1_0.bio,u1_0.blocked,u1_0.city,u1_0.email,u1_0.email_verified,u1_0.full_name,u1_0.mobile_number,u1_0.password,u1_0.profile_picture,u1_0.role,u1_0.state,u1_0.username,u1_0.verified from users u1_0 where u1_0.email=?
Hibernate: select u1_0.id,u1_0.bio,u1_0.blocked,u1_0.city,u1_0.email,u1_0.email_verified,u1_0.full_name,u1_0.mobile_number,u1_0.password,u1_0.profile_picture,u1_0.role,u1_0.state,u1_0.username,u1_0.verified from users u1_0 where u1_0.email=?
Hibernate: select p1_0.id,p1_0.address,p1_0.approved,p1_0.area,p1_0.balconies,p1_0.bathrooms,p1_0.bedrooms,p1_0.carpet_area,p1_0.category,p1_0.city,p1_0.contact_number,p1_0.created_at,p1_0.description,p1_0.featured,p1_0.floor_number,p1_0.latitude,p1_0.location,p1_0.longitude,p1_0.pincode,p1_0.price,p1_0.property_age,p1_0.property_status,p1_0.rejected,p1_0.seller_email,p1_0.seller_username,p1_0.state,p1_0.title,p1_0.total_floors,p1_0.type,p1_0.user_id,p1_0.user_type,p1_0.verified from properties p1_0 where p1_0.category=?
Hibernate: select p1_0.id,p1_0.address,p1_0.approved,p1_0.area,p1_0.balconies,p1_0.bathrooms,p1_0.bedrooms,p1_0.carpet_area,p1_0.category,p1_0.city,p1_0.contact_number,p1_0.created_at,p1_0.description,p1_0.featured,p1_0.floor_number,p1_0.latitude,p1_0.location,p1_0.longitude,p1_0.pincode,p1_0.price,p1_0.property_age,p1_0.property_status,p1_0.rejected,p1_0.seller_email,p1_0.seller_username,p1_0.state,p1_0.title,p1_0.total_floors,p1_0.type,p1_0.user_id,p1_0.user_type,p1_0.verified from properties p1_0 where p1_0.type=?
Hibernate: select u1_0.id,u1_0.bio,u1_0.blocked,u1_0.city,u1_0.email,u1_0.email_verified,u1_0.full_name,u1_0.mobile_number,u1_0.password,u1_0.profile_picture,u1_0.role,u1_0.state,u1_0.username,u1_0.verified from users u1_0 where u1_0.id=?
Hibernate: select u1_0.id,u1_0.bio,u1_0.blocked,u1_0.city,u1_0.email,u1_0.email_verified,u1_0.full_name,u1_0.mobile_number,u1_0.password,u1_0.profile_picture,u1_0.role,u1_0.state,u1_0.username,u1_0.verified from users u1_0 where u1_0.id=?
Hibernate: select i1_0.property_id,i1_0.image_name from property_images i1_0 where i1_0.property_id=?
Hibernate: select i1_0.property_id,i1_0.image_name from property_images i1_0 where i1_0.property_id=?
Hibernate: select v1_0.property_id,v1_0.video_name from property_videos v1_0 where v1_0.property_id=?
Hibernate: select v1_0.property_id,v1_0.video_name from property_videos v1_0 where v1_0.property_id=?
Hibernate: select a1_0.property_id,a1_0.amenity from property_amenities a1_0 where a1_0.property_id=?
Hibernate: select a1_0.property_id,a1_0.amenity from property_amenities a1_0 where a1_0.property_id=?
Hibernate: select i1_0.property_id,i1_0.image_name from property_images i1_0 where i1_0.property_id=?
Hibernate: select i1_0.property_id,i1_0.image_name from property_images i1_0 where i1_0.property_id=?
Hibernate: select v1_0.property_id,v1_0.video_name from property_videos v1_0 where v1_0.property_id=?
Hibernate: select v1_0.property_id,v1_0.video_name from property_videos v1_0 where v1_0.property_id=?
Hibernate: select a1_0.property_id,a1_0.amenity from property_amenities a1_0 where a1_0.property_id=?
Hibernate: select a1_0.property_id,a1_0.amenity from property_amenities a1_0 where a1_0.property_id=?
Hibernate: select i1_0.property_id,i1_0.image_name from property_images i1_0 where i1_0.property_id=?
Hibernate: select i1_0.property_id,i1_0.image_name from property_images i1_0 where i1_0.property_id=?
Hibernate: select v1_0.property_id,v1_0.video_name from property_videos v1_0 where v1_0.property_id=?
Hibernate: select v1_0.property_id,v1_0.video_name from property_videos v1_0 where v1_0.property_id=?
Hibernate: select a1_0.property_id,a1_0.amenity from property_amenities a1_0 where a1_0.property_id=?
Hibernate: select a1_0.property_id,a1_0.amenity from property_amenities a1_0 where a1_0.property_id=?
Hibernate: select i1_0.property_id,i1_0.image_name from property_images i1_0 where i1_0.property_id=?
Hibernate: select i1_0.property_id,i1_0.image_name from property_images i1_0 where i1_0.property_id=?
Hibernate: select v1_0.property_id,v1_0.video_name from property_videos v1_0 where v1_0.property_id=?
Hibernate: select v1_0.property_id,v1_0.video_name from property_videos v1_0 where v1_0.property_id=?
Hibernate: select a1_0.property_id,a1_0.amenity from property_amenities a1_0 where a1_0.property_id=?
Hibernate: select a1_0.property_id,a1_0.amenity from property_amenities a1_0 where a1_0.property_id=?
Hibernate: select i1_0.property_id,i1_0.image_name from property_images i1_0 where i1_0.property_id=?
Hibernate: select i1_0.property_id,i1_0.image_name from property_images i1_0 where i1_0.property_id=?
Hibernate: select v1_0.property_id,v1_0.video_name from property_videos v1_0 where v1_0.property_id=?
Hibernate: select v1_0.property_id,v1_0.video_name from property_videos v1_0 where v1_0.property_id=?
Hibernate: select a1_0.property_id,a1_0.amenity from property_amenities a1_0 where a1_0.property_id=?
Hibernate: select a1_0.property_id,a1_0.amenity from property_amenities a1_0 where a1_0.property_id=?
Hibernate: select i1_0.property_id,i1_0.image_name from property_images i1_0 where i1_0.property_id=?
Hibernate: select i1_0.property_id,i1_0.image_name from property_images i1_0 where i1_0.property_id=?
Hibernate: select v1_0.property_id,v1_0.video_name from property_videos v1_0 where v1_0.property_id=?
Hibernate: select v1_0.property_id,v1_0.video_name from property_videos v1_0 where v1_0.property_id=?
Hibernate: select a1_0.property_id,a1_0.amenity from property_amenities a1_0 where a1_0.property_id=?
Hibernate: select a1_0.property_id,a1_0.amenity from property_amenities a1_0 where a1_0.property_id=?
Hibernate: select i1_0.property_id,i1_0.image_name from property_images i1_0 where i1_0.property_id=?
Hibernate: select i1_0.property_id,i1_0.image_name from property_images i1_0 where i1_0.property_id=?
Hibernate: select v1_0.property_id,v1_0.video_name from property_videos v1_0 where v1_0.property_id=?
Hibernate: select v1_0.property_id,v1_0.video_name from property_videos v1_0 where v1_0.property_id=?
Hibernate: select a1_0.property_id,a1_0.amenity from property_amenities a1_0 where a1_0.property_id=?
Hibernate: select a1_0.property_id,a1_0.amenity from property_amenities a1_0 where a1_0.property_id=?
Hibernate: select i1_0.property_id,i1_0.image_name from property_images i1_0 where i1_0.property_id=?
Hibernate: select i1_0.property_id,i1_0.image_name from property_images i1_0 where i1_0.property_id=?
Hibernate: select v1_0.property_id,v1_0.video_name from property_videos v1_0 where v1_0.property_id=?
Hibernate: select v1_0.property_id,v1_0.video_name from property_videos v1_0 where v1_0.property_id=?
Hibernate: select a1_0.property_id,a1_0.amenity from property_amenities a1_0 where a1_0.property_id=?
Hibernate: select a1_0.property_id,a1_0.amenity from property_amenities a1_0 where a1_0.property_id=?
Hibernate: select i1_0.property_id,i1_0.image_name from property_images i1_0 where i1_0.property_id=?
Hibernate: select i1_0.property_id,i1_0.image_name from property_images i1_0 where i1_0.property_id=?
Hibernate: select v1_0.property_id,v1_0.video_name from property_videos v1_0 where v1_0.property_id=?
Hibernate: select v1_0.property_id,v1_0.video_name from property_videos v1_0 where v1_0.property_id=?
Hibernate: select a1_0.property_id,a1_0.amenity from property_amenities a1_0 where a1_0.property_id=?
Hibernate: select a1_0.property_id,a1_0.amenity from property_amenities a1_0 where a1_0.property_id=?
Hibernate: select i1_0.property_id,i1_0.image_name from property_images i1_0 where i1_0.property_id=?
Hibernate: select i1_0.property_id,i1_0.image_name from property_images i1_0 where i1_0.property_id=?
Hibernate: select v1_0.property_id,v1_0.video_name from property_videos v1_0 where v1_0.property_id=?
Hibernate: select v1_0.property_id,v1_0.video_name from property_videos v1_0 where v1_0.property_id=?
Hibernate: select a1_0.property_id,a1_0.amenity from property_amenities a1_0 where a1_0.property_id=?
Hibernate: select a1_0.property_id,a1_0.amenity from property_amenities a1_0 where a1_0.property_id=?
Hibernate: select i1_0.property_id,i1_0.image_name from property_images i1_0 where i1_0.property_id=?
Hibernate: select i1_0.property_id,i1_0.image_name from property_images i1_0 where i1_0.property_id=?
Hibernate: select v1_0.property_id,v1_0.video_name from property_videos v1_0 where v1_0.property_id=?
Hibernate: select v1_0.property_id,v1_0.video_name from property_videos v1_0 where v1_0.property_id=?
Hibernate: select a1_0.property_id,a1_0.amenity from property_amenities a1_0 where a1_0.property_id=?
Hibernate: select a1_0.property_id,a1_0.amenity from property_amenities a1_0 where a1_0.property_id=?
Hibernate: select i1_0.property_id,i1_0.image_name from property_images i1_0 where i1_0.property_id=?
Hibernate: select i1_0.property_id,i1_0.image_name from property_images i1_0 where i1_0.property_id=?
Hibernate: select v1_0.property_id,v1_0.video_name from property_videos v1_0 where v1_0.property_id=?
Hibernate: select v1_0.property_id,v1_0.video_name from property_videos v1_0 where v1_0.property_id=?
Hibernate: select a1_0.property_id,a1_0.amenity from property_amenities a1_0 where a1_0.property_id=?
Hibernate: select a1_0.property_id,a1_0.amenity from property_amenities a1_0 where a1_0.property_id=?
Hibernate: select i1_0.property_id,i1_0.image_name from property_images i1_0 where i1_0.property_id=?
Hibernate: select v1_0.property_id,v1_0.video_name from property_videos v1_0 where v1_0.property_id=?
Hibernate: select i1_0.property_id,i1_0.image_name from property_images i1_0 where i1_0.property_id=?
Hibernate: select v1_0.property_id,v1_0.video_name from property_videos v1_0 where v1_0.property_id=?
Hibernate: select a1_0.property_id,a1_0.amenity from property_amenities a1_0 where a1_0.property_id=?
Hibernate: select a1_0.property_id,a1_0.amenity from property_amenities a1_0 where a1_0.property_id=?
Hibernate: select i1_0.property_id,i1_0.image_name from property_images i1_0 where i1_0.property_id=?
Hibernate: select i1_0.property_id,i1_0.image_name from property_images i1_0 where i1_0.property_id=?
Hibernate: select v1_0.property_id,v1_0.video_name from property_videos v1_0 where v1_0.property_id=?
Hibernate: select v1_0.property_id,v1_0.video_name from property_videos v1_0 where v1_0.property_id=?
Hibernate: select a1_0.property_id,a1_0.amenity from property_amenities a1_0 where a1_0.property_id=?
Hibernate: select a1_0.property_id,a1_0.amenity from property_amenities a1_0 where a1_0.property_id=?
Hibernate: select i1_0.property_id,i1_0.image_name from property_images i1_0 where i1_0.property_id=?
Hibernate: select i1_0.property_id,i1_0.image_name from property_images i1_0 where i1_0.property_id=?
Hibernate: select v1_0.property_id,v1_0.video_name from property_videos v1_0 where v1_0.property_id=?
Hibernate: select v1_0.property_id,v1_0.video_name from property_videos v1_0 where v1_0.property_id=?
Hibernate: select a1_0.property_id,a1_0.amenity from property_amenities a1_0 where a1_0.property_id=?
Hibernate: select a1_0.property_id,a1_0.amenity from property_amenities a1_0 where a1_0.property_id=?
Hibernate: select i1_0.property_id,i1_0.image_name from property_images i1_0 where i1_0.property_id=?
Hibernate: select v1_0.property_id,v1_0.video_name from property_videos v1_0 where v1_0.property_id=?
Hibernate: select a1_0.property_id,a1_0.amenity from property_amenities a1_0 where a1_0.property_id=?
Hibernate: select i1_0.property_id,i1_0.image_name from property_images i1_0 where i1_0.property_id=?
Hibernate: select v1_0.property_id,v1_0.video_name from property_videos v1_0 where v1_0.property_id=?
Hibernate: select a1_0.property_id,a1_0.amenity from property_amenities a1_0 where a1_0.property_id=?
Hibernate: select i1_0.property_id,i1_0.image_name from property_images i1_0 where i1_0.property_id=?
Hibernate: select v1_0.property_id,v1_0.video_name from property_videos v1_0 where v1_0.property_id=?
Hibernate: select a1_0.property_id,a1_0.amenity from property_amenities a1_0 where a1_0.property_id=?
Hibernate: select i1_0.property_id,i1_0.image_name from property_images i1_0 where i1_0.property_id=?
Hibernate: select v1_0.property_id,v1_0.video_name from property_videos v1_0 where v1_0.property_id=?
Hibernate: select a1_0.property_id,a1_0.amenity from property_amenities a1_0 where a1_0.property_id=?
Hibernate: select i1_0.property_id,i1_0.image_name from property_images i1_0 where i1_0.property_id=?
Hibernate: select v1_0.property_id,v1_0.video_name from property_videos v1_0 where v1_0.property_id=?
Hibernate: select a1_0.property_id,a1_0.amenity from property_amenities a1_0 where a1_0.property_id=?
Hibernate: select i1_0.property_id,i1_0.image_name from property_images i1_0 where i1_0.property_id=?
Hibernate: select v1_0.property_id,v1_0.video_name from property_videos v1_0 where v1_0.property_id=?
Hibernate: select a1_0.property_id,a1_0.amenity from property_amenities a1_0 where a1_0.property_id=?
Hibernate: select i1_0.property_id,i1_0.image_name from property_images i1_0 where i1_0.property_id=?
Hibernate: select v1_0.property_id,v1_0.video_name from property_videos v1_0 where v1_0.property_id=?
Hibernate: select a1_0.property_id,a1_0.amenity from property_amenities a1_0 where a1_0.property_id=?
Hibernate: select i1_0.property_id,i1_0.image_name from property_images i1_0 where i1_0.property_id=?
Hibernate: select v1_0.property_id,v1_0.video_name from property_videos v1_0 where v1_0.property_id=?
Hibernate: select a1_0.property_id,a1_0.amenity from property_amenities a1_0 where a1_0.property_id=?
Hibernate: select i1_0.property_id,i1_0.image_name from property_images i1_0 where i1_0.property_id=?
Hibernate: select v1_0.property_id,v1_0.video_name from property_videos v1_0 where v1_0.property_id=?
Hibernate: select a1_0.property_id,a1_0.amenity from property_amenities a1_0 where a1_0.property_id=?
Hibernate: select i1_0.property_id,i1_0.image_name from property_images i1_0 where i1_0.property_id=?
Hibernate: select v1_0.property_id,v1_0.video_name from property_videos v1_0 where v1_0.property_id=?
Hibernate: select a1_0.property_id,a1_0.amenity from property_amenities a1_0 where a1_0.property_id=?
Hibernate: select u1_0.id,u1_0.bio,u1_0.blocked,u1_0.city,u1_0.email,u1_0.email_verified,u1_0.full_name,u1_0.mobile_number,u1_0.password,u1_0.profile_picture,u1_0.role,u1_0.state,u1_0.username,u1_0.verified from users u1_0 where u1_0.email=?
Hibernate: select u1_0.id,u1_0.bio,u1_0.blocked,u1_0.city,u1_0.email,u1_0.email_verified,u1_0.full_name,u1_0.mobile_number,u1_0.password,u1_0.profile_picture,u1_0.role,u1_0.state,u1_0.username,u1_0.verified from users u1_0 where u1_0.email=?
Hibernate: select p1_0.id,p1_0.address,p1_0.approved,p1_0.area,p1_0.balconies,p1_0.bathrooms,p1_0.bedrooms,p1_0.carpet_area,p1_0.category,p1_0.city,p1_0.contact_number,p1_0.created_at,p1_0.description,p1_0.featured,p1_0.floor_number,p1_0.latitude,p1_0.location,p1_0.longitude,p1_0.pincode,p1_0.price,p1_0.property_age,p1_0.property_status,p1_0.rejected,p1_0.seller_email,p1_0.seller_username,p1_0.state,p1_0.title,p1_0.total_floors,p1_0.type,p1_0.user_id,p1_0.user_type,p1_0.verified from properties p1_0 where p1_0.type=?
Hibernate: select p1_0.id,p1_0.address,p1_0.approved,p1_0.area,p1_0.balconies,p1_0.bathrooms,p1_0.bedrooms,p1_0.carpet_area,p1_0.category,p1_0.city,p1_0.contact_number,p1_0.created_at,p1_0.description,p1_0.featured,p1_0.floor_number,p1_0.latitude,p1_0.location,p1_0.longitude,p1_0.pincode,p1_0.price,p1_0.property_age,p1_0.property_status,p1_0.rejected,p1_0.seller_email,p1_0.seller_username,p1_0.state,p1_0.title,p1_0.total_floors,p1_0.type,p1_0.user_id,p1_0.user_type,p1_0.verified from properties p1_0 where p1_0.category=?
Hibernate: select u1_0.id,u1_0.bio,u1_0.blocked,u1_0.city,u1_0.email,u1_0.email_verified,u1_0.full_name,u1_0.mobile_number,u1_0.password,u1_0.profile_picture,u1_0.role,u1_0.state,u1_0.username,u1_0.verified from users u1_0 where u1_0.id=?
Hibernate: select u1_0.id,u1_0.bio,u1_0.blocked,u1_0.city,u1_0.email,u1_0.email_verified,u1_0.full_name,u1_0.mobile_number,u1_0.password,u1_0.profile_picture,u1_0.role,u1_0.state,u1_0.username,u1_0.verified from users u1_0 where u1_0.id=?
Hibernate: select i1_0.property_id,i1_0.image_name from property_images i1_0 where i1_0.property_id=?
Hibernate: select i1_0.property_id,i1_0.image_name from property_images i1_0 where i1_0.property_id=?
Hibernate: select v1_0.property_id,v1_0.video_name from property_videos v1_0 where v1_0.property_id=?
Hibernate: select v1_0.property_id,v1_0.video_name from property_videos v1_0 where v1_0.property_id=?
Hibernate: select a1_0.property_id,a1_0.amenity from property_amenities a1_0 where a1_0.property_id=?
Hibernate: select a1_0.property_id,a1_0.amenity from property_amenities a1_0 where a1_0.property_id=?
Hibernate: select i1_0.property_id,i1_0.image_name from property_images i1_0 where i1_0.property_id=?
Hibernate: select i1_0.property_id,i1_0.image_name from property_images i1_0 where i1_0.property_id=?
Hibernate: select v1_0.property_id,v1_0.video_name from property_videos v1_0 where v1_0.property_id=?
Hibernate: select v1_0.property_id,v1_0.video_name from property_videos v1_0 where v1_0.property_id=?
Hibernate: select a1_0.property_id,a1_0.amenity from property_amenities a1_0 where a1_0.property_id=?
Hibernate: select a1_0.property_id,a1_0.amenity from property_amenities a1_0 where a1_0.property_id=?
Hibernate: select i1_0.property_id,i1_0.image_name from property_images i1_0 where i1_0.property_id=?
Hibernate: select i1_0.property_id,i1_0.image_name from property_images i1_0 where i1_0.property_id=?
Hibernate: select v1_0.property_id,v1_0.video_name from property_videos v1_0 where v1_0.property_id=?
Hibernate: select v1_0.property_id,v1_0.video_name from property_videos v1_0 where v1_0.property_id=?
Hibernate: select a1_0.property_id,a1_0.amenity from property_amenities a1_0 where a1_0.property_id=?
Hibernate: select a1_0.property_id,a1_0.amenity from property_amenities a1_0 where a1_0.property_id=?
Hibernate: select i1_0.property_id,i1_0.image_name from property_images i1_0 where i1_0.property_id=?
Hibernate: select i1_0.property_id,i1_0.image_name from property_images i1_0 where i1_0.property_id=?
Hibernate: select v1_0.property_id,v1_0.video_name from property_videos v1_0 where v1_0.property_id=?
Hibernate: select v1_0.property_id,v1_0.video_name from property_videos v1_0 where v1_0.property_id=?
Hibernate: select a1_0.property_id,a1_0.amenity from property_amenities a1_0 where a1_0.property_id=?
Hibernate: select a1_0.property_id,a1_0.amenity from property_amenities a1_0 where a1_0.property_id=?
Hibernate: select i1_0.property_id,i1_0.image_name from property_images i1_0 where i1_0.property_id=?
Hibernate: select i1_0.property_id,i1_0.image_name from property_images i1_0 where i1_0.property_id=?
Hibernate: select v1_0.property_id,v1_0.video_name from property_videos v1_0 where v1_0.property_id=?
Hibernate: select v1_0.property_id,v1_0.video_name from property_videos v1_0 where v1_0.property_id=?
Hibernate: select a1_0.property_id,a1_0.amenity from property_amenities a1_0 where a1_0.property_id=?
Hibernate: select a1_0.property_id,a1_0.amenity from property_amenities a1_0 where a1_0.property_id=?
Hibernate: select i1_0.property_id,i1_0.image_name from property_images i1_0 where i1_0.property_id=?
Hibernate: select i1_0.property_id,i1_0.image_name from property_images i1_0 where i1_0.property_id=?
Hibernate: select v1_0.property_id,v1_0.video_name from property_videos v1_0 where v1_0.property_id=?
Hibernate: select v1_0.property_id,v1_0.video_name from property_videos v1_0 where v1_0.property_id=?
Hibernate: select a1_0.property_id,a1_0.amenity from property_amenities a1_0 where a1_0.property_id=?
Hibernate: select a1_0.property_id,a1_0.amenity from property_amenities a1_0 where a1_0.property_id=?
Hibernate: select i1_0.property_id,i1_0.image_name from property_images i1_0 where i1_0.property_id=?
Hibernate: select i1_0.property_id,i1_0.image_name from property_images i1_0 where i1_0.property_id=?
Hibernate: select v1_0.property_id,v1_0.video_name from property_videos v1_0 where v1_0.property_id=?
Hibernate: select v1_0.property_id,v1_0.video_name from property_videos v1_0 where v1_0.property_id=?
Hibernate: select a1_0.property_id,a1_0.amenity from property_amenities a1_0 where a1_0.property_id=?
Hibernate: select a1_0.property_id,a1_0.amenity from property_amenities a1_0 where a1_0.property_id=?
Hibernate: select i1_0.property_id,i1_0.image_name from property_images i1_0 where i1_0.property_id=?
Hibernate: select i1_0.property_id,i1_0.image_name from property_images i1_0 where i1_0.property_id=?
Hibernate: select v1_0.property_id,v1_0.video_name from property_videos v1_0 where v1_0.property_id=?
Hibernate: select v1_0.property_id,v1_0.video_name from property_videos v1_0 where v1_0.property_id=?
Hibernate: select a1_0.property_id,a1_0.amenity from property_amenities a1_0 where a1_0.property_id=?
Hibernate: select a1_0.property_id,a1_0.amenity from property_amenities a1_0 where a1_0.property_id=?
Hibernate: select i1_0.property_id,i1_0.image_name from property_images i1_0 where i1_0.property_id=?
Hibernate: select i1_0.property_id,i1_0.image_name from property_images i1_0 where i1_0.property_id=?
Hibernate: select v1_0.property_id,v1_0.video_name from property_videos v1_0 where v1_0.property_id=?
Hibernate: select v1_0.property_id,v1_0.video_name from property_videos v1_0 where v1_0.property_id=?
Hibernate: select a1_0.property_id,a1_0.amenity from property_amenities a1_0 where a1_0.property_id=?
Hibernate: select a1_0.property_id,a1_0.amenity from property_amenities a1_0 where a1_0.property_id=?
Hibernate: select i1_0.property_id,i1_0.image_name from property_images i1_0 where i1_0.property_id=?
Hibernate: select i1_0.property_id,i1_0.image_name from property_images i1_0 where i1_0.property_id=?
Hibernate: select v1_0.property_id,v1_0.video_name from property_videos v1_0 where v1_0.property_id=?
Hibernate: select v1_0.property_id,v1_0.video_name from property_videos v1_0 where v1_0.property_id=?
Hibernate: select a1_0.property_id,a1_0.amenity from property_amenities a1_0 where a1_0.property_id=?
Hibernate: select a1_0.property_id,a1_0.amenity from property_amenities a1_0 where a1_0.property_id=?
Hibernate: select i1_0.property_id,i1_0.image_name from property_images i1_0 where i1_0.property_id=?
Hibernate: select i1_0.property_id,i1_0.image_name from property_images i1_0 where i1_0.property_id=?
Hibernate: select v1_0.property_id,v1_0.video_name from property_videos v1_0 where v1_0.property_id=?
Hibernate: select v1_0.property_id,v1_0.video_name from property_videos v1_0 where v1_0.property_id=?
Hibernate: select a1_0.property_id,a1_0.amenity from property_amenities a1_0 where a1_0.property_id=?
Hibernate: select a1_0.property_id,a1_0.amenity from property_amenities a1_0 where a1_0.property_id=?
Hibernate: select i1_0.property_id,i1_0.image_name from property_images i1_0 where i1_0.property_id=?
Hibernate: select i1_0.property_id,i1_0.image_name from property_images i1_0 where i1_0.property_id=?
Hibernate: select v1_0.property_id,v1_0.video_name from property_videos v1_0 where v1_0.property_id=?
Hibernate: select v1_0.property_id,v1_0.video_name from property_videos v1_0 where v1_0.property_id=?
Hibernate: select a1_0.property_id,a1_0.amenity from property_amenities a1_0 where a1_0.property_id=?
Hibernate: select a1_0.property_id,a1_0.amenity from property_amenities a1_0 where a1_0.property_id=?
Hibernate: select i1_0.property_id,i1_0.image_name from property_images i1_0 where i1_0.property_id=?
Hibernate: select i1_0.property_id,i1_0.image_name from property_images i1_0 where i1_0.property_id=?
Hibernate: select v1_0.property_id,v1_0.video_name from property_videos v1_0 where v1_0.property_id=?
Hibernate: select v1_0.property_id,v1_0.video_name from property_videos v1_0 where v1_0.property_id=?
Hibernate: select a1_0.property_id,a1_0.amenity from property_amenities a1_0 where a1_0.property_id=?
Hibernate: select a1_0.property_id,a1_0.amenity from property_amenities a1_0 where a1_0.property_id=?
Hibernate: select i1_0.property_id,i1_0.image_name from property_images i1_0 where i1_0.property_id=?
Hibernate: select i1_0.property_id,i1_0.image_name from property_images i1_0 where i1_0.property_id=?
Hibernate: select v1_0.property_id,v1_0.video_name from property_videos v1_0 where v1_0.property_id=?
Hibernate: select v1_0.property_id,v1_0.video_name from property_videos v1_0 where v1_0.property_id=?
Hibernate: select a1_0.property_id,a1_0.amenity from property_amenities a1_0 where a1_0.property_id=?
Hibernate: select a1_0.property_id,a1_0.amenity from property_amenities a1_0 where a1_0.property_id=?
Hibernate: select i1_0.property_id,i1_0.image_name from property_images i1_0 where i1_0.property_id=?
Hibernate: select i1_0.property_id,i1_0.image_name from property_images i1_0 where i1_0.property_id=?
Hibernate: select v1_0.property_id,v1_0.video_name from property_videos v1_0 where v1_0.property_id=?
Hibernate: select v1_0.property_id,v1_0.video_name from property_videos v1_0 where v1_0.property_id=?
Hibernate: select a1_0.property_id,a1_0.amenity from property_amenities a1_0 where a1_0.property_id=?
Hibernate: select a1_0.property_id,a1_0.amenity from property_amenities a1_0 where a1_0.property_id=?
Hibernate: select i1_0.property_id,i1_0.image_name from property_images i1_0 where i1_0.property_id=?
Hibernate: select v1_0.property_id,v1_0.video_name from property_videos v1_0 where v1_0.property_id=?
Hibernate: select a1_0.property_id,a1_0.amenity from property_amenities a1_0 where a1_0.property_id=?
Hibernate: select i1_0.property_id,i1_0.image_name from property_images i1_0 where i1_0.property_id=?
Hibernate: select v1_0.property_id,v1_0.video_name from property_videos v1_0 where v1_0.property_id=?
Hibernate: select a1_0.property_id,a1_0.amenity from property_amenities a1_0 where a1_0.property_id=?
Hibernate: select i1_0.property_id,i1_0.image_name from property_images i1_0 where i1_0.property_id=?
Hibernate: select v1_0.property_id,v1_0.video_name from property_videos v1_0 where v1_0.property_id=?
Hibernate: select a1_0.property_id,a1_0.amenity from property_amenities a1_0 where a1_0.property_id=?
Hibernate: select i1_0.property_id,i1_0.image_name from property_images i1_0 where i1_0.property_id=?
Hibernate: select v1_0.property_id,v1_0.video_name from property_videos v1_0 where v1_0.property_id=?
Hibernate: select a1_0.property_id,a1_0.amenity from property_amenities a1_0 where a1_0.property_id=?
Hibernate: select i1_0.property_id,i1_0.image_name from property_images i1_0 where i1_0.property_id=?
Hibernate: select v1_0.property_id,v1_0.video_name from property_videos v1_0 where v1_0.property_id=?
Hibernate: select a1_0.property_id,a1_0.amenity from property_amenities a1_0 where a1_0.property_id=?
Hibernate: select i1_0.property_id,i1_0.image_name from property_images i1_0 where i1_0.property_id=?
Hibernate: select v1_0.property_id,v1_0.video_name from property_videos v1_0 where v1_0.property_id=?
Hibernate: select a1_0.property_id,a1_0.amenity from property_amenities a1_0 where a1_0.property_id=?
Hibernate: select i1_0.property_id,i1_0.image_name from property_images i1_0 where i1_0.property_id=?
Hibernate: select v1_0.property_id,v1_0.video_name from property_videos v1_0 where v1_0.property_id=?
Hibernate: select a1_0.property_id,a1_0.amenity from property_amenities a1_0 where a1_0.property_id=?
Hibernate: select i1_0.property_id,i1_0.image_name from property_images i1_0 where i1_0.property_id=?
Hibernate: select v1_0.property_id,v1_0.video_name from property_videos v1_0 where v1_0.property_id=?
Hibernate: select a1_0.property_id,a1_0.amenity from property_amenities a1_0 where a1_0.property_id=?
Hibernate: select i1_0.property_id,i1_0.image_name from property_images i1_0 where i1_0.property_id=?
Hibernate: select v1_0.property_id,v1_0.video_name from property_videos v1_0 where v1_0.property_id=?
Hibernate: select a1_0.property_id,a1_0.amenity from property_amenities a1_0 where a1_0.property_id=?
Hibernate: select i1_0.property_id,i1_0.image_name from property_images i1_0 where i1_0.property_id=?
Hibernate: select v1_0.property_id,v1_0.video_name from property_videos v1_0 where v1_0.property_id=?
Hibernate: select a1_0.property_id,a1_0.amenity from property_amenities a1_0 where a1_0.property_id=?
Hibernate: select u1_0.id,u1_0.bio,u1_0.blocked,u1_0.city,u1_0.email,u1_0.email_verified,u1_0.full_name,u1_0.mobile_number,u1_0.password,u1_0.profile_picture,u1_0.role,u1_0.state,u1_0.username,u1_0.verified from users u1_0 where u1_0.email=?
Hibernate: select u1_0.id,u1_0.bio,u1_0.blocked,u1_0.city,u1_0.email,u1_0.email_verified,u1_0.full_name,u1_0.mobile_number,u1_0.password,u1_0.profile_picture,u1_0.role,u1_0.state,u1_0.username,u1_0.verified from users u1_0 where u1_0.email=?
Hibernate: select p1_0.id,p1_0.address,p1_0.approved,p1_0.area,p1_0.balconies,p1_0.bathrooms,p1_0.bedrooms,p1_0.carpet_area,p1_0.category,p1_0.city,p1_0.contact_number,p1_0.created_at,p1_0.description,p1_0.featured,p1_0.floor_number,p1_0.latitude,p1_0.location,p1_0.longitude,p1_0.pincode,p1_0.price,p1_0.property_age,p1_0.property_status,p1_0.rejected,p1_0.seller_email,p1_0.seller_username,p1_0.state,p1_0.title,p1_0.total_floors,p1_0.type,p1_0.user_id,p1_0.user_type,p1_0.verified from properties p1_0 where p1_0.type=?
Hibernate: select u1_0.id,u1_0.bio,u1_0.blocked,u1_0.city,u1_0.email,u1_0.email_verified,u1_0.full_name,u1_0.mobile_number,u1_0.password,u1_0.profile_picture,u1_0.role,u1_0.state,u1_0.username,u1_0.verified from users u1_0 where u1_0.id=?
Hibernate: select i1_0.property_id,i1_0.image_name from property_images i1_0 where i1_0.property_id=?
Hibernate: select v1_0.property_id,v1_0.video_name from property_videos v1_0 where v1_0.property_id=?
Hibernate: select a1_0.property_id,a1_0.amenity from property_amenities a1_0 where a1_0.property_id=?
Hibernate: select i1_0.property_id,i1_0.image_name from property_images i1_0 where i1_0.property_id=?
Hibernate: select p1_0.id,p1_0.address,p1_0.approved,p1_0.area,p1_0.balconies,p1_0.bathrooms,p1_0.bedrooms,p1_0.carpet_area,p1_0.category,p1_0.city,p1_0.contact_number,p1_0.created_at,p1_0.description,p1_0.featured,p1_0.floor_number,p1_0.latitude,p1_0.location,p1_0.longitude,p1_0.pincode,p1_0.price,p1_0.property_age,p1_0.property_status,p1_0.rejected,p1_0.seller_email,p1_0.seller_username,p1_0.state,p1_0.title,p1_0.total_floors,p1_0.type,p1_0.user_id,p1_0.user_type,p1_0.verified from properties p1_0 where p1_0.category=?
Hibernate: select v1_0.property_id,v1_0.video_name from property_videos v1_0 where v1_0.property_id=?
Hibernate: select a1_0.property_id,a1_0.amenity from property_amenities a1_0 where a1_0.property_id=?
Hibernate: select i1_0.property_id,i1_0.image_name from property_images i1_0 where i1_0.property_id=?
Hibernate: select v1_0.property_id,v1_0.video_name from property_videos v1_0 where v1_0.property_id=?
Hibernate: select u1_0.id,u1_0.bio,u1_0.blocked,u1_0.city,u1_0.email,u1_0.email_verified,u1_0.full_name,u1_0.mobile_number,u1_0.password,u1_0.profile_picture,u1_0.role,u1_0.state,u1_0.username,u1_0.verified from users u1_0 where u1_0.id=?
Hibernate: select a1_0.property_id,a1_0.amenity from property_amenities a1_0 where a1_0.property_id=?
Hibernate: select i1_0.property_id,i1_0.image_name from property_images i1_0 where i1_0.property_id=?
Hibernate: select v1_0.property_id,v1_0.video_name from property_videos v1_0 where v1_0.property_id=?
Hibernate: select a1_0.property_id,a1_0.amenity from property_amenities a1_0 where a1_0.property_id=?
Hibernate: select i1_0.property_id,i1_0.image_name from property_images i1_0 where i1_0.property_id=?
Hibernate: select v1_0.property_id,v1_0.video_name from property_videos v1_0 where v1_0.property_id=?
Hibernate: select a1_0.property_id,a1_0.amenity from property_amenities a1_0 where a1_0.property_id=?
Hibernate: select i1_0.property_id,i1_0.image_name from property_images i1_0 where i1_0.property_id=?
Hibernate: select v1_0.property_id,v1_0.video_name from property_videos v1_0 where v1_0.property_id=?
Hibernate: select i1_0.property_id,i1_0.image_name from property_images i1_0 where i1_0.property_id=?
Hibernate: select a1_0.property_id,a1_0.amenity from property_amenities a1_0 where a1_0.property_id=?
Hibernate: select v1_0.property_id,v1_0.video_name from property_videos v1_0 where v1_0.property_id=?
Hibernate: select i1_0.property_id,i1_0.image_name from property_images i1_0 where i1_0.property_id=?
Hibernate: select a1_0.property_id,a1_0.amenity from property_amenities a1_0 where a1_0.property_id=?
Hibernate: select v1_0.property_id,v1_0.video_name from property_videos v1_0 where v1_0.property_id=?
Hibernate: select a1_0.property_id,a1_0.amenity from property_amenities a1_0 where a1_0.property_id=?
Hibernate: select i1_0.property_id,i1_0.image_name from property_images i1_0 where i1_0.property_id=?
Hibernate: select v1_0.property_id,v1_0.video_name from property_videos v1_0 where v1_0.property_id=?
Hibernate: select i1_0.property_id,i1_0.image_name from property_images i1_0 where i1_0.property_id=?
Hibernate: select a1_0.property_id,a1_0.amenity from property_amenities a1_0 where a1_0.property_id=?
Hibernate: select v1_0.property_id,v1_0.video_name from property_videos v1_0 where v1_0.property_id=?
Hibernate: select a1_0.property_id,a1_0.amenity from property_amenities a1_0 where a1_0.property_id=?
Hibernate: select i1_0.property_id,i1_0.image_name from property_images i1_0 where i1_0.property_id=?
Hibernate: select v1_0.property_id,v1_0.video_name from property_videos v1_0 where v1_0.property_id=?
Hibernate: select i1_0.property_id,i1_0.image_name from property_images i1_0 where i1_0.property_id=?
Hibernate: select a1_0.property_id,a1_0.amenity from property_amenities a1_0 where a1_0.property_id=?
Hibernate: select v1_0.property_id,v1_0.video_name from property_videos v1_0 where v1_0.property_id=?
Hibernate: select a1_0.property_id,a1_0.amenity from property_amenities a1_0 where a1_0.property_id=?
Hibernate: select i1_0.property_id,i1_0.image_name from property_images i1_0 where i1_0.property_id=?
Hibernate: select v1_0.property_id,v1_0.video_name from property_videos v1_0 where v1_0.property_id=?
Hibernate: select i1_0.property_id,i1_0.image_name from property_images i1_0 where i1_0.property_id=?
Hibernate: select a1_0.property_id,a1_0.amenity from property_amenities a1_0 where a1_0.property_id=?
Hibernate: select v1_0.property_id,v1_0.video_name from property_videos v1_0 where v1_0.property_id=?
Hibernate: select a1_0.property_id,a1_0.amenity from property_amenities a1_0 where a1_0.property_id=?
Hibernate: select i1_0.property_id,i1_0.image_name from property_images i1_0 where i1_0.property_id=?
Hibernate: select v1_0.property_id,v1_0.video_name from property_videos v1_0 where v1_0.property_id=?
Hibernate: select i1_0.property_id,i1_0.image_name from property_images i1_0 where i1_0.property_id=?
Hibernate: select a1_0.property_id,a1_0.amenity from property_amenities a1_0 where a1_0.property_id=?
Hibernate: select v1_0.property_id,v1_0.video_name from property_videos v1_0 where v1_0.property_id=?
Hibernate: select a1_0.property_id,a1_0.amenity from property_amenities a1_0 where a1_0.property_id=?
Hibernate: select i1_0.property_id,i1_0.image_name from property_images i1_0 where i1_0.property_id=?
Hibernate: select v1_0.property_id,v1_0.video_name from property_videos v1_0 where v1_0.property_id=?
Hibernate: select i1_0.property_id,i1_0.image_name from property_images i1_0 where i1_0.property_id=?
Hibernate: select a1_0.property_id,a1_0.amenity from property_amenities a1_0 where a1_0.property_id=?
Hibernate: select v1_0.property_id,v1_0.video_name from property_videos v1_0 where v1_0.property_id=?
Hibernate: select i1_0.property_id,i1_0.image_name from property_images i1_0 where i1_0.property_id=?
Hibernate: select a1_0.property_id,a1_0.amenity from property_amenities a1_0 where a1_0.property_id=?
Hibernate: select v1_0.property_id,v1_0.video_name from property_videos v1_0 where v1_0.property_id=?
Hibernate: select i1_0.property_id,i1_0.image_name from property_images i1_0 where i1_0.property_id=?
Hibernate: select a1_0.property_id,a1_0.amenity from property_amenities a1_0 where a1_0.property_id=?
Hibernate: select v1_0.property_id,v1_0.video_name from property_videos v1_0 where v1_0.property_id=?
Hibernate: select i1_0.property_id,i1_0.image_name from property_images i1_0 where i1_0.property_id=?
Hibernate: select a1_0.property_id,a1_0.amenity from property_amenities a1_0 where a1_0.property_id=?
Hibernate: select v1_0.property_id,v1_0.video_name from property_videos v1_0 where v1_0.property_id=?
Hibernate: select i1_0.property_id,i1_0.image_name from property_images i1_0 where i1_0.property_id=?
Hibernate: select a1_0.property_id,a1_0.amenity from property_amenities a1_0 where a1_0.property_id=?
Hibernate: select v1_0.property_id,v1_0.video_name from property_videos v1_0 where v1_0.property_id=?
Hibernate: select i1_0.property_id,i1_0.image_name from property_images i1_0 where i1_0.property_id=?
Hibernate: select a1_0.property_id,a1_0.amenity from property_amenities a1_0 where a1_0.property_id=?
Hibernate: select v1_0.property_id,v1_0.video_name from property_videos v1_0 where v1_0.property_id=?
Hibernate: select i1_0.property_id,i1_0.image_name from property_images i1_0 where i1_0.property_id=?
Hibernate: select a1_0.property_id,a1_0.amenity from property_amenities a1_0 where a1_0.property_id=?
Hibernate: select v1_0.property_id,v1_0.video_name from property_videos v1_0 where v1_0.property_id=?
Hibernate: select i1_0.property_id,i1_0.image_name from property_images i1_0 where i1_0.property_id=?
Hibernate: select a1_0.property_id,a1_0.amenity from property_amenities a1_0 where a1_0.property_id=?
Hibernate: select v1_0.property_id,v1_0.video_name from property_videos v1_0 where v1_0.property_id=?
Hibernate: select i1_0.property_id,i1_0.image_name from property_images i1_0 where i1_0.property_id=?
Hibernate: select a1_0.property_id,a1_0.amenity from property_amenities a1_0 where a1_0.property_id=?
Hibernate: select v1_0.property_id,v1_0.video_name from property_videos v1_0 where v1_0.property_id=?
Hibernate: select i1_0.property_id,i1_0.image_name from property_images i1_0 where i1_0.property_id=?
Hibernate: select a1_0.property_id,a1_0.amenity from property_amenities a1_0 where a1_0.property_id=?
Hibernate: select v1_0.property_id,v1_0.video_name from property_videos v1_0 where v1_0.property_id=?
Hibernate: select i1_0.property_id,i1_0.image_name from property_images i1_0 where i1_0.property_id=?
Hibernate: select a1_0.property_id,a1_0.amenity from property_amenities a1_0 where a1_0.property_id=?
Hibernate: select v1_0.property_id,v1_0.video_name from property_videos v1_0 where v1_0.property_id=?
Hibernate: select i1_0.property_id,i1_0.image_name from property_images i1_0 where i1_0.property_id=?
Hibernate: select a1_0.property_id,a1_0.amenity from property_amenities a1_0 where a1_0.property_id=?
Hibernate: select v1_0.property_id,v1_0.video_name from property_videos v1_0 where v1_0.property_id=?
Hibernate: select i1_0.property_id,i1_0.image_name from property_images i1_0 where i1_0.property_id=?
Hibernate: select a1_0.property_id,a1_0.amenity from property_amenities a1_0 where a1_0.property_id=?
Hibernate: select v1_0.property_id,v1_0.video_name from property_videos v1_0 where v1_0.property_id=?
Hibernate: select i1_0.property_id,i1_0.image_name from property_images i1_0 where i1_0.property_id=?
Hibernate: select a1_0.property_id,a1_0.amenity from property_amenities a1_0 where a1_0.property_id=?
Hibernate: select v1_0.property_id,v1_0.video_name from property_videos v1_0 where v1_0.property_id=?
Hibernate: select i1_0.property_id,i1_0.image_name from property_images i1_0 where i1_0.property_id=?
Hibernate: select a1_0.property_id,a1_0.amenity from property_amenities a1_0 where a1_0.property_id=?
Hibernate: select v1_0.property_id,v1_0.video_name from property_videos v1_0 where v1_0.property_id=?
Hibernate: select i1_0.property_id,i1_0.image_name from property_images i1_0 where i1_0.property_id=?
Hibernate: select a1_0.property_id,a1_0.amenity from property_amenities a1_0 where a1_0.property_id=?
Hibernate: select v1_0.property_id,v1_0.video_name from property_videos v1_0 where v1_0.property_id=?
Hibernate: select i1_0.property_id,i1_0.image_name from property_images i1_0 where i1_0.property_id=?
Hibernate: select a1_0.property_id,a1_0.amenity from property_amenities a1_0 where a1_0.property_id=?
Hibernate: select v1_0.property_id,v1_0.video_name from property_videos v1_0 where v1_0.property_id=?
Hibernate: select i1_0.property_id,i1_0.image_name from property_images i1_0 where i1_0.property_id=?
Hibernate: select a1_0.property_id,a1_0.amenity from property_amenities a1_0 where a1_0.property_id=?
Hibernate: select v1_0.property_id,v1_0.video_name from property_videos v1_0 where v1_0.property_id=?
Hibernate: select i1_0.property_id,i1_0.image_name from property_images i1_0 where i1_0.property_id=?
Hibernate: select a1_0.property_id,a1_0.amenity from property_amenities a1_0 where a1_0.property_id=?
Hibernate: select v1_0.property_id,v1_0.video_name from property_videos v1_0 where v1_0.property_id=?
Hibernate: select a1_0.property_id,a1_0.amenity from property_amenities a1_0 where a1_0.property_id=?
Hibernate: select i1_0.property_id,i1_0.image_name from property_images i1_0 where i1_0.property_id=?
Hibernate: select v1_0.property_id,v1_0.video_name from property_videos v1_0 where v1_0.property_id=?
Hibernate: select a1_0.property_id,a1_0.amenity from property_amenities a1_0 where a1_0.property_id=?
Hibernate: select i1_0.property_id,i1_0.image_name from property_images i1_0 where i1_0.property_id=?
Hibernate: select v1_0.property_id,v1_0.video_name from property_videos v1_0 where v1_0.property_id=?
Hibernate: select a1_0.property_id,a1_0.amenity from property_amenities a1_0 where a1_0.property_id=?
Hibernate: select i1_0.property_id,i1_0.image_name from property_images i1_0 where i1_0.property_id=?
Hibernate: select v1_0.property_id,v1_0.video_name from property_videos v1_0 where v1_0.property_id=?
Hibernate: select a1_0.property_id,a1_0.amenity from property_amenities a1_0 where a1_0.property_id=?
Hibernate: select i1_0.property_id,i1_0.image_name from property_images i1_0 where i1_0.property_id=?
Hibernate: select v1_0.property_id,v1_0.video_name from property_videos v1_0 where v1_0.property_id=?
Hibernate: select a1_0.property_id,a1_0.amenity from property_amenities a1_0 where a1_0.property_id=?
Hibernate: select u1_0.id,u1_0.bio,u1_0.blocked,u1_0.city,u1_0.email,u1_0.email_verified,u1_0.full_name,u1_0.mobile_number,u1_0.password,u1_0.profile_picture,u1_0.role,u1_0.state,u1_0.username,u1_0.verified from users u1_0 where u1_0.email=?
Hibernate: select u1_0.id,u1_0.bio,u1_0.blocked,u1_0.city,u1_0.email,u1_0.email_verified,u1_0.full_name,u1_0.mobile_number,u1_0.password,u1_0.profile_picture,u1_0.role,u1_0.state,u1_0.username,u1_0.verified from users u1_0 where u1_0.email=?
Hibernate: select p1_0.id,p1_0.address,p1_0.approved,p1_0.area,p1_0.balconies,p1_0.bathrooms,p1_0.bedrooms,p1_0.carpet_area,p1_0.category,p1_0.city,p1_0.contact_number,p1_0.created_at,p1_0.description,p1_0.featured,p1_0.floor_number,p1_0.latitude,p1_0.location,p1_0.longitude,p1_0.pincode,p1_0.price,p1_0.property_age,p1_0.property_status,p1_0.rejected,p1_0.seller_email,p1_0.seller_username,p1_0.state,p1_0.title,p1_0.total_floors,p1_0.type,p1_0.user_id,p1_0.user_type,p1_0.verified from properties p1_0 where p1_0.category=?
Hibernate: select p1_0.id,p1_0.address,p1_0.approved,p1_0.area,p1_0.balconies,p1_0.bathrooms,p1_0.bedrooms,p1_0.carpet_area,p1_0.category,p1_0.city,p1_0.contact_number,p1_0.created_at,p1_0.description,p1_0.featured,p1_0.floor_number,p1_0.latitude,p1_0.location,p1_0.longitude,p1_0.pincode,p1_0.price,p1_0.property_age,p1_0.property_status,p1_0.rejected,p1_0.seller_email,p1_0.seller_username,p1_0.state,p1_0.title,p1_0.total_floors,p1_0.type,p1_0.user_id,p1_0.user_type,p1_0.verified from properties p1_0 where p1_0.type=?
Hibernate: select u1_0.id,u1_0.bio,u1_0.blocked,u1_0.city,u1_0.email,u1_0.email_verified,u1_0.full_name,u1_0.mobile_number,u1_0.password,u1_0.profile_picture,u1_0.role,u1_0.state,u1_0.username,u1_0.verified from users u1_0 where u1_0.id=?
Hibernate: select u1_0.id,u1_0.bio,u1_0.blocked,u1_0.city,u1_0.email,u1_0.email_verified,u1_0.full_name,u1_0.mobile_number,u1_0.password,u1_0.profile_picture,u1_0.role,u1_0.state,u1_0.username,u1_0.verified from users u1_0 where u1_0.id=?
Hibernate: select i1_0.property_id,i1_0.image_name from property_images i1_0 where i1_0.property_id=?
Hibernate: select i1_0.property_id,i1_0.image_name from property_images i1_0 where i1_0.property_id=?
Hibernate: select v1_0.property_id,v1_0.video_name from property_videos v1_0 where v1_0.property_id=?
Hibernate: select v1_0.property_id,v1_0.video_name from property_videos v1_0 where v1_0.property_id=?
Hibernate: select a1_0.property_id,a1_0.amenity from property_amenities a1_0 where a1_0.property_id=?
Hibernate: select a1_0.property_id,a1_0.amenity from property_amenities a1_0 where a1_0.property_id=?
Hibernate: select i1_0.property_id,i1_0.image_name from property_images i1_0 where i1_0.property_id=?
Hibernate: select i1_0.property_id,i1_0.image_name from property_images i1_0 where i1_0.property_id=?
Hibernate: select v1_0.property_id,v1_0.video_name from property_videos v1_0 where v1_0.property_id=?
Hibernate: select v1_0.property_id,v1_0.video_name from property_videos v1_0 where v1_0.property_id=?
Hibernate: select a1_0.property_id,a1_0.amenity from property_amenities a1_0 where a1_0.property_id=?
Hibernate: select a1_0.property_id,a1_0.amenity from property_amenities a1_0 where a1_0.property_id=?
Hibernate: select i1_0.property_id,i1_0.image_name from property_images i1_0 where i1_0.property_id=?
Hibernate: select i1_0.property_id,i1_0.image_name from property_images i1_0 where i1_0.property_id=?
Hibernate: select v1_0.property_id,v1_0.video_name from property_videos v1_0 where v1_0.property_id=?
Hibernate: select v1_0.property_id,v1_0.video_name from property_videos v1_0 where v1_0.property_id=?
Hibernate: select a1_0.property_id,a1_0.amenity from property_amenities a1_0 where a1_0.property_id=?
Hibernate: select a1_0.property_id,a1_0.amenity from property_amenities a1_0 where a1_0.property_id=?
Hibernate: select i1_0.property_id,i1_0.image_name from property_images i1_0 where i1_0.property_id=?
Hibernate: select i1_0.property_id,i1_0.image_name from property_images i1_0 where i1_0.property_id=?
Hibernate: select v1_0.property_id,v1_0.video_name from property_videos v1_0 where v1_0.property_id=?
Hibernate: select v1_0.property_id,v1_0.video_name from property_videos v1_0 where v1_0.property_id=?
Hibernate: select a1_0.property_id,a1_0.amenity from property_amenities a1_0 where a1_0.property_id=?
Hibernate: select a1_0.property_id,a1_0.amenity from property_amenities a1_0 where a1_0.property_id=?
Hibernate: select i1_0.property_id,i1_0.image_name from property_images i1_0 where i1_0.property_id=?
Hibernate: select i1_0.property_id,i1_0.image_name from property_images i1_0 where i1_0.property_id=?
Hibernate: select v1_0.property_id,v1_0.video_name from property_videos v1_0 where v1_0.property_id=?
Hibernate: select v1_0.property_id,v1_0.video_name from property_videos v1_0 where v1_0.property_id=?
Hibernate: select a1_0.property_id,a1_0.amenity from property_amenities a1_0 where a1_0.property_id=?
Hibernate: select a1_0.property_id,a1_0.amenity from property_amenities a1_0 where a1_0.property_id=?
Hibernate: select i1_0.property_id,i1_0.image_name from property_images i1_0 where i1_0.property_id=?
Hibernate: select i1_0.property_id,i1_0.image_name from property_images i1_0 where i1_0.property_id=?
Hibernate: select v1_0.property_id,v1_0.video_name from property_videos v1_0 where v1_0.property_id=?
Hibernate: select v1_0.property_id,v1_0.video_name from property_videos v1_0 where v1_0.property_id=?
Hibernate: select a1_0.property_id,a1_0.amenity from property_amenities a1_0 where a1_0.property_id=?
Hibernate: select a1_0.property_id,a1_0.amenity from property_amenities a1_0 where a1_0.property_id=?
Hibernate: select i1_0.property_id,i1_0.image_name from property_images i1_0 where i1_0.property_id=?
Hibernate: select i1_0.property_id,i1_0.image_name from property_images i1_0 where i1_0.property_id=?
Hibernate: select v1_0.property_id,v1_0.video_name from property_videos v1_0 where v1_0.property_id=?
Hibernate: select v1_0.property_id,v1_0.video_name from property_videos v1_0 where v1_0.property_id=?
Hibernate: select a1_0.property_id,a1_0.amenity from property_amenities a1_0 where a1_0.property_id=?
Hibernate: select a1_0.property_id,a1_0.amenity from property_amenities a1_0 where a1_0.property_id=?
Hibernate: select i1_0.property_id,i1_0.image_name from property_images i1_0 where i1_0.property_id=?
Hibernate: select i1_0.property_id,i1_0.image_name from property_images i1_0 where i1_0.property_id=?
Hibernate: select v1_0.property_id,v1_0.video_name from property_videos v1_0 where v1_0.property_id=?
Hibernate: select v1_0.property_id,v1_0.video_name from property_videos v1_0 where v1_0.property_id=?
Hibernate: select a1_0.property_id,a1_0.amenity from property_amenities a1_0 where a1_0.property_id=?
Hibernate: select a1_0.property_id,a1_0.amenity from property_amenities a1_0 where a1_0.property_id=?
Hibernate: select i1_0.property_id,i1_0.image_name from property_images i1_0 where i1_0.property_id=?
Hibernate: select i1_0.property_id,i1_0.image_name from property_images i1_0 where i1_0.property_id=?
Hibernate: select v1_0.property_id,v1_0.video_name from property_videos v1_0 where v1_0.property_id=?
Hibernate: select v1_0.property_id,v1_0.video_name from property_videos v1_0 where v1_0.property_id=?
Hibernate: select a1_0.property_id,a1_0.amenity from property_amenities a1_0 where a1_0.property_id=?
Hibernate: select a1_0.property_id,a1_0.amenity from property_amenities a1_0 where a1_0.property_id=?
Hibernate: select i1_0.property_id,i1_0.image_name from property_images i1_0 where i1_0.property_id=?
Hibernate: select i1_0.property_id,i1_0.image_name from property_images i1_0 where i1_0.property_id=?
Hibernate: select v1_0.property_id,v1_0.video_name from property_videos v1_0 where v1_0.property_id=?
Hibernate: select v1_0.property_id,v1_0.video_name from property_videos v1_0 where v1_0.property_id=?
Hibernate: select a1_0.property_id,a1_0.amenity from property_amenities a1_0 where a1_0.property_id=?
Hibernate: select a1_0.property_id,a1_0.amenity from property_amenities a1_0 where a1_0.property_id=?
Hibernate: select i1_0.property_id,i1_0.image_name from property_images i1_0 where i1_0.property_id=?
Hibernate: select i1_0.property_id,i1_0.image_name from property_images i1_0 where i1_0.property_id=?
Hibernate: select v1_0.property_id,v1_0.video_name from property_videos v1_0 where v1_0.property_id=?
Hibernate: select v1_0.property_id,v1_0.video_name from property_videos v1_0 where v1_0.property_id=?
Hibernate: select a1_0.property_id,a1_0.amenity from property_amenities a1_0 where a1_0.property_id=?
Hibernate: select a1_0.property_id,a1_0.amenity from property_amenities a1_0 where a1_0.property_id=?
Hibernate: select i1_0.property_id,i1_0.image_name from property_images i1_0 where i1_0.property_id=?
Hibernate: select i1_0.property_id,i1_0.image_name from property_images i1_0 where i1_0.property_id=?
Hibernate: select v1_0.property_id,v1_0.video_name from property_videos v1_0 where v1_0.property_id=?
Hibernate: select v1_0.property_id,v1_0.video_name from property_videos v1_0 where v1_0.property_id=?
Hibernate: select a1_0.property_id,a1_0.amenity from property_amenities a1_0 where a1_0.property_id=?
Hibernate: select a1_0.property_id,a1_0.amenity from property_amenities a1_0 where a1_0.property_id=?
Hibernate: select i1_0.property_id,i1_0.image_name from property_images i1_0 where i1_0.property_id=?
Hibernate: select i1_0.property_id,i1_0.image_name from property_images i1_0 where i1_0.property_id=?
Hibernate: select v1_0.property_id,v1_0.video_name from property_videos v1_0 where v1_0.property_id=?
Hibernate: select v1_0.property_id,v1_0.video_name from property_videos v1_0 where v1_0.property_id=?
Hibernate: select a1_0.property_id,a1_0.amenity from property_amenities a1_0 where a1_0.property_id=?
Hibernate: select a1_0.property_id,a1_0.amenity from property_amenities a1_0 where a1_0.property_id=?
Hibernate: select i1_0.property_id,i1_0.image_name from property_images i1_0 where i1_0.property_id=?
Hibernate: select i1_0.property_id,i1_0.image_name from property_images i1_0 where i1_0.property_id=?
Hibernate: select v1_0.property_id,v1_0.video_name from property_videos v1_0 where v1_0.property_id=?
Hibernate: select v1_0.property_id,v1_0.video_name from property_videos v1_0 where v1_0.property_id=?
Hibernate: select a1_0.property_id,a1_0.amenity from property_amenities a1_0 where a1_0.property_id=?
Hibernate: select a1_0.property_id,a1_0.amenity from property_amenities a1_0 where a1_0.property_id=?
Hibernate: select i1_0.property_id,i1_0.image_name from property_images i1_0 where i1_0.property_id=?
Hibernate: select i1_0.property_id,i1_0.image_name from property_images i1_0 where i1_0.property_id=?
Hibernate: select v1_0.property_id,v1_0.video_name from property_videos v1_0 where v1_0.property_id=?
Hibernate: select v1_0.property_id,v1_0.video_name from property_videos v1_0 where v1_0.property_id=?
Hibernate: select a1_0.property_id,a1_0.amenity from property_amenities a1_0 where a1_0.property_id=?
Hibernate: select a1_0.property_id,a1_0.amenity from property_amenities a1_0 where a1_0.property_id=?
Hibernate: select i1_0.property_id,i1_0.image_name from property_images i1_0 where i1_0.property_id=?
Hibernate: select v1_0.property_id,v1_0.video_name from property_videos v1_0 where v1_0.property_id=?
Hibernate: select a1_0.property_id,a1_0.amenity from property_amenities a1_0 where a1_0.property_id=?
Hibernate: select i1_0.property_id,i1_0.image_name from property_images i1_0 where i1_0.property_id=?
Hibernate: select v1_0.property_id,v1_0.video_name from property_videos v1_0 where v1_0.property_id=?
Hibernate: select a1_0.property_id,a1_0.amenity from property_amenities a1_0 where a1_0.property_id=?
Hibernate: select i1_0.property_id,i1_0.image_name from property_images i1_0 where i1_0.property_id=?
Hibernate: select v1_0.property_id,v1_0.video_name from property_videos v1_0 where v1_0.property_id=?
Hibernate: select a1_0.property_id,a1_0.amenity from property_amenities a1_0 where a1_0.property_id=?
Hibernate: select i1_0.property_id,i1_0.image_name from property_images i1_0 where i1_0.property_id=?
Hibernate: select v1_0.property_id,v1_0.video_name from property_videos v1_0 where v1_0.property_id=?
Hibernate: select a1_0.property_id,a1_0.amenity from property_amenities a1_0 where a1_0.property_id=?
Hibernate: select i1_0.property_id,i1_0.image_name from property_images i1_0 where i1_0.property_id=?
Hibernate: select v1_0.property_id,v1_0.video_name from property_videos v1_0 where v1_0.property_id=?
Hibernate: select a1_0.property_id,a1_0.amenity from property_amenities a1_0 where a1_0.property_id=?
Hibernate: select i1_0.property_id,i1_0.image_name from property_images i1_0 where i1_0.property_id=?
Hibernate: select v1_0.property_id,v1_0.video_name from property_videos v1_0 where v1_0.property_id=?
Hibernate: select a1_0.property_id,a1_0.amenity from property_amenities a1_0 where a1_0.property_id=?
Hibernate: select i1_0.property_id,i1_0.image_name from property_images i1_0 where i1_0.property_id=?
Hibernate: select v1_0.property_id,v1_0.video_name from property_videos v1_0 where v1_0.property_id=?
Hibernate: select a1_0.property_id,a1_0.amenity from property_amenities a1_0 where a1_0.property_id=?
Hibernate: select i1_0.property_id,i1_0.image_name from property_images i1_0 where i1_0.property_id=?
Hibernate: select v1_0.property_id,v1_0.video_name from property_videos v1_0 where v1_0.property_id=?
Hibernate: select a1_0.property_id,a1_0.amenity from property_amenities a1_0 where a1_0.property_id=?
Hibernate: select i1_0.property_id,i1_0.image_name from property_images i1_0 where i1_0.property_id=?
Hibernate: select v1_0.property_id,v1_0.video_name from property_videos v1_0 where v1_0.property_id=?
Hibernate: select a1_0.property_id,a1_0.amenity from property_amenities a1_0 where a1_0.property_id=?
Hibernate: select i1_0.property_id,i1_0.image_name from property_images i1_0 where i1_0.property_id=?
Hibernate: select v1_0.property_id,v1_0.video_name from property_videos v1_0 where v1_0.property_id=?
Hibernate: select a1_0.property_id,a1_0.amenity from property_amenities a1_0 where a1_0.property_id=?
Hibernate: select u1_0.id,u1_0.bio,u1_0.blocked,u1_0.city,u1_0.email,u1_0.email_verified,u1_0.full_name,u1_0.mobile_number,u1_0.password,u1_0.profile_picture,u1_0.role,u1_0.state,u1_0.username,u1_0.verified from users u1_0 where u1_0.email=?
Hibernate: select u1_0.id,u1_0.bio,u1_0.blocked,u1_0.city,u1_0.email,u1_0.email_verified,u1_0.full_name,u1_0.mobile_number,u1_0.password,u1_0.profile_picture,u1_0.role,u1_0.state,u1_0.username,u1_0.verified from users u1_0 where u1_0.email=?
Hibernate: select p1_0.id,p1_0.address,p1_0.approved,p1_0.area,p1_0.balconies,p1_0.bathrooms,p1_0.bedrooms,p1_0.carpet_area,p1_0.category,p1_0.city,p1_0.contact_number,p1_0.created_at,p1_0.description,p1_0.featured,p1_0.floor_number,p1_0.latitude,p1_0.location,p1_0.longitude,p1_0.pincode,p1_0.price,p1_0.property_age,p1_0.property_status,p1_0.rejected,p1_0.seller_email,p1_0.seller_username,p1_0.state,p1_0.title,p1_0.total_floors,p1_0.type,p1_0.user_id,p1_0.user_type,p1_0.verified from properties p1_0 where p1_0.category=?
Hibernate: select p1_0.id,p1_0.address,p1_0.approved,p1_0.area,p1_0.balconies,p1_0.bathrooms,p1_0.bedrooms,p1_0.carpet_area,p1_0.category,p1_0.city,p1_0.contact_number,p1_0.created_at,p1_0.description,p1_0.featured,p1_0.floor_number,p1_0.latitude,p1_0.location,p1_0.longitude,p1_0.pincode,p1_0.price,p1_0.property_age,p1_0.property_status,p1_0.rejected,p1_0.seller_email,p1_0.seller_username,p1_0.state,p1_0.title,p1_0.total_floors,p1_0.type,p1_0.user_id,p1_0.user_type,p1_0.verified from properties p1_0 where p1_0.type=?
Hibernate: select u1_0.id,u1_0.bio,u1_0.blocked,u1_0.city,u1_0.email,u1_0.email_verified,u1_0.full_name,u1_0.mobile_number,u1_0.password,u1_0.profile_picture,u1_0.role,u1_0.state,u1_0.username,u1_0.verified from users u1_0 where u1_0.id=?
Hibernate: select u1_0.id,u1_0.bio,u1_0.blocked,u1_0.city,u1_0.email,u1_0.email_verified,u1_0.full_name,u1_0.mobile_number,u1_0.password,u1_0.profile_picture,u1_0.role,u1_0.state,u1_0.username,u1_0.verified from users u1_0 where u1_0.id=?
Hibernate: select i1_0.property_id,i1_0.image_name from property_images i1_0 where i1_0.property_id=?
Hibernate: select i1_0.property_id,i1_0.image_name from property_images i1_0 where i1_0.property_id=?
Hibernate: select v1_0.property_id,v1_0.video_name from property_videos v1_0 where v1_0.property_id=?
Hibernate: select v1_0.property_id,v1_0.video_name from property_videos v1_0 where v1_0.property_id=?
Hibernate: select a1_0.property_id,a1_0.amenity from property_amenities a1_0 where a1_0.property_id=?
Hibernate: select a1_0.property_id,a1_0.amenity from property_amenities a1_0 where a1_0.property_id=?
Hibernate: select i1_0.property_id,i1_0.image_name from property_images i1_0 where i1_0.property_id=?
Hibernate: select i1_0.property_id,i1_0.image_name from property_images i1_0 where i1_0.property_id=?
Hibernate: select v1_0.property_id,v1_0.video_name from property_videos v1_0 where v1_0.property_id=?
Hibernate: select v1_0.property_id,v1_0.video_name from property_videos v1_0 where v1_0.property_id=?
Hibernate: select a1_0.property_id,a1_0.amenity from property_amenities a1_0 where a1_0.property_id=?
Hibernate: select a1_0.property_id,a1_0.amenity from property_amenities a1_0 where a1_0.property_id=?
Hibernate: select i1_0.property_id,i1_0.image_name from property_images i1_0 where i1_0.property_id=?
Hibernate: select i1_0.property_id,i1_0.image_name from property_images i1_0 where i1_0.property_id=?
Hibernate: select v1_0.property_id,v1_0.video_name from property_videos v1_0 where v1_0.property_id=?
Hibernate: select v1_0.property_id,v1_0.video_name from property_videos v1_0 where v1_0.property_id=?
Hibernate: select a1_0.property_id,a1_0.amenity from property_amenities a1_0 where a1_0.property_id=?
Hibernate: select a1_0.property_id,a1_0.amenity from property_amenities a1_0 where a1_0.property_id=?
Hibernate: select i1_0.property_id,i1_0.image_name from property_images i1_0 where i1_0.property_id=?
Hibernate: select i1_0.property_id,i1_0.image_name from property_images i1_0 where i1_0.property_id=?
Hibernate: select v1_0.property_id,v1_0.video_name from property_videos v1_0 where v1_0.property_id=?
Hibernate: select v1_0.property_id,v1_0.video_name from property_videos v1_0 where v1_0.property_id=?
Hibernate: select a1_0.property_id,a1_0.amenity from property_amenities a1_0 where a1_0.property_id=?
Hibernate: select a1_0.property_id,a1_0.amenity from property_amenities a1_0 where a1_0.property_id=?
Hibernate: select i1_0.property_id,i1_0.image_name from property_images i1_0 where i1_0.property_id=?
Hibernate: select i1_0.property_id,i1_0.image_name from property_images i1_0 where i1_0.property_id=?
Hibernate: select v1_0.property_id,v1_0.video_name from property_videos v1_0 where v1_0.property_id=?
Hibernate: select v1_0.property_id,v1_0.video_name from property_videos v1_0 where v1_0.property_id=?
Hibernate: select a1_0.property_id,a1_0.amenity from property_amenities a1_0 where a1_0.property_id=?
Hibernate: select a1_0.property_id,a1_0.amenity from property_amenities a1_0 where a1_0.property_id=?
Hibernate: select i1_0.property_id,i1_0.image_name from property_images i1_0 where i1_0.property_id=?
Hibernate: select i1_0.property_id,i1_0.image_name from property_images i1_0 where i1_0.property_id=?
Hibernate: select v1_0.property_id,v1_0.video_name from property_videos v1_0 where v1_0.property_id=?
Hibernate: select v1_0.property_id,v1_0.video_name from property_videos v1_0 where v1_0.property_id=?
Hibernate: select a1_0.property_id,a1_0.amenity from property_amenities a1_0 where a1_0.property_id=?
Hibernate: select a1_0.property_id,a1_0.amenity from property_amenities a1_0 where a1_0.property_id=?
Hibernate: select i1_0.property_id,i1_0.image_name from property_images i1_0 where i1_0.property_id=?
Hibernate: select i1_0.property_id,i1_0.image_name from property_images i1_0 where i1_0.property_id=?
Hibernate: select v1_0.property_id,v1_0.video_name from property_videos v1_0 where v1_0.property_id=?
Hibernate: select v1_0.property_id,v1_0.video_name from property_videos v1_0 where v1_0.property_id=?
Hibernate: select a1_0.property_id,a1_0.amenity from property_amenities a1_0 where a1_0.property_id=?
Hibernate: select a1_0.property_id,a1_0.amenity from property_amenities a1_0 where a1_0.property_id=?
Hibernate: select i1_0.property_id,i1_0.image_name from property_images i1_0 where i1_0.property_id=?
Hibernate: select i1_0.property_id,i1_0.image_name from property_images i1_0 where i1_0.property_id=?
Hibernate: select v1_0.property_id,v1_0.video_name from property_videos v1_0 where v1_0.property_id=?
Hibernate: select v1_0.property_id,v1_0.video_name from property_videos v1_0 where v1_0.property_id=?
Hibernate: select a1_0.property_id,a1_0.amenity from property_amenities a1_0 where a1_0.property_id=?
Hibernate: select a1_0.property_id,a1_0.amenity from property_amenities a1_0 where a1_0.property_id=?
Hibernate: select i1_0.property_id,i1_0.image_name from property_images i1_0 where i1_0.property_id=?
Hibernate: select i1_0.property_id,i1_0.image_name from property_images i1_0 where i1_0.property_id=?
Hibernate: select v1_0.property_id,v1_0.video_name from property_videos v1_0 where v1_0.property_id=?
Hibernate: select v1_0.property_id,v1_0.video_name from property_videos v1_0 where v1_0.property_id=?
Hibernate: select a1_0.property_id,a1_0.amenity from property_amenities a1_0 where a1_0.property_id=?
Hibernate: select a1_0.property_id,a1_0.amenity from property_amenities a1_0 where a1_0.property_id=?
Hibernate: select i1_0.property_id,i1_0.image_name from property_images i1_0 where i1_0.property_id=?
Hibernate: select i1_0.property_id,i1_0.image_name from property_images i1_0 where i1_0.property_id=?
Hibernate: select v1_0.property_id,v1_0.video_name from property_videos v1_0 where v1_0.property_id=?
Hibernate: select v1_0.property_id,v1_0.video_name from property_videos v1_0 where v1_0.property_id=?
Hibernate: select a1_0.property_id,a1_0.amenity from property_amenities a1_0 where a1_0.property_id=?
Hibernate: select a1_0.property_id,a1_0.amenity from property_amenities a1_0 where a1_0.property_id=?
Hibernate: select i1_0.property_id,i1_0.image_name from property_images i1_0 where i1_0.property_id=?
Hibernate: select i1_0.property_id,i1_0.image_name from property_images i1_0 where i1_0.property_id=?
Hibernate: select v1_0.property_id,v1_0.video_name from property_videos v1_0 where v1_0.property_id=?
Hibernate: select v1_0.property_id,v1_0.video_name from property_videos v1_0 where v1_0.property_id=?
Hibernate: select a1_0.property_id,a1_0.amenity from property_amenities a1_0 where a1_0.property_id=?
Hibernate: select a1_0.property_id,a1_0.amenity from property_amenities a1_0 where a1_0.property_id=?
Hibernate: select i1_0.property_id,i1_0.image_name from property_images i1_0 where i1_0.property_id=?
Hibernate: select i1_0.property_id,i1_0.image_name from property_images i1_0 where i1_0.property_id=?
Hibernate: select v1_0.property_id,v1_0.video_name from property_videos v1_0 where v1_0.property_id=?
Hibernate: select v1_0.property_id,v1_0.video_name from property_videos v1_0 where v1_0.property_id=?
Hibernate: select a1_0.property_id,a1_0.amenity from property_amenities a1_0 where a1_0.property_id=?
Hibernate: select a1_0.property_id,a1_0.amenity from property_amenities a1_0 where a1_0.property_id=?
Hibernate: select i1_0.property_id,i1_0.image_name from property_images i1_0 where i1_0.property_id=?
Hibernate: select i1_0.property_id,i1_0.image_name from property_images i1_0 where i1_0.property_id=?
Hibernate: select v1_0.property_id,v1_0.video_name from property_videos v1_0 where v1_0.property_id=?
Hibernate: select v1_0.property_id,v1_0.video_name from property_videos v1_0 where v1_0.property_id=?
Hibernate: select a1_0.property_id,a1_0.amenity from property_amenities a1_0 where a1_0.property_id=?
Hibernate: select a1_0.property_id,a1_0.amenity from property_amenities a1_0 where a1_0.property_id=?
Hibernate: select i1_0.property_id,i1_0.image_name from property_images i1_0 where i1_0.property_id=?
Hibernate: select i1_0.property_id,i1_0.image_name from property_images i1_0 where i1_0.property_id=?
Hibernate: select v1_0.property_id,v1_0.video_name from property_videos v1_0 where v1_0.property_id=?
Hibernate: select v1_0.property_id,v1_0.video_name from property_videos v1_0 where v1_0.property_id=?
Hibernate: select a1_0.property_id,a1_0.amenity from property_amenities a1_0 where a1_0.property_id=?
Hibernate: select a1_0.property_id,a1_0.amenity from property_amenities a1_0 where a1_0.property_id=?
Hibernate: select i1_0.property_id,i1_0.image_name from property_images i1_0 where i1_0.property_id=?
Hibernate: select i1_0.property_id,i1_0.image_name from property_images i1_0 where i1_0.property_id=?
Hibernate: select v1_0.property_id,v1_0.video_name from property_videos v1_0 where v1_0.property_id=?
Hibernate: select v1_0.property_id,v1_0.video_name from property_videos v1_0 where v1_0.property_id=?
Hibernate: select a1_0.property_id,a1_0.amenity from property_amenities a1_0 where a1_0.property_id=?
Hibernate: select a1_0.property_id,a1_0.amenity from property_amenities a1_0 where a1_0.property_id=?
Hibernate: select i1_0.property_id,i1_0.image_name from property_images i1_0 where i1_0.property_id=?
Hibernate: select v1_0.property_id,v1_0.video_name from property_videos v1_0 where v1_0.property_id=?
Hibernate: select a1_0.property_id,a1_0.amenity from property_amenities a1_0 where a1_0.property_id=?
Hibernate: select i1_0.property_id,i1_0.image_name from property_images i1_0 where i1_0.property_id=?
Hibernate: select v1_0.property_id,v1_0.video_name from property_videos v1_0 where v1_0.property_id=?
Hibernate: select a1_0.property_id,a1_0.amenity from property_amenities a1_0 where a1_0.property_id=?
Hibernate: select i1_0.property_id,i1_0.image_name from property_images i1_0 where i1_0.property_id=?
Hibernate: select v1_0.property_id,v1_0.video_name from property_videos v1_0 where v1_0.property_id=?
Hibernate: select a1_0.property_id,a1_0.amenity from property_amenities a1_0 where a1_0.property_id=?
Hibernate: select i1_0.property_id,i1_0.image_name from property_images i1_0 where i1_0.property_id=?
Hibernate: select v1_0.property_id,v1_0.video_name from property_videos v1_0 where v1_0.property_id=?
Hibernate: select a1_0.property_id,a1_0.amenity from property_amenities a1_0 where a1_0.property_id=?
Hibernate: select i1_0.property_id,i1_0.image_name from property_images i1_0 where i1_0.property_id=?
Hibernate: select v1_0.property_id,v1_0.video_name from property_videos v1_0 where v1_0.property_id=?
Hibernate: select a1_0.property_id,a1_0.amenity from property_amenities a1_0 where a1_0.property_id=?
Hibernate: select i1_0.property_id,i1_0.image_name from property_images i1_0 where i1_0.property_id=?
Hibernate: select v1_0.property_id,v1_0.video_name from property_videos v1_0 where v1_0.property_id=?
Hibernate: select a1_0.property_id,a1_0.amenity from property_amenities a1_0 where a1_0.property_id=?
Hibernate: select i1_0.property_id,i1_0.image_name from property_images i1_0 where i1_0.property_id=?
Hibernate: select v1_0.property_id,v1_0.video_name from property_videos v1_0 where v1_0.property_id=?
Hibernate: select a1_0.property_id,a1_0.amenity from property_amenities a1_0 where a1_0.property_id=?
Hibernate: select i1_0.property_id,i1_0.image_name from property_images i1_0 where i1_0.property_id=?
Hibernate: select v1_0.property_id,v1_0.video_name from property_videos v1_0 where v1_0.property_id=?
Hibernate: select a1_0.property_id,a1_0.amenity from property_amenities a1_0 where a1_0.property_id=?
Hibernate: select i1_0.property_id,i1_0.image_name from property_images i1_0 where i1_0.property_id=?
Hibernate: select v1_0.property_id,v1_0.video_name from property_videos v1_0 where v1_0.property_id=?
Hibernate: select a1_0.property_id,a1_0.amenity from property_amenities a1_0 where a1_0.property_id=?
Hibernate: select i1_0.property_id,i1_0.image_name from property_images i1_0 where i1_0.property_id=?
Hibernate: select v1_0.property_id,v1_0.video_name from property_videos v1_0 where v1_0.property_id=?
Hibernate: select a1_0.property_id,a1_0.amenity from property_amenities a1_0 where a1_0.property_id=?
Hibernate: select u1_0.id,u1_0.bio,u1_0.blocked,u1_0.city,u1_0.email,u1_0.email_verified,u1_0.full_name,u1_0.mobile_number,u1_0.password,u1_0.profile_picture,u1_0.role,u1_0.state,u1_0.username,u1_0.verified from users u1_0 where u1_0.email=?
Hibernate: select p1_0.id,p1_0.address,p1_0.approved,p1_0.area,p1_0.balconies,p1_0.bathrooms,p1_0.bedrooms,p1_0.carpet_area,p1_0.category,p1_0.city,p1_0.contact_number,p1_0.created_at,p1_0.description,p1_0.featured,p1_0.floor_number,p1_0.latitude,p1_0.location,p1_0.longitude,p1_0.pincode,p1_0.price,p1_0.property_age,p1_0.property_status,p1_0.rejected,p1_0.seller_email,p1_0.seller_username,p1_0.state,p1_0.title,p1_0.total_floors,p1_0.type,p1_0.user_id,p1_0.user_type,p1_0.verified from properties p1_0 where p1_0.category=?
Hibernate: select u1_0.id,u1_0.bio,u1_0.blocked,u1_0.city,u1_0.email,u1_0.email_verified,u1_0.full_name,u1_0.mobile_number,u1_0.password,u1_0.profile_picture,u1_0.role,u1_0.state,u1_0.username,u1_0.verified from users u1_0 where u1_0.id=?
Hibernate: select i1_0.property_id,i1_0.image_name from property_images i1_0 where i1_0.property_id=?
Hibernate: select v1_0.property_id,v1_0.video_name from property_videos v1_0 where v1_0.property_id=?
Hibernate: select a1_0.property_id,a1_0.amenity from property_amenities a1_0 where a1_0.property_id=?
Hibernate: select i1_0.property_id,i1_0.image_name from property_images i1_0 where i1_0.property_id=?
Hibernate: select v1_0.property_id,v1_0.video_name from property_videos v1_0 where v1_0.property_id=?
Hibernate: select a1_0.property_id,a1_0.amenity from property_amenities a1_0 where a1_0.property_id=?
Hibernate: select i1_0.property_id,i1_0.image_name from property_images i1_0 where i1_0.property_id=?
Hibernate: select v1_0.property_id,v1_0.video_name from property_videos v1_0 where v1_0.property_id=?
Hibernate: select a1_0.property_id,a1_0.amenity from property_amenities a1_0 where a1_0.property_id=?
Hibernate: select i1_0.property_id,i1_0.image_name from property_images i1_0 where i1_0.property_id=?
Hibernate: select v1_0.property_id,v1_0.video_name from property_videos v1_0 where v1_0.property_id=?
Hibernate: select a1_0.property_id,a1_0.amenity from property_amenities a1_0 where a1_0.property_id=?
Hibernate: select i1_0.property_id,i1_0.image_name from property_images i1_0 where i1_0.property_id=?
Hibernate: select v1_0.property_id,v1_0.video_name from property_videos v1_0 where v1_0.property_id=?
Hibernate: select a1_0.property_id,a1_0.amenity from property_amenities a1_0 where a1_0.property_id=?
Hibernate: select i1_0.property_id,i1_0.image_name from property_images i1_0 where i1_0.property_id=?
Hibernate: select v1_0.property_id,v1_0.video_name from property_videos v1_0 where v1_0.property_id=?
Hibernate: select a1_0.property_id,a1_0.amenity from property_amenities a1_0 where a1_0.property_id=?
Hibernate: select i1_0.property_id,i1_0.image_name from property_images i1_0 where i1_0.property_id=?
Hibernate: select v1_0.property_id,v1_0.video_name from property_videos v1_0 where v1_0.property_id=?
Hibernate: select a1_0.property_id,a1_0.amenity from property_amenities a1_0 where a1_0.property_id=?
Hibernate: select i1_0.property_id,i1_0.image_name from property_images i1_0 where i1_0.property_id=?
Hibernate: select v1_0.property_id,v1_0.video_name from property_videos v1_0 where v1_0.property_id=?
Hibernate: select a1_0.property_id,a1_0.amenity from property_amenities a1_0 where a1_0.property_id=?
Hibernate: select i1_0.property_id,i1_0.image_name from property_images i1_0 where i1_0.property_id=?
Hibernate: select v1_0.property_id,v1_0.video_name from property_videos v1_0 where v1_0.property_id=?
Hibernate: select a1_0.property_id,a1_0.amenity from property_amenities a1_0 where a1_0.property_id=?
Hibernate: select i1_0.property_id,i1_0.image_name from property_images i1_0 where i1_0.property_id=?
Hibernate: select v1_0.property_id,v1_0.video_name from property_videos v1_0 where v1_0.property_id=?
Hibernate: select a1_0.property_id,a1_0.amenity from property_amenities a1_0 where a1_0.property_id=?
Hibernate: select i1_0.property_id,i1_0.image_name from property_images i1_0 where i1_0.property_id=?
Hibernate: select v1_0.property_id,v1_0.video_name from property_videos v1_0 where v1_0.property_id=?
Hibernate: select a1_0.property_id,a1_0.amenity from property_amenities a1_0 where a1_0.property_id=?
Hibernate: select i1_0.property_id,i1_0.image_name from property_images i1_0 where i1_0.property_id=?
Hibernate: select v1_0.property_id,v1_0.video_name from property_videos v1_0 where v1_0.property_id=?
Hibernate: select a1_0.property_id,a1_0.amenity from property_amenities a1_0 where a1_0.property_id=?
Hibernate: select i1_0.property_id,i1_0.image_name from property_images i1_0 where i1_0.property_id=?
Hibernate: select v1_0.property_id,v1_0.video_name from property_videos v1_0 where v1_0.property_id=?
Hibernate: select a1_0.property_id,a1_0.amenity from property_amenities a1_0 where a1_0.property_id=?
Hibernate: select i1_0.property_id,i1_0.image_name from property_images i1_0 where i1_0.property_id=?
Hibernate: select v1_0.property_id,v1_0.video_name from property_videos v1_0 where v1_0.property_id=?
Hibernate: select a1_0.property_id,a1_0.amenity from property_amenities a1_0 where a1_0.property_id=?
Hibernate: select i1_0.property_id,i1_0.image_name from property_images i1_0 where i1_0.property_id=?
Hibernate: select v1_0.property_id,v1_0.video_name from property_videos v1_0 where v1_0.property_id=?
Hibernate: select a1_0.property_id,a1_0.amenity from property_amenities a1_0 where a1_0.property_id=?
Hibernate: select u1_0.id,u1_0.bio,u1_0.blocked,u1_0.city,u1_0.email,u1_0.email_verified,u1_0.full_name,u1_0.mobile_number,u1_0.password,u1_0.profile_picture,u1_0.role,u1_0.state,u1_0.username,u1_0.verified from users u1_0 where u1_0.email=?
Hibernate: select u1_0.id,u1_0.bio,u1_0.blocked,u1_0.city,u1_0.email,u1_0.email_verified,u1_0.full_name,u1_0.mobile_number,u1_0.password,u1_0.profile_picture,u1_0.role,u1_0.state,u1_0.username,u1_0.verified from users u1_0 where u1_0.email=?
✅ SECURITY: Unread messages access verified for user 3
Hibernate: select c1_0.id,c1_0.is_read,c1_0.message,c1_0.property_id,c1_0.receiver_id,c1_0.sender_id,c1_0.timestamp from chat_messages c1_0 where c1_0.receiver_id=? and not(c1_0.is_read)
Hibernate: select u1_0.id,u1_0.bio,u1_0.blocked,u1_0.city,u1_0.email,u1_0.email_verified,u1_0.full_name,u1_0.mobile_number,u1_0.password,u1_0.profile_picture,u1_0.role,u1_0.state,u1_0.username,u1_0.verified from users u1_0 where u1_0.email=?
Hibernate: select u1_0.id,u1_0.bio,u1_0.blocked,u1_0.city,u1_0.email,u1_0.email_verified,u1_0.full_name,u1_0.mobile_number,u1_0.password,u1_0.profile_picture,u1_0.role,u1_0.state,u1_0.username,u1_0.verified from users u1_0 where u1_0.email=?
Hibernate: select u1_0.id,u1_0.bio,u1_0.blocked,u1_0.city,u1_0.email,u1_0.email_verified,u1_0.full_name,u1_0.mobile_number,u1_0.password,u1_0.profile_picture,u1_0.role,u1_0.state,u1_0.username,u1_0.verified from users u1_0 where u1_0.email=?
Hibernate: select u1_0.id,u1_0.bio,u1_0.blocked,u1_0.city,u1_0.email,u1_0.email_verified,u1_0.full_name,u1_0.mobile_number,u1_0.password,u1_0.profile_picture,u1_0.role,u1_0.state,u1_0.username,u1_0.verified from users u1_0 where u1_0.email=?
✅ SECURITY: Unread messages access verified for user 3
Hibernate: select c1_0.id,c1_0.is_read,c1_0.message,c1_0.property_id,c1_0.receiver_id,c1_0.sender_id,c1_0.timestamp from chat_messages c1_0 where c1_0.receiver_id=? and not(c1_0.is_read)
Hibernate: select u1_0.id,u1_0.bio,u1_0.blocked,u1_0.city,u1_0.email,u1_0.email_verified,u1_0.full_name,u1_0.mobile_number,u1_0.password,u1_0.profile_picture,u1_0.role,u1_0.state,u1_0.username,u1_0.verified from users u1_0 where u1_0.email=?
Hibernate: select u1_0.id,u1_0.bio,u1_0.blocked,u1_0.city,u1_0.email,u1_0.email_verified,u1_0.full_name,u1_0.mobile_number,u1_0.password,u1_0.profile_picture,u1_0.role,u1_0.state,u1_0.username,u1_0.verified from users u1_0 where u1_0.email=?
Hibernate: select u1_0.id,u1_0.bio,u1_0.blocked,u1_0.city,u1_0.email,u1_0.email_verified,u1_0.full_name,u1_0.mobile_number,u1_0.password,u1_0.profile_picture,u1_0.role,u1_0.state,u1_0.username,u1_0.verified from users u1_0 where u1_0.email=?
Hibernate: select u1_0.id,u1_0.bio,u1_0.blocked,u1_0.city,u1_0.email,u1_0.email_verified,u1_0.full_name,u1_0.mobile_number,u1_0.password,u1_0.profile_picture,u1_0.role,u1_0.state,u1_0.username,u1_0.verified from users u1_0 where u1_0.email=?
✅ SECURITY: Unread messages access verified for user 3
Hibernate: select c1_0.id,c1_0.is_read,c1_0.message,c1_0.property_id,c1_0.receiver_id,c1_0.sender_id,c1_0.timestamp from chat_messages c1_0 where c1_0.receiver_id=? and not(c1_0.is_read)
Hibernate: select u1_0.id,u1_0.bio,u1_0.blocked,u1_0.city,u1_0.email,u1_0.email_verified,u1_0.full_name,u1_0.mobile_number,u1_0.password,u1_0.profile_picture,u1_0.role,u1_0.state,u1_0.username,u1_0.verified from users u1_0 where u1_0.email=?
Hibernate: select u1_0.id,u1_0.bio,u1_0.blocked,u1_0.city,u1_0.email,u1_0.email_verified,u1_0.full_name,u1_0.mobile_number,u1_0.password,u1_0.profile_picture,u1_0.role,u1_0.state,u1_0.username,u1_0.verified from users u1_0 where u1_0.email=?
Hibernate: select p1_0.id,p1_0.address,p1_0.approved,p1_0.area,p1_0.balconies,p1_0.bathrooms,p1_0.bedrooms,p1_0.carpet_area,p1_0.category,p1_0.city,p1_0.contact_number,p1_0.created_at,p1_0.description,p1_0.featured,p1_0.floor_number,p1_0.latitude,p1_0.location,p1_0.longitude,p1_0.pincode,p1_0.price,p1_0.property_age,p1_0.property_status,p1_0.rejected,p1_0.seller_email,p1_0.seller_username,p1_0.state,p1_0.title,p1_0.total_floors,p1_0.type,p1_0.user_id,p1_0.user_type,p1_0.verified from properties p1_0 where p1_0.type=?
Hibernate: select u1_0.id,u1_0.bio,u1_0.blocked,u1_0.city,u1_0.email,u1_0.email_verified,u1_0.full_name,u1_0.mobile_number,u1_0.password,u1_0.profile_picture,u1_0.role,u1_0.state,u1_0.username,u1_0.verified from users u1_0 where u1_0.id=?
Hibernate: select u1_0.id,u1_0.bio,u1_0.blocked,u1_0.city,u1_0.email,u1_0.email_verified,u1_0.full_name,u1_0.mobile_number,u1_0.password,u1_0.profile_picture,u1_0.role,u1_0.state,u1_0.username,u1_0.verified from users u1_0 where u1_0.email=?
✅ SECURITY: Unread messages access verified for user 3
Hibernate: select i1_0.property_id,i1_0.image_name from property_images i1_0 where i1_0.property_id=?
Hibernate: select v1_0.property_id,v1_0.video_name from property_videos v1_0 where v1_0.property_id=?
Hibernate: select a1_0.property_id,a1_0.amenity from property_amenities a1_0 where a1_0.property_id=?
Hibernate: select i1_0.property_id,i1_0.image_name from property_images i1_0 where i1_0.property_id=?
Hibernate: select v1_0.property_id,v1_0.video_name from property_videos v1_0 where v1_0.property_id=?
Hibernate: select a1_0.property_id,a1_0.amenity from property_amenities a1_0 where a1_0.property_id=?
Hibernate: select c1_0.id,c1_0.is_read,c1_0.message,c1_0.property_id,c1_0.receiver_id,c1_0.sender_id,c1_0.timestamp from chat_messages c1_0 where c1_0.receiver_id=? and not(c1_0.is_read)
Hibernate: select i1_0.property_id,i1_0.image_name from property_images i1_0 where i1_0.property_id=?
Hibernate: select v1_0.property_id,v1_0.video_name from property_videos v1_0 where v1_0.property_id=?
Hibernate: select a1_0.property_id,a1_0.amenity from property_amenities a1_0 where a1_0.property_id=?
Hibernate: select i1_0.property_id,i1_0.image_name from property_images i1_0 where i1_0.property_id=?
Hibernate: select v1_0.property_id,v1_0.video_name from property_videos v1_0 where v1_0.property_id=?
Hibernate: select a1_0.property_id,a1_0.amenity from property_amenities a1_0 where a1_0.property_id=?
Hibernate: select i1_0.property_id,i1_0.image_name from property_images i1_0 where i1_0.property_id=?
Hibernate: select v1_0.property_id,v1_0.video_name from property_videos v1_0 where v1_0.property_id=?
Hibernate: select a1_0.property_id,a1_0.amenity from property_amenities a1_0 where a1_0.property_id=?
Hibernate: select i1_0.property_id,i1_0.image_name from property_images i1_0 where i1_0.property_id=?
Hibernate: select v1_0.property_id,v1_0.video_name from property_videos v1_0 where v1_0.property_id=?
Hibernate: select a1_0.property_id,a1_0.amenity from property_amenities a1_0 where a1_0.property_id=?
Hibernate: select i1_0.property_id,i1_0.image_name from property_images i1_0 where i1_0.property_id=?
Hibernate: select v1_0.property_id,v1_0.video_name from property_videos v1_0 where v1_0.property_id=?
Hibernate: select a1_0.property_id,a1_0.amenity from property_amenities a1_0 where a1_0.property_id=?
Hibernate: select i1_0.property_id,i1_0.image_name from property_images i1_0 where i1_0.property_id=?
Hibernate: select v1_0.property_id,v1_0.video_name from property_videos v1_0 where v1_0.property_id=?
Hibernate: select a1_0.property_id,a1_0.amenity from property_amenities a1_0 where a1_0.property_id=?
Hibernate: select i1_0.property_id,i1_0.image_name from property_images i1_0 where i1_0.property_id=?
Hibernate: select v1_0.property_id,v1_0.video_name from property_videos v1_0 where v1_0.property_id=?
Hibernate: select a1_0.property_id,a1_0.amenity from property_amenities a1_0 where a1_0.property_id=?
Hibernate: select i1_0.property_id,i1_0.image_name from property_images i1_0 where i1_0.property_id=?
Hibernate: select v1_0.property_id,v1_0.video_name from property_videos v1_0 where v1_0.property_id=?
Hibernate: select a1_0.property_id,a1_0.amenity from property_amenities a1_0 where a1_0.property_id=?
Hibernate: select i1_0.property_id,i1_0.image_name from property_images i1_0 where i1_0.property_id=?
Hibernate: select v1_0.property_id,v1_0.video_name from property_videos v1_0 where v1_0.property_id=?
Hibernate: select a1_0.property_id,a1_0.amenity from property_amenities a1_0 where a1_0.property_id=?
Hibernate: select i1_0.property_id,i1_0.image_name from property_images i1_0 where i1_0.property_id=?
Hibernate: select v1_0.property_id,v1_0.video_name from property_videos v1_0 where v1_0.property_id=?
Hibernate: select a1_0.property_id,a1_0.amenity from property_amenities a1_0 where a1_0.property_id=?
Hibernate: select i1_0.property_id,i1_0.image_name from property_images i1_0 where i1_0.property_id=?
Hibernate: select v1_0.property_id,v1_0.video_name from property_videos v1_0 where v1_0.property_id=?
Hibernate: select a1_0.property_id,a1_0.amenity from property_amenities a1_0 where a1_0.property_id=?
Hibernate: select i1_0.property_id,i1_0.image_name from property_images i1_0 where i1_0.property_id=?
Hibernate: select v1_0.property_id,v1_0.video_name from property_videos v1_0 where v1_0.property_id=?
Hibernate: select a1_0.property_id,a1_0.amenity from property_amenities a1_0 where a1_0.property_id=?
Hibernate: select i1_0.property_id,i1_0.image_name from property_images i1_0 where i1_0.property_id=?
Hibernate: select v1_0.property_id,v1_0.video_name from property_videos v1_0 where v1_0.property_id=?
Hibernate: select a1_0.property_id,a1_0.amenity from property_amenities a1_0 where a1_0.property_id=?
Hibernate: select i1_0.property_id,i1_0.image_name from property_images i1_0 where i1_0.property_id=?
Hibernate: select v1_0.property_id,v1_0.video_name from property_videos v1_0 where v1_0.property_id=?
Hibernate: select a1_0.property_id,a1_0.amenity from property_amenities a1_0 where a1_0.property_id=?
Hibernate: select i1_0.property_id,i1_0.image_name from property_images i1_0 where i1_0.property_id=?
Hibernate: select v1_0.property_id,v1_0.video_name from property_videos v1_0 where v1_0.property_id=?
Hibernate: select a1_0.property_id,a1_0.amenity from property_amenities a1_0 where a1_0.property_id=?
Hibernate: select i1_0.property_id,i1_0.image_name from property_images i1_0 where i1_0.property_id=?
Hibernate: select v1_0.property_id,v1_0.video_name from property_videos v1_0 where v1_0.property_id=?
Hibernate: select a1_0.property_id,a1_0.amenity from property_amenities a1_0 where a1_0.property_id=?
Hibernate: select i1_0.property_id,i1_0.image_name from property_images i1_0 where i1_0.property_id=?
Hibernate: select v1_0.property_id,v1_0.video_name from property_videos v1_0 where v1_0.property_id=?
Hibernate: select a1_0.property_id,a1_0.amenity from property_amenities a1_0 where a1_0.property_id=?
Hibernate: select i1_0.property_id,i1_0.image_name from property_images i1_0 where i1_0.property_id=?
Hibernate: select v1_0.property_id,v1_0.video_name from property_videos v1_0 where v1_0.property_id=?
Hibernate: select a1_0.property_id,a1_0.amenity from property_amenities a1_0 where a1_0.property_id=?
Hibernate: select i1_0.property_id,i1_0.image_name from property_images i1_0 where i1_0.property_id=?
Hibernate: select v1_0.property_id,v1_0.video_name from property_videos v1_0 where v1_0.property_id=?
Hibernate: select a1_0.property_id,a1_0.amenity from property_amenities a1_0 where a1_0.property_id=?
Hibernate: select i1_0.property_id,i1_0.image_name from property_images i1_0 where i1_0.property_id=?
Hibernate: select v1_0.property_id,v1_0.video_name from property_videos v1_0 where v1_0.property_id=?
Hibernate: select a1_0.property_id,a1_0.amenity from property_amenities a1_0 where a1_0.property_id=?
Hibernate: select i1_0.property_id,i1_0.image_name from property_images i1_0 where i1_0.property_id=?
Hibernate: select v1_0.property_id,v1_0.video_name from property_videos v1_0 where v1_0.property_id=?
Hibernate: select a1_0.property_id,a1_0.amenity from property_amenities a1_0 where a1_0.property_id=?
Hibernate: select i1_0.property_id,i1_0.image_name from property_images i1_0 where i1_0.property_id=?
Hibernate: select v1_0.property_id,v1_0.video_name from property_videos v1_0 where v1_0.property_id=?
Hibernate: select a1_0.property_id,a1_0.amenity from property_amenities a1_0 where a1_0.property_id=?
Hibernate: select i1_0.property_id,i1_0.image_name from property_images i1_0 where i1_0.property_id=?
Hibernate: select v1_0.property_id,v1_0.video_name from property_videos v1_0 where v1_0.property_id=?
Hibernate: select a1_0.property_id,a1_0.amenity from property_amenities a1_0 where a1_0.property_id=?
Hibernate: select i1_0.property_id,i1_0.image_name from property_images i1_0 where i1_0.property_id=?
Hibernate: select v1_0.property_id,v1_0.video_name from property_videos v1_0 where v1_0.property_id=?
Hibernate: select a1_0.property_id,a1_0.amenity from property_amenities a1_0 where a1_0.property_id=?
Hibernate: select i1_0.property_id,i1_0.image_name from property_images i1_0 where i1_0.property_id=?
Hibernate: select v1_0.property_id,v1_0.video_name from property_videos v1_0 where v1_0.property_id=?
Hibernate: select a1_0.property_id,a1_0.amenity from property_amenities a1_0 where a1_0.property_id=?
Hibernate: select i1_0.property_id,i1_0.image_name from property_images i1_0 where i1_0.property_id=?
Hibernate: select v1_0.property_id,v1_0.video_name from property_videos v1_0 where v1_0.property_id=?
Hibernate: select a1_0.property_id,a1_0.amenity from property_amenities a1_0 where a1_0.property_id=?
Hibernate: select i1_0.property_id,i1_0.image_name from property_images i1_0 where i1_0.property_id=?
Hibernate: select v1_0.property_id,v1_0.video_name from property_videos v1_0 where v1_0.property_id=?
Hibernate: select a1_0.property_id,a1_0.amenity from property_amenities a1_0 where a1_0.property_id=?
Hibernate: select u1_0.id,u1_0.bio,u1_0.blocked,u1_0.city,u1_0.email,u1_0.email_verified,u1_0.full_name,u1_0.mobile_number,u1_0.password,u1_0.profile_picture,u1_0.role,u1_0.state,u1_0.username,u1_0.verified from users u1_0 where u1_0.email=?
Hibernate: select i1_0.property_id,i1_0.image_name from property_images i1_0 where i1_0.property_id=?
Hibernate: select v1_0.property_id,v1_0.video_name from property_videos v1_0 where v1_0.property_id=?
Hibernate: select a1_0.property_id,a1_0.amenity from property_amenities a1_0 where a1_0.property_id=?
Hibernate: select i1_0.property_id,i1_0.image_name from property_images i1_0 where i1_0.property_id=?
Hibernate: select v1_0.property_id,v1_0.video_name from property_videos v1_0 where v1_0.property_id=?
Hibernate: select a1_0.property_id,a1_0.amenity from property_amenities a1_0 where a1_0.property_id=?
Hibernate: select i1_0.property_id,i1_0.image_name from property_images i1_0 where i1_0.property_id=?
Hibernate: select v1_0.property_id,v1_0.video_name from property_videos v1_0 where v1_0.property_id=?
Hibernate: select a1_0.property_id,a1_0.amenity from property_amenities a1_0 where a1_0.property_id=?
Hibernate: select i1_0.property_id,i1_0.image_name from property_images i1_0 where i1_0.property_id=?
Hibernate: select v1_0.property_id,v1_0.video_name from property_videos v1_0 where v1_0.property_id=?
Hibernate: select a1_0.property_id,a1_0.amenity from property_amenities a1_0 where a1_0.property_id=?
Hibernate: select i1_0.property_id,i1_0.image_name from property_images i1_0 where i1_0.property_id=?
Hibernate: select v1_0.property_id,v1_0.video_name from property_videos v1_0 where v1_0.property_id=?
Hibernate: select a1_0.property_id,a1_0.amenity from property_amenities a1_0 where a1_0.property_id=?
Hibernate: select i1_0.property_id,i1_0.image_name from property_images i1_0 where i1_0.property_id=?
Hibernate: select v1_0.property_id,v1_0.video_name from property_videos v1_0 where v1_0.property_id=?
Hibernate: select a1_0.property_id,a1_0.amenity from property_amenities a1_0 where a1_0.property_id=?
Hibernate: select p1_0.id,p1_0.address,p1_0.approved,p1_0.area,p1_0.balconies,p1_0.bathrooms,p1_0.bedrooms,p1_0.carpet_area,p1_0.category,p1_0.city,p1_0.contact_number,p1_0.created_at,p1_0.description,p1_0.featured,p1_0.floor_number,p1_0.latitude,p1_0.location,p1_0.longitude,p1_0.pincode,p1_0.price,p1_0.property_age,p1_0.property_status,p1_0.rejected,p1_0.seller_email,p1_0.seller_username,p1_0.state,p1_0.title,p1_0.total_floors,p1_0.type,p1_0.user_id,p1_0.user_type,p1_0.verified from properties p1_0 where p1_0.type=?
Hibernate: select u1_0.id,u1_0.bio,u1_0.blocked,u1_0.city,u1_0.email,u1_0.email_verified,u1_0.full_name,u1_0.mobile_number,u1_0.password,u1_0.profile_picture,u1_0.role,u1_0.state,u1_0.username,u1_0.verified from users u1_0 where u1_0.id=?
Hibernate: select i1_0.property_id,i1_0.image_name from property_images i1_0 where i1_0.property_id=?
Hibernate: select v1_0.property_id,v1_0.video_name from property_videos v1_0 where v1_0.property_id=?
Hibernate: select a1_0.property_id,a1_0.amenity from property_amenities a1_0 where a1_0.property_id=?
Hibernate: select i1_0.property_id,i1_0.image_name from property_images i1_0 where i1_0.property_id=?
Hibernate: select v1_0.property_id,v1_0.video_name from property_videos v1_0 where v1_0.property_id=?
Hibernate: select a1_0.property_id,a1_0.amenity from property_amenities a1_0 where a1_0.property_id=?
Hibernate: select i1_0.property_id,i1_0.image_name from property_images i1_0 where i1_0.property_id=?
Hibernate: select v1_0.property_id,v1_0.video_name from property_videos v1_0 where v1_0.property_id=?
Hibernate: select a1_0.property_id,a1_0.amenity from property_amenities a1_0 where a1_0.property_id=?
Hibernate: select i1_0.property_id,i1_0.image_name from property_images i1_0 where i1_0.property_id=?
Hibernate: select v1_0.property_id,v1_0.video_name from property_videos v1_0 where v1_0.property_id=?
Hibernate: select a1_0.property_id,a1_0.amenity from property_amenities a1_0 where a1_0.property_id=?
Hibernate: select i1_0.property_id,i1_0.image_name from property_images i1_0 where i1_0.property_id=?
Hibernate: select v1_0.property_id,v1_0.video_name from property_videos v1_0 where v1_0.property_id=?
Hibernate: select a1_0.property_id,a1_0.amenity from property_amenities a1_0 where a1_0.property_id=?
Hibernate: select i1_0.property_id,i1_0.image_name from property_images i1_0 where i1_0.property_id=?
Hibernate: select v1_0.property_id,v1_0.video_name from property_videos v1_0 where v1_0.property_id=?
Hibernate: select a1_0.property_id,a1_0.amenity from property_amenities a1_0 where a1_0.property_id=?
Hibernate: select i1_0.property_id,i1_0.image_name from property_images i1_0 where i1_0.property_id=?
Hibernate: select v1_0.property_id,v1_0.video_name from property_videos v1_0 where v1_0.property_id=?
Hibernate: select a1_0.property_id,a1_0.amenity from property_amenities a1_0 where a1_0.property_id=?
Hibernate: select i1_0.property_id,i1_0.image_name from property_images i1_0 where i1_0.property_id=?
Hibernate: select v1_0.property_id,v1_0.video_name from property_videos v1_0 where v1_0.property_id=?
Hibernate: select a1_0.property_id,a1_0.amenity from property_amenities a1_0 where a1_0.property_id=?
Hibernate: select i1_0.property_id,i1_0.image_name from property_images i1_0 where i1_0.property_id=?
Hibernate: select v1_0.property_id,v1_0.video_name from property_videos v1_0 where v1_0.property_id=?
Hibernate: select a1_0.property_id,a1_0.amenity from property_amenities a1_0 where a1_0.property_id=?
Hibernate: select i1_0.property_id,i1_0.image_name from property_images i1_0 where i1_0.property_id=?
Hibernate: select v1_0.property_id,v1_0.video_name from property_videos v1_0 where v1_0.property_id=?
Hibernate: select a1_0.property_id,a1_0.amenity from property_amenities a1_0 where a1_0.property_id=?
Hibernate: select i1_0.property_id,i1_0.image_name from property_images i1_0 where i1_0.property_id=?
Hibernate: select v1_0.property_id,v1_0.video_name from property_videos v1_0 where v1_0.property_id=?
Hibernate: select a1_0.property_id,a1_0.amenity from property_amenities a1_0 where a1_0.property_id=?
Hibernate: select i1_0.property_id,i1_0.image_name from property_images i1_0 where i1_0.property_id=?
Hibernate: select v1_0.property_id,v1_0.video_name from property_videos v1_0 where v1_0.property_id=?
Hibernate: select a1_0.property_id,a1_0.amenity from property_amenities a1_0 where a1_0.property_id=?
Hibernate: select i1_0.property_id,i1_0.image_name from property_images i1_0 where i1_0.property_id=?
Hibernate: select v1_0.property_id,v1_0.video_name from property_videos v1_0 where v1_0.property_id=?
Hibernate: select a1_0.property_id,a1_0.amenity from property_amenities a1_0 where a1_0.property_id=?
Hibernate: select i1_0.property_id,i1_0.image_name from property_images i1_0 where i1_0.property_id=?
Hibernate: select v1_0.property_id,v1_0.video_name from property_videos v1_0 where v1_0.property_id=?
Hibernate: select a1_0.property_id,a1_0.amenity from property_amenities a1_0 where a1_0.property_id=?
Hibernate: select i1_0.property_id,i1_0.image_name from property_images i1_0 where i1_0.property_id=?
Hibernate: select v1_0.property_id,v1_0.video_name from property_videos v1_0 where v1_0.property_id=?
Hibernate: select a1_0.property_id,a1_0.amenity from property_amenities a1_0 where a1_0.property_id=?
Hibernate: select i1_0.property_id,i1_0.image_name from property_images i1_0 where i1_0.property_id=?
Hibernate: select v1_0.property_id,v1_0.video_name from property_videos v1_0 where v1_0.property_id=?
Hibernate: select a1_0.property_id,a1_0.amenity from property_amenities a1_0 where a1_0.property_id=?
Hibernate: select i1_0.property_id,i1_0.image_name from property_images i1_0 where i1_0.property_id=?
Hibernate: select v1_0.property_id,v1_0.video_name from property_videos v1_0 where v1_0.property_id=?
Hibernate: select a1_0.property_id,a1_0.amenity from property_amenities a1_0 where a1_0.property_id=?
Hibernate: select i1_0.property_id,i1_0.image_name from property_images i1_0 where i1_0.property_id=?
Hibernate: select v1_0.property_id,v1_0.video_name from property_videos v1_0 where v1_0.property_id=?
Hibernate: select a1_0.property_id,a1_0.amenity from property_amenities a1_0 where a1_0.property_id=?
Hibernate: select i1_0.property_id,i1_0.image_name from property_images i1_0 where i1_0.property_id=?
Hibernate: select v1_0.property_id,v1_0.video_name from property_videos v1_0 where v1_0.property_id=?
Hibernate: select a1_0.property_id,a1_0.amenity from property_amenities a1_0 where a1_0.property_id=?
Hibernate: select i1_0.property_id,i1_0.image_name from property_images i1_0 where i1_0.property_id=?
Hibernate: select v1_0.property_id,v1_0.video_name from property_videos v1_0 where v1_0.property_id=?
Hibernate: select a1_0.property_id,a1_0.amenity from property_amenities a1_0 where a1_0.property_id=?
Hibernate: select i1_0.property_id,i1_0.image_name from property_images i1_0 where i1_0.property_id=?
Hibernate: select v1_0.property_id,v1_0.video_name from property_videos v1_0 where v1_0.property_id=?
2026-03-02T12:06:15.826+05:30  INFO 42475 --- [nio-8080-exec-6] c.r.o.controller.PropertyController      : Serving image file: 1772371800370_1.avif from /Users/ompatel/sdp/Online-RealEstate-System/Online-Real-Estate-System-main/uploads/1772371800370_1.avif
Hibernate: select a1_0.property_id,a1_0.amenity from property_amenities a1_0 where a1_0.property_id=?
Hibernate: select i1_0.property_id,i1_0.image_name from property_images i1_0 where i1_0.property_id=?
Hibernate: select v1_0.property_id,v1_0.video_name from property_videos v1_0 where v1_0.property_id=?
Hibernate: select a1_0.property_id,a1_0.amenity from property_amenities a1_0 where a1_0.property_id=?
Hibernate: select i1_0.property_id,i1_0.image_name from property_images i1_0 where i1_0.property_id=?
Hibernate: select v1_0.property_id,v1_0.video_name from property_videos v1_0 where v1_0.property_id=?
Hibernate: select a1_0.property_id,a1_0.amenity from property_amenities a1_0 where a1_0.property_id=?
Hibernate: select i1_0.property_id,i1_0.image_name from property_images i1_0 where i1_0.property_id=?
Hibernate: select v1_0.property_id,v1_0.video_name from property_videos v1_0 where v1_0.property_id=?
Hibernate: select a1_0.property_id,a1_0.amenity from property_amenities a1_0 where a1_0.property_id=?
Hibernate: select i1_0.property_id,i1_0.image_name from property_images i1_0 where i1_0.property_id=?
Hibernate: select v1_0.property_id,v1_0.video_name from property_videos v1_0 where v1_0.property_id=?
Hibernate: select a1_0.property_id,a1_0.amenity from property_amenities a1_0 where a1_0.property_id=?
Hibernate: select i1_0.property_id,i1_0.image_name from property_images i1_0 where i1_0.property_id=?
Hibernate: select v1_0.property_id,v1_0.video_name from property_videos v1_0 where v1_0.property_id=?
Hibernate: select a1_0.property_id,a1_0.amenity from property_amenities a1_0 where a1_0.property_id=?
Hibernate: select i1_0.property_id,i1_0.image_name from property_images i1_0 where i1_0.property_id=?
Hibernate: select v1_0.property_id,v1_0.video_name from property_videos v1_0 where v1_0.property_id=?
Hibernate: select a1_0.property_id,a1_0.amenity from property_amenities a1_0 where a1_0.property_id=?
Hibernate: select i1_0.property_id,i1_0.image_name from property_images i1_0 where i1_0.property_id=?
Hibernate: select v1_0.property_id,v1_0.video_name from property_videos v1_0 where v1_0.property_id=?
Hibernate: select a1_0.property_id,a1_0.amenity from property_amenities a1_0 where a1_0.property_id=?
Hibernate: select i1_0.property_id,i1_0.image_name from property_images i1_0 where i1_0.property_id=?
Hibernate: select v1_0.property_id,v1_0.video_name from property_videos v1_0 where v1_0.property_id=?
Hibernate: select a1_0.property_id,a1_0.amenity from property_amenities a1_0 where a1_0.property_id=?
Hibernate: select i1_0.property_id,i1_0.image_name from property_images i1_0 where i1_0.property_id=?
Hibernate: select v1_0.property_id,v1_0.video_name from property_videos v1_0 where v1_0.property_id=?
Hibernate: select a1_0.property_id,a1_0.amenity from property_amenities a1_0 where a1_0.property_id=?
Hibernate: select i1_0.property_id,i1_0.image_name from property_images i1_0 where i1_0.property_id=?
Hibernate: select v1_0.property_id,v1_0.video_name from property_videos v1_0 where v1_0.property_id=?
Hibernate: select a1_0.property_id,a1_0.amenity from property_amenities a1_0 where a1_0.property_id=?
Hibernate: select i1_0.property_id,i1_0.image_name from property_images i1_0 where i1_0.property_id=?
Hibernate: select v1_0.property_id,v1_0.video_name from property_videos v1_0 where v1_0.property_id=?
Hibernate: select a1_0.property_id,a1_0.amenity from property_amenities a1_0 where a1_0.property_id=?
Hibernate: select i1_0.property_id,i1_0.image_name from property_images i1_0 where i1_0.property_id=?
Hibernate: select v1_0.property_id,v1_0.video_name from property_videos v1_0 where v1_0.property_id=?
Hibernate: select a1_0.property_id,a1_0.amenity from property_amenities a1_0 where a1_0.property_id=?
Hibernate: select i1_0.property_id,i1_0.image_name from property_images i1_0 where i1_0.property_id=?
Hibernate: select v1_0.property_id,v1_0.video_name from property_videos v1_0 where v1_0.property_id=?
Hibernate: select a1_0.property_id,a1_0.amenity from property_amenities a1_0 where a1_0.property_id=?
Hibernate: select i1_0.property_id,i1_0.image_name from property_images i1_0 where i1_0.property_id=?
Hibernate: select v1_0.property_id,v1_0.video_name from property_videos v1_0 where v1_0.property_id=?
Hibernate: select a1_0.property_id,a1_0.amenity from property_amenities a1_0 where a1_0.property_id=?
WebSocket principal set to userId: 3
Hibernate: select u1_0.id,u1_0.bio,u1_0.blocked,u1_0.city,u1_0.email,u1_0.email_verified,u1_0.full_name,u1_0.mobile_number,u1_0.password,u1_0.profile_picture,u1_0.role,u1_0.state,u1_0.username,u1_0.verified from users u1_0 where u1_0.email=?
Hibernate: select u1_0.id,u1_0.bio,u1_0.blocked,u1_0.city,u1_0.email,u1_0.email_verified,u1_0.full_name,u1_0.mobile_number,u1_0.password,u1_0.profile_picture,u1_0.role,u1_0.state,u1_0.username,u1_0.verified from users u1_0 where u1_0.email=?
✅ WebSocket userId from query param: 3
✅ WebSocket token from query param
✅ WebSocket userId validated: 3
✅ WebSocket JWT token extracted and stored
Hibernate: select u1_0.id,u1_0.bio,u1_0.blocked,u1_0.city,u1_0.email,u1_0.email_verified,u1_0.full_name,u1_0.mobile_number,u1_0.password,u1_0.profile_picture,u1_0.role,u1_0.state,u1_0.username,u1_0.verified from users u1_0 where u1_0.email=?
✅ WebSocket handshake completed successfully
✅ SECURITY: Unread messages access verified for user 3
Hibernate: select p1_0.id,p1_0.address,p1_0.approved,p1_0.area,p1_0.balconies,p1_0.bathrooms,p1_0.bedrooms,p1_0.carpet_area,p1_0.category,p1_0.city,p1_0.contact_number,p1_0.created_at,p1_0.description,p1_0.featured,p1_0.floor_number,p1_0.latitude,p1_0.location,p1_0.longitude,p1_0.pincode,p1_0.price,p1_0.property_age,p1_0.property_status,p1_0.rejected,p1_0.seller_email,p1_0.seller_username,p1_0.state,p1_0.title,p1_0.total_floors,p1_0.type,p1_0.user_id,p1_0.user_type,p1_0.verified from properties p1_0 where p1_0.type=?
WebSocket principal set to userId: 3
Hibernate: select c1_0.id,c1_0.is_read,c1_0.message,c1_0.property_id,c1_0.receiver_id,c1_0.sender_id,c1_0.timestamp from chat_messages c1_0 where c1_0.receiver_id=? and not(c1_0.is_read)
Hibernate: select u1_0.id,u1_0.bio,u1_0.blocked,u1_0.city,u1_0.email,u1_0.email_verified,u1_0.full_name,u1_0.mobile_number,u1_0.password,u1_0.profile_picture,u1_0.role,u1_0.state,u1_0.username,u1_0.verified from users u1_0 where u1_0.id=?
WebSocket principal set to userId: 3
Hibernate: select i1_0.property_id,i1_0.image_name from property_images i1_0 where i1_0.property_id=?
Hibernate: select v1_0.property_id,v1_0.video_name from property_videos v1_0 where v1_0.property_id=?
Hibernate: select a1_0.property_id,a1_0.amenity from property_amenities a1_0 where a1_0.property_id=?
Hibernate: select i1_0.property_id,i1_0.image_name from property_images i1_0 where i1_0.property_id=?
Hibernate: select v1_0.property_id,v1_0.video_name from property_videos v1_0 where v1_0.property_id=?
Hibernate: select a1_0.property_id,a1_0.amenity from property_amenities a1_0 where a1_0.property_id=?
Hibernate: select i1_0.property_id,i1_0.image_name from property_images i1_0 where i1_0.property_id=?
Hibernate: select v1_0.property_id,v1_0.video_name from property_videos v1_0 where v1_0.property_id=?
Hibernate: select a1_0.property_id,a1_0.amenity from property_amenities a1_0 where a1_0.property_id=?
Hibernate: select i1_0.property_id,i1_0.image_name from property_images i1_0 where i1_0.property_id=?
Hibernate: select v1_0.property_id,v1_0.video_name from property_videos v1_0 where v1_0.property_id=?
Hibernate: select a1_0.property_id,a1_0.amenity from property_amenities a1_0 where a1_0.property_id=?
Hibernate: select i1_0.property_id,i1_0.image_name from property_images i1_0 where i1_0.property_id=?
Hibernate: select v1_0.property_id,v1_0.video_name from property_videos v1_0 where v1_0.property_id=?
Hibernate: select a1_0.property_id,a1_0.amenity from property_amenities a1_0 where a1_0.property_id=?
Hibernate: select i1_0.property_id,i1_0.image_name from property_images i1_0 where i1_0.property_id=?
Hibernate: select v1_0.property_id,v1_0.video_name from property_videos v1_0 where v1_0.property_id=?
Hibernate: select a1_0.property_id,a1_0.amenity from property_amenities a1_0 where a1_0.property_id=?
Hibernate: select i1_0.property_id,i1_0.image_name from property_images i1_0 where i1_0.property_id=?
Hibernate: select v1_0.property_id,v1_0.video_name from property_videos v1_0 where v1_0.property_id=?
Hibernate: select a1_0.property_id,a1_0.amenity from property_amenities a1_0 where a1_0.property_id=?
Hibernate: select i1_0.property_id,i1_0.image_name from property_images i1_0 where i1_0.property_id=?
Hibernate: select v1_0.property_id,v1_0.video_name from property_videos v1_0 where v1_0.property_id=?
Hibernate: select a1_0.property_id,a1_0.amenity from property_amenities a1_0 where a1_0.property_id=?
Hibernate: select i1_0.property_id,i1_0.image_name from property_images i1_0 where i1_0.property_id=?
Hibernate: select v1_0.property_id,v1_0.video_name from property_videos v1_0 where v1_0.property_id=?
Hibernate: select a1_0.property_id,a1_0.amenity from property_amenities a1_0 where a1_0.property_id=?
Hibernate: select i1_0.property_id,i1_0.image_name from property_images i1_0 where i1_0.property_id=?
Hibernate: select v1_0.property_id,v1_0.video_name from property_videos v1_0 where v1_0.property_id=?
Hibernate: select a1_0.property_id,a1_0.amenity from property_amenities a1_0 where a1_0.property_id=?
Hibernate: select i1_0.property_id,i1_0.image_name from property_images i1_0 where i1_0.property_id=?
Hibernate: select v1_0.property_id,v1_0.video_name from property_videos v1_0 where v1_0.property_id=?
Hibernate: select a1_0.property_id,a1_0.amenity from property_amenities a1_0 where a1_0.property_id=?
Hibernate: select i1_0.property_id,i1_0.image_name from property_images i1_0 where i1_0.property_id=?
Hibernate: select v1_0.property_id,v1_0.video_name from property_videos v1_0 where v1_0.property_id=?
Hibernate: select a1_0.property_id,a1_0.amenity from property_amenities a1_0 where a1_0.property_id=?
Hibernate: select i1_0.property_id,i1_0.image_name from property_images i1_0 where i1_0.property_id=?
Hibernate: select v1_0.property_id,v1_0.video_name from property_videos v1_0 where v1_0.property_id=?
Hibernate: select a1_0.property_id,a1_0.amenity from property_amenities a1_0 where a1_0.property_id=?
Hibernate: select i1_0.property_id,i1_0.image_name from property_images i1_0 where i1_0.property_id=?
Hibernate: select v1_0.property_id,v1_0.video_name from property_videos v1_0 where v1_0.property_id=?
Hibernate: select a1_0.property_id,a1_0.amenity from property_amenities a1_0 where a1_0.property_id=?
Hibernate: select i1_0.property_id,i1_0.image_name from property_images i1_0 where i1_0.property_id=?
Hibernate: select v1_0.property_id,v1_0.video_name from property_videos v1_0 where v1_0.property_id=?
Hibernate: select a1_0.property_id,a1_0.amenity from property_amenities a1_0 where a1_0.property_id=?
Hibernate: select i1_0.property_id,i1_0.image_name from property_images i1_0 where i1_0.property_id=?
Hibernate: select v1_0.property_id,v1_0.video_name from property_videos v1_0 where v1_0.property_id=?
Hibernate: select a1_0.property_id,a1_0.amenity from property_amenities a1_0 where a1_0.property_id=?
Hibernate: select i1_0.property_id,i1_0.image_name from property_images i1_0 where i1_0.property_id=?
Hibernate: select v1_0.property_id,v1_0.video_name from property_videos v1_0 where v1_0.property_id=?
Hibernate: select a1_0.property_id,a1_0.amenity from property_amenities a1_0 where a1_0.property_id=?
Hibernate: select i1_0.property_id,i1_0.image_name from property_images i1_0 where i1_0.property_id=?
Hibernate: select v1_0.property_id,v1_0.video_name from property_videos v1_0 where v1_0.property_id=?
Hibernate: select a1_0.property_id,a1_0.amenity from property_amenities a1_0 where a1_0.property_id=?
Hibernate: select i1_0.property_id,i1_0.image_name from property_images i1_0 where i1_0.property_id=?
Hibernate: select v1_0.property_id,v1_0.video_name from property_videos v1_0 where v1_0.property_id=?
Hibernate: select a1_0.property_id,a1_0.amenity from property_amenities a1_0 where a1_0.property_id=?
Hibernate: select i1_0.property_id,i1_0.image_name from property_images i1_0 where i1_0.property_id=?
Hibernate: select v1_0.property_id,v1_0.video_name from property_videos v1_0 where v1_0.property_id=?
Hibernate: select a1_0.property_id,a1_0.amenity from property_amenities a1_0 where a1_0.property_id=?
Hibernate: select i1_0.property_id,i1_0.image_name from property_images i1_0 where i1_0.property_id=?
Hibernate: select v1_0.property_id,v1_0.video_name from property_videos v1_0 where v1_0.property_id=?
Hibernate: select a1_0.property_id,a1_0.amenity from property_amenities a1_0 where a1_0.property_id=?
Hibernate: select i1_0.property_id,i1_0.image_name from property_images i1_0 where i1_0.property_id=?
Hibernate: select v1_0.property_id,v1_0.video_name from property_videos v1_0 where v1_0.property_id=?
Hibernate: select a1_0.property_id,a1_0.amenity from property_amenities a1_0 where a1_0.property_id=?
Hibernate: select i1_0.property_id,i1_0.image_name from property_images i1_0 where i1_0.property_id=?
Hibernate: select v1_0.property_id,v1_0.video_name from property_videos v1_0 where v1_0.property_id=?
Hibernate: select a1_0.property_id,a1_0.amenity from property_amenities a1_0 where a1_0.property_id=?
Hibernate: select i1_0.property_id,i1_0.image_name from property_images i1_0 where i1_0.property_id=?
Hibernate: select v1_0.property_id,v1_0.video_name from property_videos v1_0 where v1_0.property_id=?
Hibernate: select a1_0.property_id,a1_0.amenity from property_amenities a1_0 where a1_0.property_id=?
Hibernate: select i1_0.property_id,i1_0.image_name from property_images i1_0 where i1_0.property_id=?
Hibernate: select v1_0.property_id,v1_0.video_name from property_videos v1_0 where v1_0.property_id=?
Hibernate: select a1_0.property_id,a1_0.amenity from property_amenities a1_0 where a1_0.property_id=?
Hibernate: select i1_0.property_id,i1_0.image_name from property_images i1_0 where i1_0.property_id=?
Hibernate: select v1_0.property_id,v1_0.video_name from property_videos v1_0 where v1_0.property_id=?
Hibernate: select a1_0.property_id,a1_0.amenity from property_amenities a1_0 where a1_0.property_id=?
Hibernate: select i1_0.property_id,i1_0.image_name from property_images i1_0 where i1_0.property_id=?
Hibernate: select v1_0.property_id,v1_0.video_name from property_videos v1_0 where v1_0.property_id=?
Hibernate: select a1_0.property_id,a1_0.amenity from property_amenities a1_0 where a1_0.property_id=?
Hibernate: select i1_0.property_id,i1_0.image_name from property_images i1_0 where i1_0.property_id=?
Hibernate: select v1_0.property_id,v1_0.video_name from property_videos v1_0 where v1_0.property_id=?
Hibernate: select a1_0.property_id,a1_0.amenity from property_amenities a1_0 where a1_0.property_id=?
Hibernate: select i1_0.property_id,i1_0.image_name from property_images i1_0 where i1_0.property_id=?
Hibernate: select v1_0.property_id,v1_0.video_name from property_videos v1_0 where v1_0.property_id=?
Hibernate: select a1_0.property_id,a1_0.amenity from property_amenities a1_0 where a1_0.property_id=?
Hibernate: select u1_0.id,u1_0.bio,u1_0.blocked,u1_0.city,u1_0.email,u1_0.email_verified,u1_0.full_name,u1_0.mobile_number,u1_0.password,u1_0.profile_picture,u1_0.role,u1_0.state,u1_0.username,u1_0.verified from users u1_0 where u1_0.email=?
Hibernate: select i1_0.property_id,i1_0.image_name from property_images i1_0 where i1_0.property_id=?
Hibernate: select v1_0.property_id,v1_0.video_name from property_videos v1_0 where v1_0.property_id=?
Hibernate: select a1_0.property_id,a1_0.amenity from property_amenities a1_0 where a1_0.property_id=?
Hibernate: select i1_0.property_id,i1_0.image_name from property_images i1_0 where i1_0.property_id=?
Hibernate: select v1_0.property_id,v1_0.video_name from property_videos v1_0 where v1_0.property_id=?
Hibernate: select a1_0.property_id,a1_0.amenity from property_amenities a1_0 where a1_0.property_id=?
Hibernate: select i1_0.property_id,i1_0.image_name from property_images i1_0 where i1_0.property_id=?
Hibernate: select v1_0.property_id,v1_0.video_name from property_videos v1_0 where v1_0.property_id=?
Hibernate: select a1_0.property_id,a1_0.amenity from property_amenities a1_0 where a1_0.property_id=?
Hibernate: select i1_0.property_id,i1_0.image_name from property_images i1_0 where i1_0.property_id=?
Hibernate: select v1_0.property_id,v1_0.video_name from property_videos v1_0 where v1_0.property_id=?
Hibernate: select a1_0.property_id,a1_0.amenity from property_amenities a1_0 where a1_0.property_id=?
Hibernate: select i1_0.property_id,i1_0.image_name from property_images i1_0 where i1_0.property_id=?
Hibernate: select v1_0.property_id,v1_0.video_name from property_videos v1_0 where v1_0.property_id=?
Hibernate: select a1_0.property_id,a1_0.amenity from property_amenities a1_0 where a1_0.property_id=?
Hibernate: select i1_0.property_id,i1_0.image_name from property_images i1_0 where i1_0.property_id=?
Hibernate: select v1_0.property_id,v1_0.video_name from property_videos v1_0 where v1_0.property_id=?
Hibernate: select a1_0.property_id,a1_0.amenity from property_amenities a1_0 where a1_0.property_id=?
Hibernate: select p1_0.id,p1_0.address,p1_0.approved,p1_0.area,p1_0.balconies,p1_0.bathrooms,p1_0.bedrooms,p1_0.carpet_area,p1_0.category,p1_0.city,p1_0.contact_number,p1_0.created_at,p1_0.description,p1_0.featured,p1_0.floor_number,p1_0.latitude,p1_0.location,p1_0.longitude,p1_0.pincode,p1_0.price,p1_0.property_age,p1_0.property_status,p1_0.rejected,p1_0.seller_email,p1_0.seller_username,p1_0.state,p1_0.title,p1_0.total_floors,p1_0.type,p1_0.user_id,p1_0.user_type,p1_0.verified from properties p1_0 where p1_0.type=?
Hibernate: select u1_0.id,u1_0.bio,u1_0.blocked,u1_0.city,u1_0.email,u1_0.email_verified,u1_0.full_name,u1_0.mobile_number,u1_0.password,u1_0.profile_picture,u1_0.role,u1_0.state,u1_0.username,u1_0.verified from users u1_0 where u1_0.id=?
Hibernate: select i1_0.property_id,i1_0.image_name from property_images i1_0 where i1_0.property_id=?
Hibernate: select v1_0.property_id,v1_0.video_name from property_videos v1_0 where v1_0.property_id=?
Hibernate: select a1_0.property_id,a1_0.amenity from property_amenities a1_0 where a1_0.property_id=?
Hibernate: select i1_0.property_id,i1_0.image_name from property_images i1_0 where i1_0.property_id=?
Hibernate: select v1_0.property_id,v1_0.video_name from property_videos v1_0 where v1_0.property_id=?
Hibernate: select a1_0.property_id,a1_0.amenity from property_amenities a1_0 where a1_0.property_id=?
Hibernate: select i1_0.property_id,i1_0.image_name from property_images i1_0 where i1_0.property_id=?
Hibernate: select v1_0.property_id,v1_0.video_name from property_videos v1_0 where v1_0.property_id=?
Hibernate: select a1_0.property_id,a1_0.amenity from property_amenities a1_0 where a1_0.property_id=?
Hibernate: select i1_0.property_id,i1_0.image_name from property_images i1_0 where i1_0.property_id=?
Hibernate: select v1_0.property_id,v1_0.video_name from property_videos v1_0 where v1_0.property_id=?
Hibernate: select a1_0.property_id,a1_0.amenity from property_amenities a1_0 where a1_0.property_id=?
Hibernate: select i1_0.property_id,i1_0.image_name from property_images i1_0 where i1_0.property_id=?
Hibernate: select v1_0.property_id,v1_0.video_name from property_videos v1_0 where v1_0.property_id=?
Hibernate: select a1_0.property_id,a1_0.amenity from property_amenities a1_0 where a1_0.property_id=?
Hibernate: select i1_0.property_id,i1_0.image_name from property_images i1_0 where i1_0.property_id=?
Hibernate: select v1_0.property_id,v1_0.video_name from property_videos v1_0 where v1_0.property_id=?
Hibernate: select a1_0.property_id,a1_0.amenity from property_amenities a1_0 where a1_0.property_id=?
Hibernate: select i1_0.property_id,i1_0.image_name from property_images i1_0 where i1_0.property_id=?
Hibernate: select v1_0.property_id,v1_0.video_name from property_videos v1_0 where v1_0.property_id=?
Hibernate: select a1_0.property_id,a1_0.amenity from property_amenities a1_0 where a1_0.property_id=?
Hibernate: select i1_0.property_id,i1_0.image_name from property_images i1_0 where i1_0.property_id=?
Hibernate: select v1_0.property_id,v1_0.video_name from property_videos v1_0 where v1_0.property_id=?
Hibernate: select a1_0.property_id,a1_0.amenity from property_amenities a1_0 where a1_0.property_id=?
Hibernate: select i1_0.property_id,i1_0.image_name from property_images i1_0 where i1_0.property_id=?
Hibernate: select v1_0.property_id,v1_0.video_name from property_videos v1_0 where v1_0.property_id=?
Hibernate: select a1_0.property_id,a1_0.amenity from property_amenities a1_0 where a1_0.property_id=?
Hibernate: select i1_0.property_id,i1_0.image_name from property_images i1_0 where i1_0.property_id=?
Hibernate: select v1_0.property_id,v1_0.video_name from property_videos v1_0 where v1_0.property_id=?
Hibernate: select a1_0.property_id,a1_0.amenity from property_amenities a1_0 where a1_0.property_id=?
Hibernate: select i1_0.property_id,i1_0.image_name from property_images i1_0 where i1_0.property_id=?
Hibernate: select v1_0.property_id,v1_0.video_name from property_videos v1_0 where v1_0.property_id=?
Hibernate: select a1_0.property_id,a1_0.amenity from property_amenities a1_0 where a1_0.property_id=?
Hibernate: select i1_0.property_id,i1_0.image_name from property_images i1_0 where i1_0.property_id=?
Hibernate: select v1_0.property_id,v1_0.video_name from property_videos v1_0 where v1_0.property_id=?
Hibernate: select a1_0.property_id,a1_0.amenity from property_amenities a1_0 where a1_0.property_id=?
Hibernate: select i1_0.property_id,i1_0.image_name from property_images i1_0 where i1_0.property_id=?
Hibernate: select v1_0.property_id,v1_0.video_name from property_videos v1_0 where v1_0.property_id=?
Hibernate: select a1_0.property_id,a1_0.amenity from property_amenities a1_0 where a1_0.property_id=?
Hibernate: select i1_0.property_id,i1_0.image_name from property_images i1_0 where i1_0.property_id=?
Hibernate: select v1_0.property_id,v1_0.video_name from property_videos v1_0 where v1_0.property_id=?
Hibernate: select a1_0.property_id,a1_0.amenity from property_amenities a1_0 where a1_0.property_id=?
Hibernate: select i1_0.property_id,i1_0.image_name from property_images i1_0 where i1_0.property_id=?
Hibernate: select v1_0.property_id,v1_0.video_name from property_videos v1_0 where v1_0.property_id=?
Hibernate: select a1_0.property_id,a1_0.amenity from property_amenities a1_0 where a1_0.property_id=?
Hibernate: select i1_0.property_id,i1_0.image_name from property_images i1_0 where i1_0.property_id=?
Hibernate: select v1_0.property_id,v1_0.video_name from property_videos v1_0 where v1_0.property_id=?
Hibernate: select a1_0.property_id,a1_0.amenity from property_amenities a1_0 where a1_0.property_id=?
Hibernate: select i1_0.property_id,i1_0.image_name from property_images i1_0 where i1_0.property_id=?
Hibernate: select v1_0.property_id,v1_0.video_name from property_videos v1_0 where v1_0.property_id=?
Hibernate: select a1_0.property_id,a1_0.amenity from property_amenities a1_0 where a1_0.property_id=?
Hibernate: select i1_0.property_id,i1_0.image_name from property_images i1_0 where i1_0.property_id=?
Hibernate: select v1_0.property_id,v1_0.video_name from property_videos v1_0 where v1_0.property_id=?
Hibernate: select a1_0.property_id,a1_0.amenity from property_amenities a1_0 where a1_0.property_id=?
Hibernate: select i1_0.property_id,i1_0.image_name from property_images i1_0 where i1_0.property_id=?
Hibernate: select v1_0.property_id,v1_0.video_name from property_videos v1_0 where v1_0.property_id=?
Hibernate: select a1_0.property_id,a1_0.amenity from property_amenities a1_0 where a1_0.property_id=?
2026-03-02T12:11:50.827+05:30  INFO 42475 --- [nio-8080-exec-1] c.r.o.controller.PropertyController      : Serving image file: 1772371800370_1.avif from /Users/ompatel/sdp/Online-RealEstate-System/Online-Real-Estate-System-main/uploads/1772371800370_1.avif
Hibernate: select i1_0.property_id,i1_0.image_name from property_images i1_0 where i1_0.property_id=?
Hibernate: select v1_0.property_id,v1_0.video_name from property_videos v1_0 where v1_0.property_id=?
Hibernate: select a1_0.property_id,a1_0.amenity from property_amenities a1_0 where a1_0.property_id=?
Hibernate: select i1_0.property_id,i1_0.image_name from property_images i1_0 where i1_0.property_id=?
Hibernate: select v1_0.property_id,v1_0.video_name from property_videos v1_0 where v1_0.property_id=?
Hibernate: select a1_0.property_id,a1_0.amenity from property_amenities a1_0 where a1_0.property_id=?
Hibernate: select i1_0.property_id,i1_0.image_name from property_images i1_0 where i1_0.property_id=?
Hibernate: select v1_0.property_id,v1_0.video_name from property_videos v1_0 where v1_0.property_id=?
Hibernate: select a1_0.property_id,a1_0.amenity from property_amenities a1_0 where a1_0.property_id=?
Hibernate: select i1_0.property_id,i1_0.image_name from property_images i1_0 where i1_0.property_id=?
Hibernate: select v1_0.property_id,v1_0.video_name from property_videos v1_0 where v1_0.property_id=?
Hibernate: select a1_0.property_id,a1_0.amenity from property_amenities a1_0 where a1_0.property_id=?
Hibernate: select i1_0.property_id,i1_0.image_name from property_images i1_0 where i1_0.property_id=?
Hibernate: select v1_0.property_id,v1_0.video_name from property_videos v1_0 where v1_0.property_id=?
Hibernate: select a1_0.property_id,a1_0.amenity from property_amenities a1_0 where a1_0.property_id=?
Hibernate: select i1_0.property_id,i1_0.image_name from property_images i1_0 where i1_0.property_id=?
Hibernate: select v1_0.property_id,v1_0.video_name from property_videos v1_0 where v1_0.property_id=?
Hibernate: select a1_0.property_id,a1_0.amenity from property_amenities a1_0 where a1_0.property_id=?
Hibernate: select i1_0.property_id,i1_0.image_name from property_images i1_0 where i1_0.property_id=?
Hibernate: select v1_0.property_id,v1_0.video_name from property_videos v1_0 where v1_0.property_id=?
Hibernate: select a1_0.property_id,a1_0.amenity from property_amenities a1_0 where a1_0.property_id=?
Hibernate: select i1_0.property_id,i1_0.image_name from property_images i1_0 where i1_0.property_id=?
Hibernate: select v1_0.property_id,v1_0.video_name from property_videos v1_0 where v1_0.property_id=?
Hibernate: select a1_0.property_id,a1_0.amenity from property_amenities a1_0 where a1_0.property_id=?
Hibernate: select i1_0.property_id,i1_0.image_name from property_images i1_0 where i1_0.property_id=?
Hibernate: select v1_0.property_id,v1_0.video_name from property_videos v1_0 where v1_0.property_id=?
Hibernate: select a1_0.property_id,a1_0.amenity from property_amenities a1_0 where a1_0.property_id=?
Hibernate: select i1_0.property_id,i1_0.image_name from property_images i1_0 where i1_0.property_id=?
Hibernate: select v1_0.property_id,v1_0.video_name from property_videos v1_0 where v1_0.property_id=?
Hibernate: select a1_0.property_id,a1_0.amenity from property_amenities a1_0 where a1_0.property_id=?
Hibernate: select i1_0.property_id,i1_0.image_name from property_images i1_0 where i1_0.property_id=?
Hibernate: select v1_0.property_id,v1_0.video_name from property_videos v1_0 where v1_0.property_id=?
Hibernate: select a1_0.property_id,a1_0.amenity from property_amenities a1_0 where a1_0.property_id=?
Hibernate: select i1_0.property_id,i1_0.image_name from property_images i1_0 where i1_0.property_id=?
Hibernate: select v1_0.property_id,v1_0.video_name from property_videos v1_0 where v1_0.property_id=?
Hibernate: select a1_0.property_id,a1_0.amenity from property_amenities a1_0 where a1_0.property_id=?
Hibernate: select i1_0.property_id,i1_0.image_name from property_images i1_0 where i1_0.property_id=?
Hibernate: select v1_0.property_id,v1_0.video_name from property_videos v1_0 where v1_0.property_id=?
Hibernate: select a1_0.property_id,a1_0.amenity from property_amenities a1_0 where a1_0.property_id=?
Hibernate: select i1_0.property_id,i1_0.image_name from property_images i1_0 where i1_0.property_id=?
Hibernate: select v1_0.property_id,v1_0.video_name from property_videos v1_0 where v1_0.property_id=?
Hibernate: select a1_0.property_id,a1_0.amenity from property_amenities a1_0 where a1_0.property_id=?
Hibernate: select i1_0.property_id,i1_0.image_name from property_images i1_0 where i1_0.property_id=?
Hibernate: select v1_0.property_id,v1_0.video_name from property_videos v1_0 where v1_0.property_id=?
Hibernate: select a1_0.property_id,a1_0.amenity from property_amenities a1_0 where a1_0.property_id=?
Hibernate: select i1_0.property_id,i1_0.image_name from property_images i1_0 where i1_0.property_id=?
Hibernate: select v1_0.property_id,v1_0.video_name from property_videos v1_0 where v1_0.property_id=?
Hibernate: select a1_0.property_id,a1_0.amenity from property_amenities a1_0 where a1_0.property_id=?
Hibernate: select u1_0.id,u1_0.bio,u1_0.blocked,u1_0.city,u1_0.email,u1_0.email_verified,u1_0.full_name,u1_0.mobile_number,u1_0.password,u1_0.profile_picture,u1_0.role,u1_0.state,u1_0.username,u1_0.verified from users u1_0 where u1_0.email=?
Hibernate: select p1_0.id,p1_0.address,p1_0.approved,p1_0.area,p1_0.balconies,p1_0.bathrooms,p1_0.bedrooms,p1_0.carpet_area,p1_0.category,p1_0.city,p1_0.contact_number,p1_0.created_at,p1_0.description,p1_0.featured,p1_0.floor_number,p1_0.latitude,p1_0.location,p1_0.longitude,p1_0.pincode,p1_0.price,p1_0.property_age,p1_0.property_status,p1_0.rejected,p1_0.seller_email,p1_0.seller_username,p1_0.state,p1_0.title,p1_0.total_floors,p1_0.type,u1_0.id,u1_0.bio,u1_0.blocked,u1_0.city,u1_0.email,u1_0.email_verified,u1_0.full_name,u1_0.mobile_number,u1_0.password,u1_0.profile_picture,u1_0.role,u1_0.state,u1_0.username,u1_0.verified,p1_0.user_type,p1_0.verified from properties p1_0 left join users u1_0 on u1_0.id=p1_0.user_id where p1_0.id=?
Hibernate: select i1_0.property_id,i1_0.image_name from property_images i1_0 where i1_0.property_id=?
Hibernate: select v1_0.property_id,v1_0.video_name from property_videos v1_0 where v1_0.property_id=?
Hibernate: select a1_0.property_id,a1_0.amenity from property_amenities a1_0 where a1_0.property_id=?
Hibernate: select u1_0.id,u1_0.bio,u1_0.blocked,u1_0.city,u1_0.email,u1_0.email_verified,u1_0.full_name,u1_0.mobile_number,u1_0.password,u1_0.profile_picture,u1_0.role,u1_0.state,u1_0.username,u1_0.verified from users u1_0 where u1_0.email=?
Hibernate: select p1_0.id,p1_0.address,p1_0.approved,p1_0.area,p1_0.balconies,p1_0.bathrooms,p1_0.bedrooms,p1_0.carpet_area,p1_0.category,p1_0.city,p1_0.contact_number,p1_0.created_at,p1_0.description,p1_0.featured,p1_0.floor_number,p1_0.latitude,p1_0.location,p1_0.longitude,p1_0.pincode,p1_0.price,p1_0.property_age,p1_0.property_status,p1_0.rejected,p1_0.seller_email,p1_0.seller_username,p1_0.state,p1_0.title,p1_0.total_floors,p1_0.type,u1_0.id,u1_0.bio,u1_0.blocked,u1_0.city,u1_0.email,u1_0.email_verified,u1_0.full_name,u1_0.mobile_number,u1_0.password,u1_0.profile_picture,u1_0.role,u1_0.state,u1_0.username,u1_0.verified,p1_0.user_type,p1_0.verified from properties p1_0 left join users u1_0 on u1_0.id=p1_0.user_id where p1_0.id=?
Hibernate: select i1_0.property_id,i1_0.image_name from property_images i1_0 where i1_0.property_id=?
Hibernate: select v1_0.property_id,v1_0.video_name from property_videos v1_0 where v1_0.property_id=?
Hibernate: select a1_0.property_id,a1_0.amenity from property_amenities a1_0 where a1_0.property_id=?
Hibernate: select l1_0.id,l1_0.home_loan_interest_rate,l1_0.max_loan_percent_of_property_value,l1_0.processing_fee_percent from loan_settings l1_0
Hibernate: select u1_0.id,u1_0.bio,u1_0.blocked,u1_0.city,u1_0.email,u1_0.email_verified,u1_0.full_name,u1_0.mobile_number,u1_0.password,u1_0.profile_picture,u1_0.role,u1_0.state,u1_0.username,u1_0.verified from users u1_0 where u1_0.email=?
Hibernate: select u1_0.id,u1_0.bio,u1_0.blocked,u1_0.city,u1_0.email,u1_0.email_verified,u1_0.full_name,u1_0.mobile_number,u1_0.password,u1_0.profile_picture,u1_0.role,u1_0.state,u1_0.username,u1_0.verified from users u1_0 where u1_0.email=?
Hibernate: select u1_0.id,u1_0.bio,u1_0.blocked,u1_0.city,u1_0.email,u1_0.email_verified,u1_0.full_name,u1_0.mobile_number,u1_0.password,u1_0.profile_picture,u1_0.role,u1_0.state,u1_0.username,u1_0.verified from users u1_0 where u1_0.email=?
✅ SECURITY: Unread messages access verified for user 3
Hibernate: select u1_0.id,u1_0.bio,u1_0.blocked,u1_0.city,u1_0.email,u1_0.email_verified,u1_0.full_name,u1_0.mobile_number,u1_0.password,u1_0.profile_picture,u1_0.role,u1_0.state,u1_0.username,u1_0.verified from users u1_0 where u1_0.email=?
Hibernate: select c1_0.id,c1_0.is_read,c1_0.message,c1_0.property_id,c1_0.receiver_id,c1_0.sender_id,c1_0.timestamp from chat_messages c1_0 where c1_0.receiver_id=? and not(c1_0.is_read)
Hibernate: select w1_0.id from wishlists w1_0 where w1_0.user_id=? and w1_0.property_id=? fetch first ? rows only
Hibernate: select l1_0.id,l1_0.home_loan_interest_rate,l1_0.max_loan_percent_of_property_value,l1_0.processing_fee_percent from loan_settings l1_0
Hibernate: select u1_0.id,u1_0.bio,u1_0.blocked,u1_0.city,u1_0.email,u1_0.email_verified,u1_0.full_name,u1_0.mobile_number,u1_0.password,u1_0.profile_picture,u1_0.role,u1_0.state,u1_0.username,u1_0.verified from users u1_0 where u1_0.email=?
Hibernate: select u1_0.id,u1_0.bio,u1_0.blocked,u1_0.city,u1_0.email,u1_0.email_verified,u1_0.full_name,u1_0.mobile_number,u1_0.password,u1_0.profile_picture,u1_0.role,u1_0.state,u1_0.username,u1_0.verified from users u1_0 where u1_0.email=?
Hibernate: select w1_0.id from wishlists w1_0 where w1_0.user_id=? and w1_0.property_id=? fetch first ? rows only
Hibernate: select u1_0.id,u1_0.bio,u1_0.blocked,u1_0.city,u1_0.email,u1_0.email_verified,u1_0.full_name,u1_0.mobile_number,u1_0.password,u1_0.profile_picture,u1_0.role,u1_0.state,u1_0.username,u1_0.verified from users u1_0 where u1_0.email=?
Hibernate: select u1_0.id,u1_0.bio,u1_0.blocked,u1_0.city,u1_0.email,u1_0.email_verified,u1_0.full_name,u1_0.mobile_number,u1_0.password,u1_0.profile_picture,u1_0.role,u1_0.state,u1_0.username,u1_0.verified from users u1_0 where u1_0.email=?
Hibernate: select p1_0.id,p1_0.address,p1_0.approved,p1_0.area,p1_0.balconies,p1_0.bathrooms,p1_0.bedrooms,p1_0.carpet_area,p1_0.category,p1_0.city,p1_0.contact_number,p1_0.created_at,p1_0.description,p1_0.featured,p1_0.floor_number,p1_0.latitude,p1_0.location,p1_0.longitude,p1_0.pincode,p1_0.price,p1_0.property_age,p1_0.property_status,p1_0.rejected,p1_0.seller_email,p1_0.seller_username,p1_0.state,p1_0.title,p1_0.total_floors,p1_0.type,p1_0.user_id,p1_0.user_type,p1_0.verified from properties p1_0 where p1_0.type=?
Hibernate: select u1_0.id,u1_0.bio,u1_0.blocked,u1_0.city,u1_0.email,u1_0.email_verified,u1_0.full_name,u1_0.mobile_number,u1_0.password,u1_0.profile_picture,u1_0.role,u1_0.state,u1_0.username,u1_0.verified from users u1_0 where u1_0.id=?
Hibernate: select i1_0.property_id,i1_0.image_name from property_images i1_0 where i1_0.property_id=?
Hibernate: select v1_0.property_id,v1_0.video_name from property_videos v1_0 where v1_0.property_id=?
Hibernate: select u1_0.id,u1_0.bio,u1_0.blocked,u1_0.city,u1_0.email,u1_0.email_verified,u1_0.full_name,u1_0.mobile_number,u1_0.password,u1_0.profile_picture,u1_0.role,u1_0.state,u1_0.username,u1_0.verified from users u1_0 where u1_0.email=?
Hibernate: select a1_0.property_id,a1_0.amenity from property_amenities a1_0 where a1_0.property_id=?
✅ SECURITY: Unread messages access verified for user 3
Hibernate: select i1_0.property_id,i1_0.image_name from property_images i1_0 where i1_0.property_id=?
Hibernate: select v1_0.property_id,v1_0.video_name from property_videos v1_0 where v1_0.property_id=?
Hibernate: select a1_0.property_id,a1_0.amenity from property_amenities a1_0 where a1_0.property_id=?
Hibernate: select i1_0.property_id,i1_0.image_name from property_images i1_0 where i1_0.property_id=?
Hibernate: select v1_0.property_id,v1_0.video_name from property_videos v1_0 where v1_0.property_id=?
Hibernate: select a1_0.property_id,a1_0.amenity from property_amenities a1_0 where a1_0.property_id=?
Hibernate: select c1_0.id,c1_0.is_read,c1_0.message,c1_0.property_id,c1_0.receiver_id,c1_0.sender_id,c1_0.timestamp from chat_messages c1_0 where c1_0.receiver_id=? and not(c1_0.is_read)
Hibernate: select i1_0.property_id,i1_0.image_name from property_images i1_0 where i1_0.property_id=?
Hibernate: select v1_0.property_id,v1_0.video_name from property_videos v1_0 where v1_0.property_id=?
Hibernate: select a1_0.property_id,a1_0.amenity from property_amenities a1_0 where a1_0.property_id=?
Hibernate: select i1_0.property_id,i1_0.image_name from property_images i1_0 where i1_0.property_id=?
Hibernate: select v1_0.property_id,v1_0.video_name from property_videos v1_0 where v1_0.property_id=?
Hibernate: select a1_0.property_id,a1_0.amenity from property_amenities a1_0 where a1_0.property_id=?
Hibernate: select i1_0.property_id,i1_0.image_name from property_images i1_0 where i1_0.property_id=?
Hibernate: select v1_0.property_id,v1_0.video_name from property_videos v1_0 where v1_0.property_id=?
Hibernate: select a1_0.property_id,a1_0.amenity from property_amenities a1_0 where a1_0.property_id=?
Hibernate: select i1_0.property_id,i1_0.image_name from property_images i1_0 where i1_0.property_id=?
Hibernate: select v1_0.property_id,v1_0.video_name from property_videos v1_0 where v1_0.property_id=?
Hibernate: select a1_0.property_id,a1_0.amenity from property_amenities a1_0 where a1_0.property_id=?
Hibernate: select i1_0.property_id,i1_0.image_name from property_images i1_0 where i1_0.property_id=?
Hibernate: select v1_0.property_id,v1_0.video_name from property_videos v1_0 where v1_0.property_id=?
Hibernate: select a1_0.property_id,a1_0.amenity from property_amenities a1_0 where a1_0.property_id=?
Hibernate: select i1_0.property_id,i1_0.image_name from property_images i1_0 where i1_0.property_id=?
Hibernate: select v1_0.property_id,v1_0.video_name from property_videos v1_0 where v1_0.property_id=?
Hibernate: select a1_0.property_id,a1_0.amenity from property_amenities a1_0 where a1_0.property_id=?
Hibernate: select i1_0.property_id,i1_0.image_name from property_images i1_0 where i1_0.property_id=?
Hibernate: select v1_0.property_id,v1_0.video_name from property_videos v1_0 where v1_0.property_id=?
Hibernate: select a1_0.property_id,a1_0.amenity from property_amenities a1_0 where a1_0.property_id=?
Hibernate: select i1_0.property_id,i1_0.image_name from property_images i1_0 where i1_0.property_id=?
Hibernate: select v1_0.property_id,v1_0.video_name from property_videos v1_0 where v1_0.property_id=?
Hibernate: select a1_0.property_id,a1_0.amenity from property_amenities a1_0 where a1_0.property_id=?
Hibernate: select i1_0.property_id,i1_0.image_name from property_images i1_0 where i1_0.property_id=?
Hibernate: select v1_0.property_id,v1_0.video_name from property_videos v1_0 where v1_0.property_id=?
Hibernate: select a1_0.property_id,a1_0.amenity from property_amenities a1_0 where a1_0.property_id=?
Hibernate: select i1_0.property_id,i1_0.image_name from property_images i1_0 where i1_0.property_id=?
Hibernate: select v1_0.property_id,v1_0.video_name from property_videos v1_0 where v1_0.property_id=?
Hibernate: select a1_0.property_id,a1_0.amenity from property_amenities a1_0 where a1_0.property_id=?
Hibernate: select i1_0.property_id,i1_0.image_name from property_images i1_0 where i1_0.property_id=?
Hibernate: select v1_0.property_id,v1_0.video_name from property_videos v1_0 where v1_0.property_id=?
Hibernate: select a1_0.property_id,a1_0.amenity from property_amenities a1_0 where a1_0.property_id=?
Hibernate: select i1_0.property_id,i1_0.image_name from property_images i1_0 where i1_0.property_id=?
Hibernate: select v1_0.property_id,v1_0.video_name from property_videos v1_0 where v1_0.property_id=?
Hibernate: select a1_0.property_id,a1_0.amenity from property_amenities a1_0 where a1_0.property_id=?
Hibernate: select i1_0.property_id,i1_0.image_name from property_images i1_0 where i1_0.property_id=?
Hibernate: select v1_0.property_id,v1_0.video_name from property_videos v1_0 where v1_0.property_id=?
Hibernate: select a1_0.property_id,a1_0.amenity from property_amenities a1_0 where a1_0.property_id=?
Hibernate: select i1_0.property_id,i1_0.image_name from property_images i1_0 where i1_0.property_id=?
Hibernate: select v1_0.property_id,v1_0.video_name from property_videos v1_0 where v1_0.property_id=?
Hibernate: select a1_0.property_id,a1_0.amenity from property_amenities a1_0 where a1_0.property_id=?
Hibernate: select i1_0.property_id,i1_0.image_name from property_images i1_0 where i1_0.property_id=?
Hibernate: select v1_0.property_id,v1_0.video_name from property_videos v1_0 where v1_0.property_id=?
Hibernate: select a1_0.property_id,a1_0.amenity from property_amenities a1_0 where a1_0.property_id=?
Hibernate: select i1_0.property_id,i1_0.image_name from property_images i1_0 where i1_0.property_id=?
Hibernate: select v1_0.property_id,v1_0.video_name from property_videos v1_0 where v1_0.property_id=?
Hibernate: select a1_0.property_id,a1_0.amenity from property_amenities a1_0 where a1_0.property_id=?
Hibernate: select i1_0.property_id,i1_0.image_name from property_images i1_0 where i1_0.property_id=?
Hibernate: select v1_0.property_id,v1_0.video_name from property_videos v1_0 where v1_0.property_id=?
Hibernate: select a1_0.property_id,a1_0.amenity from property_amenities a1_0 where a1_0.property_id=?
Hibernate: select i1_0.property_id,i1_0.image_name from property_images i1_0 where i1_0.property_id=?
Hibernate: select v1_0.property_id,v1_0.video_name from property_videos v1_0 where v1_0.property_id=?
Hibernate: select a1_0.property_id,a1_0.amenity from property_amenities a1_0 where a1_0.property_id=?
Hibernate: select i1_0.property_id,i1_0.image_name from property_images i1_0 where i1_0.property_id=?
Hibernate: select v1_0.property_id,v1_0.video_name from property_videos v1_0 where v1_0.property_id=?
Hibernate: select a1_0.property_id,a1_0.amenity from property_amenities a1_0 where a1_0.property_id=?
Hibernate: select i1_0.property_id,i1_0.image_name from property_images i1_0 where i1_0.property_id=?
Hibernate: select v1_0.property_id,v1_0.video_name from property_videos v1_0 where v1_0.property_id=?
Hibernate: select a1_0.property_id,a1_0.amenity from property_amenities a1_0 where a1_0.property_id=?
Hibernate: select i1_0.property_id,i1_0.image_name from property_images i1_0 where i1_0.property_id=?
Hibernate: select v1_0.property_id,v1_0.video_name from property_videos v1_0 where v1_0.property_id=?
Hibernate: select a1_0.property_id,a1_0.amenity from property_amenities a1_0 where a1_0.property_id=?
Hibernate: select i1_0.property_id,i1_0.image_name from property_images i1_0 where i1_0.property_id=?
Hibernate: select v1_0.property_id,v1_0.video_name from property_videos v1_0 where v1_0.property_id=?
Hibernate: select a1_0.property_id,a1_0.amenity from property_amenities a1_0 where a1_0.property_id=?
Hibernate: select i1_0.property_id,i1_0.image_name from property_images i1_0 where i1_0.property_id=?
Hibernate: select v1_0.property_id,v1_0.video_name from property_videos v1_0 where v1_0.property_id=?
Hibernate: select a1_0.property_id,a1_0.amenity from property_amenities a1_0 where a1_0.property_id=?
Hibernate: select i1_0.property_id,i1_0.image_name from property_images i1_0 where i1_0.property_id=?
Hibernate: select v1_0.property_id,v1_0.video_name from property_videos v1_0 where v1_0.property_id=?
Hibernate: select a1_0.property_id,a1_0.amenity from property_amenities a1_0 where a1_0.property_id=?
Hibernate: select i1_0.property_id,i1_0.image_name from property_images i1_0 where i1_0.property_id=?
Hibernate: select v1_0.property_id,v1_0.video_name from property_videos v1_0 where v1_0.property_id=?
Hibernate: select a1_0.property_id,a1_0.amenity from property_amenities a1_0 where a1_0.property_id=?
Hibernate: select i1_0.property_id,i1_0.image_name from property_images i1_0 where i1_0.property_id=?
Hibernate: select v1_0.property_id,v1_0.video_name from property_videos v1_0 where v1_0.property_id=?
Hibernate: select a1_0.property_id,a1_0.amenity from property_amenities a1_0 where a1_0.property_id=?
Hibernate: select i1_0.property_id,i1_0.image_name from property_images i1_0 where i1_0.property_id=?
Hibernate: select v1_0.property_id,v1_0.video_name from property_videos v1_0 where v1_0.property_id=?
Hibernate: select a1_0.property_id,a1_0.amenity from property_amenities a1_0 where a1_0.property_id=?
Hibernate: select i1_0.property_id,i1_0.image_name from property_images i1_0 where i1_0.property_id=?
Hibernate: select v1_0.property_id,v1_0.video_name from property_videos v1_0 where v1_0.property_id=?
Hibernate: select a1_0.property_id,a1_0.amenity from property_amenities a1_0 where a1_0.property_id=?
Hibernate: select u1_0.id,u1_0.bio,u1_0.blocked,u1_0.city,u1_0.email,u1_0.email_verified,u1_0.full_name,u1_0.mobile_number,u1_0.password,u1_0.profile_picture,u1_0.role,u1_0.state,u1_0.username,u1_0.verified from users u1_0 where u1_0.email=?
Hibernate: select i1_0.property_id,i1_0.image_name from property_images i1_0 where i1_0.property_id=?
Hibernate: select v1_0.property_id,v1_0.video_name from property_videos v1_0 where v1_0.property_id=?
Hibernate: select a1_0.property_id,a1_0.amenity from property_amenities a1_0 where a1_0.property_id=?
Hibernate: select i1_0.property_id,i1_0.image_name from property_images i1_0 where i1_0.property_id=?
Hibernate: select v1_0.property_id,v1_0.video_name from property_videos v1_0 where v1_0.property_id=?
Hibernate: select a1_0.property_id,a1_0.amenity from property_amenities a1_0 where a1_0.property_id=?
Hibernate: select i1_0.property_id,i1_0.image_name from property_images i1_0 where i1_0.property_id=?
Hibernate: select v1_0.property_id,v1_0.video_name from property_videos v1_0 where v1_0.property_id=?
Hibernate: select a1_0.property_id,a1_0.amenity from property_amenities a1_0 where a1_0.property_id=?
Hibernate: select i1_0.property_id,i1_0.image_name from property_images i1_0 where i1_0.property_id=?
Hibernate: select v1_0.property_id,v1_0.video_name from property_videos v1_0 where v1_0.property_id=?
Hibernate: select a1_0.property_id,a1_0.amenity from property_amenities a1_0 where a1_0.property_id=?
Hibernate: select p1_0.id,p1_0.address,p1_0.approved,p1_0.area,p1_0.balconies,p1_0.bathrooms,p1_0.bedrooms,p1_0.carpet_area,p1_0.category,p1_0.city,p1_0.contact_number,p1_0.created_at,p1_0.description,p1_0.featured,p1_0.floor_number,p1_0.latitude,p1_0.location,p1_0.longitude,p1_0.pincode,p1_0.price,p1_0.property_age,p1_0.property_status,p1_0.rejected,p1_0.seller_email,p1_0.seller_username,p1_0.state,p1_0.title,p1_0.total_floors,p1_0.type,p1_0.user_id,p1_0.user_type,p1_0.verified from properties p1_0 where p1_0.type=?
Hibernate: select u1_0.id,u1_0.bio,u1_0.blocked,u1_0.city,u1_0.email,u1_0.email_verified,u1_0.full_name,u1_0.mobile_number,u1_0.password,u1_0.profile_picture,u1_0.role,u1_0.state,u1_0.username,u1_0.verified from users u1_0 where u1_0.id=?
Hibernate: select i1_0.property_id,i1_0.image_name from property_images i1_0 where i1_0.property_id=?
Hibernate: select v1_0.property_id,v1_0.video_name from property_videos v1_0 where v1_0.property_id=?
Hibernate: select a1_0.property_id,a1_0.amenity from property_amenities a1_0 where a1_0.property_id=?
Hibernate: select i1_0.property_id,i1_0.image_name from property_images i1_0 where i1_0.property_id=?
Hibernate: select v1_0.property_id,v1_0.video_name from property_videos v1_0 where v1_0.property_id=?
Hibernate: select a1_0.property_id,a1_0.amenity from property_amenities a1_0 where a1_0.property_id=?
Hibernate: select i1_0.property_id,i1_0.image_name from property_images i1_0 where i1_0.property_id=?
Hibernate: select v1_0.property_id,v1_0.video_name from property_videos v1_0 where v1_0.property_id=?
Hibernate: select a1_0.property_id,a1_0.amenity from property_amenities a1_0 where a1_0.property_id=?
Hibernate: select i1_0.property_id,i1_0.image_name from property_images i1_0 where i1_0.property_id=?
Hibernate: select v1_0.property_id,v1_0.video_name from property_videos v1_0 where v1_0.property_id=?
Hibernate: select a1_0.property_id,a1_0.amenity from property_amenities a1_0 where a1_0.property_id=?
Hibernate: select i1_0.property_id,i1_0.image_name from property_images i1_0 where i1_0.property_id=?
Hibernate: select v1_0.property_id,v1_0.video_name from property_videos v1_0 where v1_0.property_id=?
Hibernate: select a1_0.property_id,a1_0.amenity from property_amenities a1_0 where a1_0.property_id=?
Hibernate: select i1_0.property_id,i1_0.image_name from property_images i1_0 where i1_0.property_id=?
Hibernate: select v1_0.property_id,v1_0.video_name from property_videos v1_0 where v1_0.property_id=?
Hibernate: select a1_0.property_id,a1_0.amenity from property_amenities a1_0 where a1_0.property_id=?
Hibernate: select i1_0.property_id,i1_0.image_name from property_images i1_0 where i1_0.property_id=?
Hibernate: select v1_0.property_id,v1_0.video_name from property_videos v1_0 where v1_0.property_id=?
Hibernate: select a1_0.property_id,a1_0.amenity from property_amenities a1_0 where a1_0.property_id=?
Hibernate: select i1_0.property_id,i1_0.image_name from property_images i1_0 where i1_0.property_id=?
Hibernate: select v1_0.property_id,v1_0.video_name from property_videos v1_0 where v1_0.property_id=?
Hibernate: select a1_0.property_id,a1_0.amenity from property_amenities a1_0 where a1_0.property_id=?
Hibernate: select i1_0.property_id,i1_0.image_name from property_images i1_0 where i1_0.property_id=?
Hibernate: select v1_0.property_id,v1_0.video_name from property_videos v1_0 where v1_0.property_id=?
Hibernate: select a1_0.property_id,a1_0.amenity from property_amenities a1_0 where a1_0.property_id=?
Hibernate: select i1_0.property_id,i1_0.image_name from property_images i1_0 where i1_0.property_id=?
Hibernate: select v1_0.property_id,v1_0.video_name from property_videos v1_0 where v1_0.property_id=?
Hibernate: select a1_0.property_id,a1_0.amenity from property_amenities a1_0 where a1_0.property_id=?
Hibernate: select i1_0.property_id,i1_0.image_name from property_images i1_0 where i1_0.property_id=?
Hibernate: select v1_0.property_id,v1_0.video_name from property_videos v1_0 where v1_0.property_id=?
Hibernate: select a1_0.property_id,a1_0.amenity from property_amenities a1_0 where a1_0.property_id=?
Hibernate: select i1_0.property_id,i1_0.image_name from property_images i1_0 where i1_0.property_id=?
Hibernate: select v1_0.property_id,v1_0.video_name from property_videos v1_0 where v1_0.property_id=?
Hibernate: select a1_0.property_id,a1_0.amenity from property_amenities a1_0 where a1_0.property_id=?
Hibernate: select i1_0.property_id,i1_0.image_name from property_images i1_0 where i1_0.property_id=?
Hibernate: select v1_0.property_id,v1_0.video_name from property_videos v1_0 where v1_0.property_id=?
Hibernate: select a1_0.property_id,a1_0.amenity from property_amenities a1_0 where a1_0.property_id=?
Hibernate: select i1_0.property_id,i1_0.image_name from property_images i1_0 where i1_0.property_id=?
Hibernate: select v1_0.property_id,v1_0.video_name from property_videos v1_0 where v1_0.property_id=?
Hibernate: select a1_0.property_id,a1_0.amenity from property_amenities a1_0 where a1_0.property_id=?
Hibernate: select i1_0.property_id,i1_0.image_name from property_images i1_0 where i1_0.property_id=?
Hibernate: select v1_0.property_id,v1_0.video_name from property_videos v1_0 where v1_0.property_id=?
Hibernate: select a1_0.property_id,a1_0.amenity from property_amenities a1_0 where a1_0.property_id=?
Hibernate: select i1_0.property_id,i1_0.image_name from property_images i1_0 where i1_0.property_id=?
Hibernate: select v1_0.property_id,v1_0.video_name from property_videos v1_0 where v1_0.property_id=?
Hibernate: select a1_0.property_id,a1_0.amenity from property_amenities a1_0 where a1_0.property_id=?
Hibernate: select i1_0.property_id,i1_0.image_name from property_images i1_0 where i1_0.property_id=?
Hibernate: select v1_0.property_id,v1_0.video_name from property_videos v1_0 where v1_0.property_id=?
Hibernate: select a1_0.property_id,a1_0.amenity from property_amenities a1_0 where a1_0.property_id=?
Hibernate: select i1_0.property_id,i1_0.image_name from property_images i1_0 where i1_0.property_id=?
Hibernate: select v1_0.property_id,v1_0.video_name from property_videos v1_0 where v1_0.property_id=?
Hibernate: select a1_0.property_id,a1_0.amenity from property_amenities a1_0 where a1_0.property_id=?
Hibernate: select i1_0.property_id,i1_0.image_name from property_images i1_0 where i1_0.property_id=?
Hibernate: select v1_0.property_id,v1_0.video_name from property_videos v1_0 where v1_0.property_id=?
Hibernate: select a1_0.property_id,a1_0.amenity from property_amenities a1_0 where a1_0.property_id=?
Hibernate: select i1_0.property_id,i1_0.image_name from property_images i1_0 where i1_0.property_id=?
Hibernate: select v1_0.property_id,v1_0.video_name from property_videos v1_0 where v1_0.property_id=?
Hibernate: select a1_0.property_id,a1_0.amenity from property_amenities a1_0 where a1_0.property_id=?
Hibernate: select i1_0.property_id,i1_0.image_name from property_images i1_0 where i1_0.property_id=?
Hibernate: select v1_0.property_id,v1_0.video_name from property_videos v1_0 where v1_0.property_id=?
Hibernate: select a1_0.property_id,a1_0.amenity from property_amenities a1_0 where a1_0.property_id=?
Hibernate: select i1_0.property_id,i1_0.image_name from property_images i1_0 where i1_0.property_id=?
Hibernate: select v1_0.property_id,v1_0.video_name from property_videos v1_0 where v1_0.property_id=?
Hibernate: select a1_0.property_id,a1_0.amenity from property_amenities a1_0 where a1_0.property_id=?
Hibernate: select i1_0.property_id,i1_0.image_name from property_images i1_0 where i1_0.property_id=?
Hibernate: select v1_0.property_id,v1_0.video_name from property_videos v1_0 where v1_0.property_id=?
2026-03-02T12:12:19.529+05:30  INFO 42475 --- [nio-8080-exec-5] c.r.o.controller.PropertyController      : Serving image file: 1772371800370_1.avif from /Users/ompatel/sdp/Online-RealEstate-System/Online-Real-Estate-System-main/uploads/1772371800370_1.avif
Hibernate: select a1_0.property_id,a1_0.amenity from property_amenities a1_0 where a1_0.property_id=?
Hibernate: select i1_0.property_id,i1_0.image_name from property_images i1_0 where i1_0.property_id=?
Hibernate: select v1_0.property_id,v1_0.video_name from property_videos v1_0 where v1_0.property_id=?
Hibernate: select a1_0.property_id,a1_0.amenity from property_amenities a1_0 where a1_0.property_id=?
Hibernate: select i1_0.property_id,i1_0.image_name from property_images i1_0 where i1_0.property_id=?
Hibernate: select v1_0.property_id,v1_0.video_name from property_videos v1_0 where v1_0.property_id=?
Hibernate: select a1_0.property_id,a1_0.amenity from property_amenities a1_0 where a1_0.property_id=?
Hibernate: select i1_0.property_id,i1_0.image_name from property_images i1_0 where i1_0.property_id=?
Hibernate: select v1_0.property_id,v1_0.video_name from property_videos v1_0 where v1_0.property_id=?
Hibernate: select a1_0.property_id,a1_0.amenity from property_amenities a1_0 where a1_0.property_id=?
Hibernate: select i1_0.property_id,i1_0.image_name from property_images i1_0 where i1_0.property_id=?
Hibernate: select v1_0.property_id,v1_0.video_name from property_videos v1_0 where v1_0.property_id=?
Hibernate: select a1_0.property_id,a1_0.amenity from property_amenities a1_0 where a1_0.property_id=?
Hibernate: select i1_0.property_id,i1_0.image_name from property_images i1_0 where i1_0.property_id=?
Hibernate: select v1_0.property_id,v1_0.video_name from property_videos v1_0 where v1_0.property_id=?
Hibernate: select a1_0.property_id,a1_0.amenity from property_amenities a1_0 where a1_0.property_id=?
Hibernate: select i1_0.property_id,i1_0.image_name from property_images i1_0 where i1_0.property_id=?
Hibernate: select v1_0.property_id,v1_0.video_name from property_videos v1_0 where v1_0.property_id=?
Hibernate: select a1_0.property_id,a1_0.amenity from property_amenities a1_0 where a1_0.property_id=?
Hibernate: select i1_0.property_id,i1_0.image_name from property_images i1_0 where i1_0.property_id=?
Hibernate: select v1_0.property_id,v1_0.video_name from property_videos v1_0 where v1_0.property_id=?
Hibernate: select a1_0.property_id,a1_0.amenity from property_amenities a1_0 where a1_0.property_id=?
Hibernate: select i1_0.property_id,i1_0.image_name from property_images i1_0 where i1_0.property_id=?
Hibernate: select v1_0.property_id,v1_0.video_name from property_videos v1_0 where v1_0.property_id=?
Hibernate: select a1_0.property_id,a1_0.amenity from property_amenities a1_0 where a1_0.property_id=?
Hibernate: select i1_0.property_id,i1_0.image_name from property_images i1_0 where i1_0.property_id=?
Hibernate: select v1_0.property_id,v1_0.video_name from property_videos v1_0 where v1_0.property_id=?
Hibernate: select a1_0.property_id,a1_0.amenity from property_amenities a1_0 where a1_0.property_id=?
Hibernate: select i1_0.property_id,i1_0.image_name from property_images i1_0 where i1_0.property_id=?
Hibernate: select v1_0.property_id,v1_0.video_name from property_videos v1_0 where v1_0.property_id=?
Hibernate: select a1_0.property_id,a1_0.amenity from property_amenities a1_0 where a1_0.property_id=?
Hibernate: select i1_0.property_id,i1_0.image_name from property_images i1_0 where i1_0.property_id=?
Hibernate: select v1_0.property_id,v1_0.video_name from property_videos v1_0 where v1_0.property_id=?
Hibernate: select a1_0.property_id,a1_0.amenity from property_amenities a1_0 where a1_0.property_id=?
Hibernate: select i1_0.property_id,i1_0.image_name from property_images i1_0 where i1_0.property_id=?
Hibernate: select v1_0.property_id,v1_0.video_name from property_videos v1_0 where v1_0.property_id=?
Hibernate: select a1_0.property_id,a1_0.amenity from property_amenities a1_0 where a1_0.property_id=?
Hibernate: select u1_0.id,u1_0.bio,u1_0.blocked,u1_0.city,u1_0.email,u1_0.email_verified,u1_0.full_name,u1_0.mobile_number,u1_0.password,u1_0.profile_picture,u1_0.role,u1_0.state,u1_0.username,u1_0.verified from users u1_0 where u1_0.email=?
Hibernate: select u1_0.id,u1_0.bio,u1_0.blocked,u1_0.city,u1_0.email,u1_0.email_verified,u1_0.full_name,u1_0.mobile_number,u1_0.password,u1_0.profile_picture,u1_0.role,u1_0.state,u1_0.username,u1_0.verified from users u1_0 where u1_0.email=?
Hibernate: select p1_0.id,p1_0.address,p1_0.approved,p1_0.area,p1_0.balconies,p1_0.bathrooms,p1_0.bedrooms,p1_0.carpet_area,p1_0.category,p1_0.city,p1_0.contact_number,p1_0.created_at,p1_0.description,p1_0.featured,p1_0.floor_number,p1_0.latitude,p1_0.location,p1_0.longitude,p1_0.pincode,p1_0.price,p1_0.property_age,p1_0.property_status,p1_0.rejected,p1_0.seller_email,p1_0.seller_username,p1_0.state,p1_0.title,p1_0.total_floors,p1_0.type,p1_0.user_id,p1_0.user_type,p1_0.verified from properties p1_0 where p1_0.type=?
Hibernate: select p1_0.id,p1_0.address,p1_0.approved,p1_0.area,p1_0.balconies,p1_0.bathrooms,p1_0.bedrooms,p1_0.carpet_area,p1_0.category,p1_0.city,p1_0.contact_number,p1_0.created_at,p1_0.description,p1_0.featured,p1_0.floor_number,p1_0.latitude,p1_0.location,p1_0.longitude,p1_0.pincode,p1_0.price,p1_0.property_age,p1_0.property_status,p1_0.rejected,p1_0.seller_email,p1_0.seller_username,p1_0.state,p1_0.title,p1_0.total_floors,p1_0.type,p1_0.user_id,p1_0.user_type,p1_0.verified from properties p1_0 where p1_0.type=?
Hibernate: select u1_0.id,u1_0.bio,u1_0.blocked,u1_0.city,u1_0.email,u1_0.email_verified,u1_0.full_name,u1_0.mobile_number,u1_0.password,u1_0.profile_picture,u1_0.role,u1_0.state,u1_0.username,u1_0.verified from users u1_0 where u1_0.id=?
Hibernate: select u1_0.id,u1_0.bio,u1_0.blocked,u1_0.city,u1_0.email,u1_0.email_verified,u1_0.full_name,u1_0.mobile_number,u1_0.password,u1_0.profile_picture,u1_0.role,u1_0.state,u1_0.username,u1_0.verified from users u1_0 where u1_0.id=?
Hibernate: select i1_0.property_id,i1_0.image_name from property_images i1_0 where i1_0.property_id=?
Hibernate: select i1_0.property_id,i1_0.image_name from property_images i1_0 where i1_0.property_id=?
Hibernate: select v1_0.property_id,v1_0.video_name from property_videos v1_0 where v1_0.property_id=?
Hibernate: select v1_0.property_id,v1_0.video_name from property_videos v1_0 where v1_0.property_id=?
Hibernate: select a1_0.property_id,a1_0.amenity from property_amenities a1_0 where a1_0.property_id=?
Hibernate: select a1_0.property_id,a1_0.amenity from property_amenities a1_0 where a1_0.property_id=?
Hibernate: select i1_0.property_id,i1_0.image_name from property_images i1_0 where i1_0.property_id=?
Hibernate: select i1_0.property_id,i1_0.image_name from property_images i1_0 where i1_0.property_id=?
Hibernate: select v1_0.property_id,v1_0.video_name from property_videos v1_0 where v1_0.property_id=?
Hibernate: select v1_0.property_id,v1_0.video_name from property_videos v1_0 where v1_0.property_id=?
Hibernate: select a1_0.property_id,a1_0.amenity from property_amenities a1_0 where a1_0.property_id=?
Hibernate: select a1_0.property_id,a1_0.amenity from property_amenities a1_0 where a1_0.property_id=?
Hibernate: select i1_0.property_id,i1_0.image_name from property_images i1_0 where i1_0.property_id=?
Hibernate: select i1_0.property_id,i1_0.image_name from property_images i1_0 where i1_0.property_id=?
Hibernate: select v1_0.property_id,v1_0.video_name from property_videos v1_0 where v1_0.property_id=?
Hibernate: select v1_0.property_id,v1_0.video_name from property_videos v1_0 where v1_0.property_id=?
Hibernate: select a1_0.property_id,a1_0.amenity from property_amenities a1_0 where a1_0.property_id=?
Hibernate: select a1_0.property_id,a1_0.amenity from property_amenities a1_0 where a1_0.property_id=?
Hibernate: select i1_0.property_id,i1_0.image_name from property_images i1_0 where i1_0.property_id=?
Hibernate: select i1_0.property_id,i1_0.image_name from property_images i1_0 where i1_0.property_id=?
Hibernate: select v1_0.property_id,v1_0.video_name from property_videos v1_0 where v1_0.property_id=?
Hibernate: select v1_0.property_id,v1_0.video_name from property_videos v1_0 where v1_0.property_id=?
Hibernate: select a1_0.property_id,a1_0.amenity from property_amenities a1_0 where a1_0.property_id=?
Hibernate: select a1_0.property_id,a1_0.amenity from property_amenities a1_0 where a1_0.property_id=?
Hibernate: select i1_0.property_id,i1_0.image_name from property_images i1_0 where i1_0.property_id=?
Hibernate: select i1_0.property_id,i1_0.image_name from property_images i1_0 where i1_0.property_id=?
Hibernate: select v1_0.property_id,v1_0.video_name from property_videos v1_0 where v1_0.property_id=?
Hibernate: select v1_0.property_id,v1_0.video_name from property_videos v1_0 where v1_0.property_id=?
Hibernate: select a1_0.property_id,a1_0.amenity from property_amenities a1_0 where a1_0.property_id=?
Hibernate: select a1_0.property_id,a1_0.amenity from property_amenities a1_0 where a1_0.property_id=?
Hibernate: select i1_0.property_id,i1_0.image_name from property_images i1_0 where i1_0.property_id=?
Hibernate: select v1_0.property_id,v1_0.video_name from property_videos v1_0 where v1_0.property_id=?
Hibernate: select i1_0.property_id,i1_0.image_name from property_images i1_0 where i1_0.property_id=?
Hibernate: select a1_0.property_id,a1_0.amenity from property_amenities a1_0 where a1_0.property_id=?
Hibernate: select v1_0.property_id,v1_0.video_name from property_videos v1_0 where v1_0.property_id=?
Hibernate: select a1_0.property_id,a1_0.amenity from property_amenities a1_0 where a1_0.property_id=?
Hibernate: select i1_0.property_id,i1_0.image_name from property_images i1_0 where i1_0.property_id=?
Hibernate: select i1_0.property_id,i1_0.image_name from property_images i1_0 where i1_0.property_id=?
Hibernate: select v1_0.property_id,v1_0.video_name from property_videos v1_0 where v1_0.property_id=?
Hibernate: select v1_0.property_id,v1_0.video_name from property_videos v1_0 where v1_0.property_id=?
Hibernate: select a1_0.property_id,a1_0.amenity from property_amenities a1_0 where a1_0.property_id=?
Hibernate: select a1_0.property_id,a1_0.amenity from property_amenities a1_0 where a1_0.property_id=?
Hibernate: select i1_0.property_id,i1_0.image_name from property_images i1_0 where i1_0.property_id=?
Hibernate: select v1_0.property_id,v1_0.video_name from property_videos v1_0 where v1_0.property_id=?
Hibernate: select i1_0.property_id,i1_0.image_name from property_images i1_0 where i1_0.property_id=?
Hibernate: select a1_0.property_id,a1_0.amenity from property_amenities a1_0 where a1_0.property_id=?
Hibernate: select v1_0.property_id,v1_0.video_name from property_videos v1_0 where v1_0.property_id=?
Hibernate: select i1_0.property_id,i1_0.image_name from property_images i1_0 where i1_0.property_id=?
Hibernate: select a1_0.property_id,a1_0.amenity from property_amenities a1_0 where a1_0.property_id=?
Hibernate: select v1_0.property_id,v1_0.video_name from property_videos v1_0 where v1_0.property_id=?
Hibernate: select i1_0.property_id,i1_0.image_name from property_images i1_0 where i1_0.property_id=?
Hibernate: select a1_0.property_id,a1_0.amenity from property_amenities a1_0 where a1_0.property_id=?
Hibernate: select v1_0.property_id,v1_0.video_name from property_videos v1_0 where v1_0.property_id=?
Hibernate: select a1_0.property_id,a1_0.amenity from property_amenities a1_0 where a1_0.property_id=?
Hibernate: select i1_0.property_id,i1_0.image_name from property_images i1_0 where i1_0.property_id=?
Hibernate: select v1_0.property_id,v1_0.video_name from property_videos v1_0 where v1_0.property_id=?
Hibernate: select i1_0.property_id,i1_0.image_name from property_images i1_0 where i1_0.property_id=?
Hibernate: select a1_0.property_id,a1_0.amenity from property_amenities a1_0 where a1_0.property_id=?
Hibernate: select v1_0.property_id,v1_0.video_name from property_videos v1_0 where v1_0.property_id=?
Hibernate: select a1_0.property_id,a1_0.amenity from property_amenities a1_0 where a1_0.property_id=?
Hibernate: select i1_0.property_id,i1_0.image_name from property_images i1_0 where i1_0.property_id=?
Hibernate: select i1_0.property_id,i1_0.image_name from property_images i1_0 where i1_0.property_id=?
Hibernate: select v1_0.property_id,v1_0.video_name from property_videos v1_0 where v1_0.property_id=?
Hibernate: select v1_0.property_id,v1_0.video_name from property_videos v1_0 where v1_0.property_id=?
Hibernate: select a1_0.property_id,a1_0.amenity from property_amenities a1_0 where a1_0.property_id=?
Hibernate: select a1_0.property_id,a1_0.amenity from property_amenities a1_0 where a1_0.property_id=?
Hibernate: select i1_0.property_id,i1_0.image_name from property_images i1_0 where i1_0.property_id=?
Hibernate: select i1_0.property_id,i1_0.image_name from property_images i1_0 where i1_0.property_id=?
Hibernate: select v1_0.property_id,v1_0.video_name from property_videos v1_0 where v1_0.property_id=?
Hibernate: select v1_0.property_id,v1_0.video_name from property_videos v1_0 where v1_0.property_id=?
Hibernate: select a1_0.property_id,a1_0.amenity from property_amenities a1_0 where a1_0.property_id=?
Hibernate: select a1_0.property_id,a1_0.amenity from property_amenities a1_0 where a1_0.property_id=?
Hibernate: select i1_0.property_id,i1_0.image_name from property_images i1_0 where i1_0.property_id=?
Hibernate: select i1_0.property_id,i1_0.image_name from property_images i1_0 where i1_0.property_id=?
Hibernate: select v1_0.property_id,v1_0.video_name from property_videos v1_0 where v1_0.property_id=?
Hibernate: select v1_0.property_id,v1_0.video_name from property_videos v1_0 where v1_0.property_id=?
Hibernate: select a1_0.property_id,a1_0.amenity from property_amenities a1_0 where a1_0.property_id=?
Hibernate: select a1_0.property_id,a1_0.amenity from property_amenities a1_0 where a1_0.property_id=?
Hibernate: select i1_0.property_id,i1_0.image_name from property_images i1_0 where i1_0.property_id=?
Hibernate: select i1_0.property_id,i1_0.image_name from property_images i1_0 where i1_0.property_id=?
Hibernate: select v1_0.property_id,v1_0.video_name from property_videos v1_0 where v1_0.property_id=?
Hibernate: select v1_0.property_id,v1_0.video_name from property_videos v1_0 where v1_0.property_id=?
Hibernate: select a1_0.property_id,a1_0.amenity from property_amenities a1_0 where a1_0.property_id=?
Hibernate: select a1_0.property_id,a1_0.amenity from property_amenities a1_0 where a1_0.property_id=?
Hibernate: select i1_0.property_id,i1_0.image_name from property_images i1_0 where i1_0.property_id=?
Hibernate: select i1_0.property_id,i1_0.image_name from property_images i1_0 where i1_0.property_id=?
Hibernate: select v1_0.property_id,v1_0.video_name from property_videos v1_0 where v1_0.property_id=?
Hibernate: select v1_0.property_id,v1_0.video_name from property_videos v1_0 where v1_0.property_id=?
Hibernate: select a1_0.property_id,a1_0.amenity from property_amenities a1_0 where a1_0.property_id=?
Hibernate: select a1_0.property_id,a1_0.amenity from property_amenities a1_0 where a1_0.property_id=?
Hibernate: select i1_0.property_id,i1_0.image_name from property_images i1_0 where i1_0.property_id=?
Hibernate: select i1_0.property_id,i1_0.image_name from property_images i1_0 where i1_0.property_id=?
Hibernate: select v1_0.property_id,v1_0.video_name from property_videos v1_0 where v1_0.property_id=?
Hibernate: select v1_0.property_id,v1_0.video_name from property_videos v1_0 where v1_0.property_id=?
Hibernate: select a1_0.property_id,a1_0.amenity from property_amenities a1_0 where a1_0.property_id=?
Hibernate: select a1_0.property_id,a1_0.amenity from property_amenities a1_0 where a1_0.property_id=?
Hibernate: select i1_0.property_id,i1_0.image_name from property_images i1_0 where i1_0.property_id=?
Hibernate: select i1_0.property_id,i1_0.image_name from property_images i1_0 where i1_0.property_id=?
Hibernate: select v1_0.property_id,v1_0.video_name from property_videos v1_0 where v1_0.property_id=?
Hibernate: select v1_0.property_id,v1_0.video_name from property_videos v1_0 where v1_0.property_id=?
Hibernate: select a1_0.property_id,a1_0.amenity from property_amenities a1_0 where a1_0.property_id=?
Hibernate: select a1_0.property_id,a1_0.amenity from property_amenities a1_0 where a1_0.property_id=?
Hibernate: select i1_0.property_id,i1_0.image_name from property_images i1_0 where i1_0.property_id=?
Hibernate: select i1_0.property_id,i1_0.image_name from property_images i1_0 where i1_0.property_id=?
Hibernate: select v1_0.property_id,v1_0.video_name from property_videos v1_0 where v1_0.property_id=?
Hibernate: select v1_0.property_id,v1_0.video_name from property_videos v1_0 where v1_0.property_id=?
Hibernate: select a1_0.property_id,a1_0.amenity from property_amenities a1_0 where a1_0.property_id=?
Hibernate: select a1_0.property_id,a1_0.amenity from property_amenities a1_0 where a1_0.property_id=?
Hibernate: select i1_0.property_id,i1_0.image_name from property_images i1_0 where i1_0.property_id=?
Hibernate: select i1_0.property_id,i1_0.image_name from property_images i1_0 where i1_0.property_id=?
Hibernate: select v1_0.property_id,v1_0.video_name from property_videos v1_0 where v1_0.property_id=?
Hibernate: select v1_0.property_id,v1_0.video_name from property_videos v1_0 where v1_0.property_id=?
Hibernate: select a1_0.property_id,a1_0.amenity from property_amenities a1_0 where a1_0.property_id=?
Hibernate: select a1_0.property_id,a1_0.amenity from property_amenities a1_0 where a1_0.property_id=?
Hibernate: select i1_0.property_id,i1_0.image_name from property_images i1_0 where i1_0.property_id=?
Hibernate: select i1_0.property_id,i1_0.image_name from property_images i1_0 where i1_0.property_id=?
Hibernate: select v1_0.property_id,v1_0.video_name from property_videos v1_0 where v1_0.property_id=?
Hibernate: select v1_0.property_id,v1_0.video_name from property_videos v1_0 where v1_0.property_id=?
Hibernate: select a1_0.property_id,a1_0.amenity from property_amenities a1_0 where a1_0.property_id=?
Hibernate: select a1_0.property_id,a1_0.amenity from property_amenities a1_0 where a1_0.property_id=?
Hibernate: select i1_0.property_id,i1_0.image_name from property_images i1_0 where i1_0.property_id=?
Hibernate: select i1_0.property_id,i1_0.image_name from property_images i1_0 where i1_0.property_id=?
Hibernate: select v1_0.property_id,v1_0.video_name from property_videos v1_0 where v1_0.property_id=?
Hibernate: select v1_0.property_id,v1_0.video_name from property_videos v1_0 where v1_0.property_id=?
Hibernate: select a1_0.property_id,a1_0.amenity from property_amenities a1_0 where a1_0.property_id=?
Hibernate: select a1_0.property_id,a1_0.amenity from property_amenities a1_0 where a1_0.property_id=?
Hibernate: select i1_0.property_id,i1_0.image_name from property_images i1_0 where i1_0.property_id=?
Hibernate: select i1_0.property_id,i1_0.image_name from property_images i1_0 where i1_0.property_id=?
Hibernate: select v1_0.property_id,v1_0.video_name from property_videos v1_0 where v1_0.property_id=?
Hibernate: select v1_0.property_id,v1_0.video_name from property_videos v1_0 where v1_0.property_id=?
Hibernate: select a1_0.property_id,a1_0.amenity from property_amenities a1_0 where a1_0.property_id=?
Hibernate: select a1_0.property_id,a1_0.amenity from property_amenities a1_0 where a1_0.property_id=?
Hibernate: select i1_0.property_id,i1_0.image_name from property_images i1_0 where i1_0.property_id=?
Hibernate: select v1_0.property_id,v1_0.video_name from property_videos v1_0 where v1_0.property_id=?
Hibernate: select i1_0.property_id,i1_0.image_name from property_images i1_0 where i1_0.property_id=?
Hibernate: select a1_0.property_id,a1_0.amenity from property_amenities a1_0 where a1_0.property_id=?
Hibernate: select v1_0.property_id,v1_0.video_name from property_videos v1_0 where v1_0.property_id=?
Hibernate: select i1_0.property_id,i1_0.image_name from property_images i1_0 where i1_0.property_id=?
Hibernate: select a1_0.property_id,a1_0.amenity from property_amenities a1_0 where a1_0.property_id=?
Hibernate: select v1_0.property_id,v1_0.video_name from property_videos v1_0 where v1_0.property_id=?
Hibernate: select i1_0.property_id,i1_0.image_name from property_images i1_0 where i1_0.property_id=?
Hibernate: select v1_0.property_id,v1_0.video_name from property_videos v1_0 where v1_0.property_id=?
Hibernate: select a1_0.property_id,a1_0.amenity from property_amenities a1_0 where a1_0.property_id=?
Hibernate: select a1_0.property_id,a1_0.amenity from property_amenities a1_0 where a1_0.property_id=?
Hibernate: select i1_0.property_id,i1_0.image_name from property_images i1_0 where i1_0.property_id=?
Hibernate: select i1_0.property_id,i1_0.image_name from property_images i1_0 where i1_0.property_id=?
Hibernate: select v1_0.property_id,v1_0.video_name from property_videos v1_0 where v1_0.property_id=?
Hibernate: select v1_0.property_id,v1_0.video_name from property_videos v1_0 where v1_0.property_id=?
Hibernate: select a1_0.property_id,a1_0.amenity from property_amenities a1_0 where a1_0.property_id=?
Hibernate: select a1_0.property_id,a1_0.amenity from property_amenities a1_0 where a1_0.property_id=?
Hibernate: select i1_0.property_id,i1_0.image_name from property_images i1_0 where i1_0.property_id=?
Hibernate: select v1_0.property_id,v1_0.video_name from property_videos v1_0 where v1_0.property_id=?
Hibernate: select a1_0.property_id,a1_0.amenity from property_amenities a1_0 where a1_0.property_id=?
Hibernate: select i1_0.property_id,i1_0.image_name from property_images i1_0 where i1_0.property_id=?
Hibernate: select v1_0.property_id,v1_0.video_name from property_videos v1_0 where v1_0.property_id=?
Hibernate: select a1_0.property_id,a1_0.amenity from property_amenities a1_0 where a1_0.property_id=?
Hibernate: select i1_0.property_id,i1_0.image_name from property_images i1_0 where i1_0.property_id=?
Hibernate: select v1_0.property_id,v1_0.video_name from property_videos v1_0 where v1_0.property_id=?
Hibernate: select a1_0.property_id,a1_0.amenity from property_amenities a1_0 where a1_0.property_id=?
Hibernate: select i1_0.property_id,i1_0.image_name from property_images i1_0 where i1_0.property_id=?
Hibernate: select v1_0.property_id,v1_0.video_name from property_videos v1_0 where v1_0.property_id=?
Hibernate: select a1_0.property_id,a1_0.amenity from property_amenities a1_0 where a1_0.property_id=?
Hibernate: select i1_0.property_id,i1_0.image_name from property_images i1_0 where i1_0.property_id=?
Hibernate: select v1_0.property_id,v1_0.video_name from property_videos v1_0 where v1_0.property_id=?
Hibernate: select a1_0.property_id,a1_0.amenity from property_amenities a1_0 where a1_0.property_id=?
Hibernate: select i1_0.property_id,i1_0.image_name from property_images i1_0 where i1_0.property_id=?
Hibernate: select v1_0.property_id,v1_0.video_name from property_videos v1_0 where v1_0.property_id=?
Hibernate: select a1_0.property_id,a1_0.amenity from property_amenities a1_0 where a1_0.property_id=?
Hibernate: select i1_0.property_id,i1_0.image_name from property_images i1_0 where i1_0.property_id=?
Hibernate: select v1_0.property_id,v1_0.video_name from property_videos v1_0 where v1_0.property_id=?
Hibernate: select a1_0.property_id,a1_0.amenity from property_amenities a1_0 where a1_0.property_id=?
Hibernate: select i1_0.property_id,i1_0.image_name from property_images i1_0 where i1_0.property_id=?
Hibernate: select v1_0.property_id,v1_0.video_name from property_videos v1_0 where v1_0.property_id=?
Hibernate: select a1_0.property_id,a1_0.amenity from property_amenities a1_0 where a1_0.property_id=?
Hibernate: select i1_0.property_id,i1_0.image_name from property_images i1_0 where i1_0.property_id=?
Hibernate: select v1_0.property_id,v1_0.video_name from property_videos v1_0 where v1_0.property_id=?
Hibernate: select a1_0.property_id,a1_0.amenity from property_amenities a1_0 where a1_0.property_id=?
Hibernate: select i1_0.property_id,i1_0.image_name from property_images i1_0 where i1_0.property_id=?
Hibernate: select v1_0.property_id,v1_0.video_name from property_videos v1_0 where v1_0.property_id=?
Hibernate: select a1_0.property_id,a1_0.amenity from property_amenities a1_0 where a1_0.property_id=?
Hibernate: select u1_0.id,u1_0.bio,u1_0.blocked,u1_0.city,u1_0.email,u1_0.email_verified,u1_0.full_name,u1_0.mobile_number,u1_0.password,u1_0.profile_picture,u1_0.role,u1_0.state,u1_0.username,u1_0.verified from users u1_0 where u1_0.email=?
Hibernate: select u1_0.id,u1_0.bio,u1_0.blocked,u1_0.city,u1_0.email,u1_0.email_verified,u1_0.full_name,u1_0.mobile_number,u1_0.password,u1_0.profile_picture,u1_0.role,u1_0.state,u1_0.username,u1_0.verified from users u1_0 where u1_0.email=?
Hibernate: select p1_0.id,p1_0.address,p1_0.approved,p1_0.area,p1_0.balconies,p1_0.bathrooms,p1_0.bedrooms,p1_0.carpet_area,p1_0.category,p1_0.city,p1_0.contact_number,p1_0.created_at,p1_0.description,p1_0.featured,p1_0.floor_number,p1_0.latitude,p1_0.location,p1_0.longitude,p1_0.pincode,p1_0.price,p1_0.property_age,p1_0.property_status,p1_0.rejected,p1_0.seller_email,p1_0.seller_username,p1_0.state,p1_0.title,p1_0.total_floors,p1_0.type,p1_0.user_id,p1_0.user_type,p1_0.verified from properties p1_0 where p1_0.type=?
Hibernate: select u1_0.id,u1_0.bio,u1_0.blocked,u1_0.city,u1_0.email,u1_0.email_verified,u1_0.full_name,u1_0.mobile_number,u1_0.password,u1_0.profile_picture,u1_0.role,u1_0.state,u1_0.username,u1_0.verified from users u1_0 where u1_0.id=?
Hibernate: select i1_0.property_id,i1_0.image_name from property_images i1_0 where i1_0.property_id=?
Hibernate: select v1_0.property_id,v1_0.video_name from property_videos v1_0 where v1_0.property_id=?
Hibernate: select a1_0.property_id,a1_0.amenity from property_amenities a1_0 where a1_0.property_id=?
Hibernate: select i1_0.property_id,i1_0.image_name from property_images i1_0 where i1_0.property_id=?
Hibernate: select p1_0.id,p1_0.address,p1_0.approved,p1_0.area,p1_0.balconies,p1_0.bathrooms,p1_0.bedrooms,p1_0.carpet_area,p1_0.category,p1_0.city,p1_0.contact_number,p1_0.created_at,p1_0.description,p1_0.featured,p1_0.floor_number,p1_0.latitude,p1_0.location,p1_0.longitude,p1_0.pincode,p1_0.price,p1_0.property_age,p1_0.property_status,p1_0.rejected,p1_0.seller_email,p1_0.seller_username,p1_0.state,p1_0.title,p1_0.total_floors,p1_0.type,p1_0.user_id,p1_0.user_type,p1_0.verified from properties p1_0 where p1_0.category=?
Hibernate: select v1_0.property_id,v1_0.video_name from property_videos v1_0 where v1_0.property_id=?
Hibernate: select a1_0.property_id,a1_0.amenity from property_amenities a1_0 where a1_0.property_id=?
Hibernate: select i1_0.property_id,i1_0.image_name from property_images i1_0 where i1_0.property_id=?
Hibernate: select v1_0.property_id,v1_0.video_name from property_videos v1_0 where v1_0.property_id=?
Hibernate: select a1_0.property_id,a1_0.amenity from property_amenities a1_0 where a1_0.property_id=?
Hibernate: select i1_0.property_id,i1_0.image_name from property_images i1_0 where i1_0.property_id=?
Hibernate: select u1_0.id,u1_0.bio,u1_0.blocked,u1_0.city,u1_0.email,u1_0.email_verified,u1_0.full_name,u1_0.mobile_number,u1_0.password,u1_0.profile_picture,u1_0.role,u1_0.state,u1_0.username,u1_0.verified from users u1_0 where u1_0.id=?
Hibernate: select v1_0.property_id,v1_0.video_name from property_videos v1_0 where v1_0.property_id=?
Hibernate: select a1_0.property_id,a1_0.amenity from property_amenities a1_0 where a1_0.property_id=?
Hibernate: select i1_0.property_id,i1_0.image_name from property_images i1_0 where i1_0.property_id=?
Hibernate: select v1_0.property_id,v1_0.video_name from property_videos v1_0 where v1_0.property_id=?
Hibernate: select a1_0.property_id,a1_0.amenity from property_amenities a1_0 where a1_0.property_id=?
Hibernate: select i1_0.property_id,i1_0.image_name from property_images i1_0 where i1_0.property_id=?
Hibernate: select v1_0.property_id,v1_0.video_name from property_videos v1_0 where v1_0.property_id=?
Hibernate: select a1_0.property_id,a1_0.amenity from property_amenities a1_0 where a1_0.property_id=?
Hibernate: select i1_0.property_id,i1_0.image_name from property_images i1_0 where i1_0.property_id=?
Hibernate: select v1_0.property_id,v1_0.video_name from property_videos v1_0 where v1_0.property_id=?
Hibernate: select a1_0.property_id,a1_0.amenity from property_amenities a1_0 where a1_0.property_id=?
Hibernate: select i1_0.property_id,i1_0.image_name from property_images i1_0 where i1_0.property_id=?
Hibernate: select v1_0.property_id,v1_0.video_name from property_videos v1_0 where v1_0.property_id=?
Hibernate: select a1_0.property_id,a1_0.amenity from property_amenities a1_0 where a1_0.property_id=?
Hibernate: select i1_0.property_id,i1_0.image_name from property_images i1_0 where i1_0.property_id=?
Hibernate: select v1_0.property_id,v1_0.video_name from property_videos v1_0 where v1_0.property_id=?
Hibernate: select a1_0.property_id,a1_0.amenity from property_amenities a1_0 where a1_0.property_id=?
Hibernate: select i1_0.property_id,i1_0.image_name from property_images i1_0 where i1_0.property_id=?
Hibernate: select v1_0.property_id,v1_0.video_name from property_videos v1_0 where v1_0.property_id=?
Hibernate: select i1_0.property_id,i1_0.image_name from property_images i1_0 where i1_0.property_id=?
Hibernate: select a1_0.property_id,a1_0.amenity from property_amenities a1_0 where a1_0.property_id=?
Hibernate: select v1_0.property_id,v1_0.video_name from property_videos v1_0 where v1_0.property_id=?
Hibernate: select i1_0.property_id,i1_0.image_name from property_images i1_0 where i1_0.property_id=?
Hibernate: select a1_0.property_id,a1_0.amenity from property_amenities a1_0 where a1_0.property_id=?
Hibernate: select v1_0.property_id,v1_0.video_name from property_videos v1_0 where v1_0.property_id=?
Hibernate: select a1_0.property_id,a1_0.amenity from property_amenities a1_0 where a1_0.property_id=?
Hibernate: select i1_0.property_id,i1_0.image_name from property_images i1_0 where i1_0.property_id=?
Hibernate: select i1_0.property_id,i1_0.image_name from property_images i1_0 where i1_0.property_id=?
Hibernate: select v1_0.property_id,v1_0.video_name from property_videos v1_0 where v1_0.property_id=?
Hibernate: select v1_0.property_id,v1_0.video_name from property_videos v1_0 where v1_0.property_id=?
Hibernate: select a1_0.property_id,a1_0.amenity from property_amenities a1_0 where a1_0.property_id=?
Hibernate: select a1_0.property_id,a1_0.amenity from property_amenities a1_0 where a1_0.property_id=?
Hibernate: select i1_0.property_id,i1_0.image_name from property_images i1_0 where i1_0.property_id=?
Hibernate: select i1_0.property_id,i1_0.image_name from property_images i1_0 where i1_0.property_id=?
Hibernate: select v1_0.property_id,v1_0.video_name from property_videos v1_0 where v1_0.property_id=?
Hibernate: select v1_0.property_id,v1_0.video_name from property_videos v1_0 where v1_0.property_id=?
Hibernate: select a1_0.property_id,a1_0.amenity from property_amenities a1_0 where a1_0.property_id=?
Hibernate: select a1_0.property_id,a1_0.amenity from property_amenities a1_0 where a1_0.property_id=?
Hibernate: select i1_0.property_id,i1_0.image_name from property_images i1_0 where i1_0.property_id=?
Hibernate: select i1_0.property_id,i1_0.image_name from property_images i1_0 where i1_0.property_id=?
Hibernate: select v1_0.property_id,v1_0.video_name from property_videos v1_0 where v1_0.property_id=?
Hibernate: select v1_0.property_id,v1_0.video_name from property_videos v1_0 where v1_0.property_id=?
Hibernate: select a1_0.property_id,a1_0.amenity from property_amenities a1_0 where a1_0.property_id=?
Hibernate: select a1_0.property_id,a1_0.amenity from property_amenities a1_0 where a1_0.property_id=?
Hibernate: select i1_0.property_id,i1_0.image_name from property_images i1_0 where i1_0.property_id=?
Hibernate: select i1_0.property_id,i1_0.image_name from property_images i1_0 where i1_0.property_id=?
Hibernate: select v1_0.property_id,v1_0.video_name from property_videos v1_0 where v1_0.property_id=?
Hibernate: select v1_0.property_id,v1_0.video_name from property_videos v1_0 where v1_0.property_id=?
Hibernate: select a1_0.property_id,a1_0.amenity from property_amenities a1_0 where a1_0.property_id=?
Hibernate: select a1_0.property_id,a1_0.amenity from property_amenities a1_0 where a1_0.property_id=?
Hibernate: select i1_0.property_id,i1_0.image_name from property_images i1_0 where i1_0.property_id=?
Hibernate: select i1_0.property_id,i1_0.image_name from property_images i1_0 where i1_0.property_id=?
Hibernate: select v1_0.property_id,v1_0.video_name from property_videos v1_0 where v1_0.property_id=?
Hibernate: select v1_0.property_id,v1_0.video_name from property_videos v1_0 where v1_0.property_id=?
Hibernate: select a1_0.property_id,a1_0.amenity from property_amenities a1_0 where a1_0.property_id=?
Hibernate: select a1_0.property_id,a1_0.amenity from property_amenities a1_0 where a1_0.property_id=?
Hibernate: select i1_0.property_id,i1_0.image_name from property_images i1_0 where i1_0.property_id=?
Hibernate: select i1_0.property_id,i1_0.image_name from property_images i1_0 where i1_0.property_id=?
Hibernate: select v1_0.property_id,v1_0.video_name from property_videos v1_0 where v1_0.property_id=?
Hibernate: select v1_0.property_id,v1_0.video_name from property_videos v1_0 where v1_0.property_id=?
Hibernate: select a1_0.property_id,a1_0.amenity from property_amenities a1_0 where a1_0.property_id=?
Hibernate: select a1_0.property_id,a1_0.amenity from property_amenities a1_0 where a1_0.property_id=?
Hibernate: select i1_0.property_id,i1_0.image_name from property_images i1_0 where i1_0.property_id=?
Hibernate: select i1_0.property_id,i1_0.image_name from property_images i1_0 where i1_0.property_id=?
Hibernate: select v1_0.property_id,v1_0.video_name from property_videos v1_0 where v1_0.property_id=?
Hibernate: select v1_0.property_id,v1_0.video_name from property_videos v1_0 where v1_0.property_id=?
Hibernate: select a1_0.property_id,a1_0.amenity from property_amenities a1_0 where a1_0.property_id=?
Hibernate: select a1_0.property_id,a1_0.amenity from property_amenities a1_0 where a1_0.property_id=?
Hibernate: select i1_0.property_id,i1_0.image_name from property_images i1_0 where i1_0.property_id=?
Hibernate: select i1_0.property_id,i1_0.image_name from property_images i1_0 where i1_0.property_id=?
Hibernate: select v1_0.property_id,v1_0.video_name from property_videos v1_0 where v1_0.property_id=?
Hibernate: select v1_0.property_id,v1_0.video_name from property_videos v1_0 where v1_0.property_id=?
Hibernate: select a1_0.property_id,a1_0.amenity from property_amenities a1_0 where a1_0.property_id=?
Hibernate: select a1_0.property_id,a1_0.amenity from property_amenities a1_0 where a1_0.property_id=?
Hibernate: select i1_0.property_id,i1_0.image_name from property_images i1_0 where i1_0.property_id=?
Hibernate: select i1_0.property_id,i1_0.image_name from property_images i1_0 where i1_0.property_id=?
Hibernate: select v1_0.property_id,v1_0.video_name from property_videos v1_0 where v1_0.property_id=?
Hibernate: select v1_0.property_id,v1_0.video_name from property_videos v1_0 where v1_0.property_id=?
Hibernate: select a1_0.property_id,a1_0.amenity from property_amenities a1_0 where a1_0.property_id=?
Hibernate: select a1_0.property_id,a1_0.amenity from property_amenities a1_0 where a1_0.property_id=?
Hibernate: select i1_0.property_id,i1_0.image_name from property_images i1_0 where i1_0.property_id=?
Hibernate: select i1_0.property_id,i1_0.image_name from property_images i1_0 where i1_0.property_id=?
Hibernate: select v1_0.property_id,v1_0.video_name from property_videos v1_0 where v1_0.property_id=?
Hibernate: select v1_0.property_id,v1_0.video_name from property_videos v1_0 where v1_0.property_id=?
Hibernate: select a1_0.property_id,a1_0.amenity from property_amenities a1_0 where a1_0.property_id=?
Hibernate: select a1_0.property_id,a1_0.amenity from property_amenities a1_0 where a1_0.property_id=?
Hibernate: select i1_0.property_id,i1_0.image_name from property_images i1_0 where i1_0.property_id=?
Hibernate: select i1_0.property_id,i1_0.image_name from property_images i1_0 where i1_0.property_id=?
Hibernate: select v1_0.property_id,v1_0.video_name from property_videos v1_0 where v1_0.property_id=?
Hibernate: select v1_0.property_id,v1_0.video_name from property_videos v1_0 where v1_0.property_id=?
Hibernate: select a1_0.property_id,a1_0.amenity from property_amenities a1_0 where a1_0.property_id=?
Hibernate: select a1_0.property_id,a1_0.amenity from property_amenities a1_0 where a1_0.property_id=?
Hibernate: select i1_0.property_id,i1_0.image_name from property_images i1_0 where i1_0.property_id=?
Hibernate: select i1_0.property_id,i1_0.image_name from property_images i1_0 where i1_0.property_id=?
Hibernate: select v1_0.property_id,v1_0.video_name from property_videos v1_0 where v1_0.property_id=?
Hibernate: select v1_0.property_id,v1_0.video_name from property_videos v1_0 where v1_0.property_id=?
Hibernate: select a1_0.property_id,a1_0.amenity from property_amenities a1_0 where a1_0.property_id=?
Hibernate: select i1_0.property_id,i1_0.image_name from property_images i1_0 where i1_0.property_id=?
Hibernate: select v1_0.property_id,v1_0.video_name from property_videos v1_0 where v1_0.property_id=?
Hibernate: select a1_0.property_id,a1_0.amenity from property_amenities a1_0 where a1_0.property_id=?
Hibernate: select a1_0.property_id,a1_0.amenity from property_amenities a1_0 where a1_0.property_id=?
Hibernate: select i1_0.property_id,i1_0.image_name from property_images i1_0 where i1_0.property_id=?
Hibernate: select v1_0.property_id,v1_0.video_name from property_videos v1_0 where v1_0.property_id=?
Hibernate: select i1_0.property_id,i1_0.image_name from property_images i1_0 where i1_0.property_id=?
Hibernate: select a1_0.property_id,a1_0.amenity from property_amenities a1_0 where a1_0.property_id=?
Hibernate: select v1_0.property_id,v1_0.video_name from property_videos v1_0 where v1_0.property_id=?
Hibernate: select a1_0.property_id,a1_0.amenity from property_amenities a1_0 where a1_0.property_id=?
Hibernate: select i1_0.property_id,i1_0.image_name from property_images i1_0 where i1_0.property_id=?
Hibernate: select v1_0.property_id,v1_0.video_name from property_videos v1_0 where v1_0.property_id=?
Hibernate: select a1_0.property_id,a1_0.amenity from property_amenities a1_0 where a1_0.property_id=?
Hibernate: select u1_0.id,u1_0.bio,u1_0.blocked,u1_0.city,u1_0.email,u1_0.email_verified,u1_0.full_name,u1_0.mobile_number,u1_0.password,u1_0.profile_picture,u1_0.role,u1_0.state,u1_0.username,u1_0.verified from users u1_0 where u1_0.email=?
Hibernate: select u1_0.id,u1_0.bio,u1_0.blocked,u1_0.city,u1_0.email,u1_0.email_verified,u1_0.full_name,u1_0.mobile_number,u1_0.password,u1_0.profile_picture,u1_0.role,u1_0.state,u1_0.username,u1_0.verified from users u1_0 where u1_0.email=?
Hibernate: select p1_0.id,p1_0.address,p1_0.approved,p1_0.area,p1_0.balconies,p1_0.bathrooms,p1_0.bedrooms,p1_0.carpet_area,p1_0.category,p1_0.city,p1_0.contact_number,p1_0.created_at,p1_0.description,p1_0.featured,p1_0.floor_number,p1_0.latitude,p1_0.location,p1_0.longitude,p1_0.pincode,p1_0.price,p1_0.property_age,p1_0.property_status,p1_0.rejected,p1_0.seller_email,p1_0.seller_username,p1_0.state,p1_0.title,p1_0.total_floors,p1_0.type,p1_0.user_id,p1_0.user_type,p1_0.verified from properties p1_0 where p1_0.category=?
Hibernate: select u1_0.id,u1_0.bio,u1_0.blocked,u1_0.city,u1_0.email,u1_0.email_verified,u1_0.full_name,u1_0.mobile_number,u1_0.password,u1_0.profile_picture,u1_0.role,u1_0.state,u1_0.username,u1_0.verified from users u1_0 where u1_0.id=?
Hibernate: select p1_0.id,p1_0.address,p1_0.approved,p1_0.area,p1_0.balconies,p1_0.bathrooms,p1_0.bedrooms,p1_0.carpet_area,p1_0.category,p1_0.city,p1_0.contact_number,p1_0.created_at,p1_0.description,p1_0.featured,p1_0.floor_number,p1_0.latitude,p1_0.location,p1_0.longitude,p1_0.pincode,p1_0.price,p1_0.property_age,p1_0.property_status,p1_0.rejected,p1_0.seller_email,p1_0.seller_username,p1_0.state,p1_0.title,p1_0.total_floors,p1_0.type,p1_0.user_id,p1_0.user_type,p1_0.verified from properties p1_0 where p1_0.type=?
Hibernate: select u1_0.id,u1_0.bio,u1_0.blocked,u1_0.city,u1_0.email,u1_0.email_verified,u1_0.full_name,u1_0.mobile_number,u1_0.password,u1_0.profile_picture,u1_0.role,u1_0.state,u1_0.username,u1_0.verified from users u1_0 where u1_0.id=?
Hibernate: select i1_0.property_id,i1_0.image_name from property_images i1_0 where i1_0.property_id=?
Hibernate: select v1_0.property_id,v1_0.video_name from property_videos v1_0 where v1_0.property_id=?
Hibernate: select a1_0.property_id,a1_0.amenity from property_amenities a1_0 where a1_0.property_id=?
Hibernate: select i1_0.property_id,i1_0.image_name from property_images i1_0 where i1_0.property_id=?
Hibernate: select v1_0.property_id,v1_0.video_name from property_videos v1_0 where v1_0.property_id=?
Hibernate: select a1_0.property_id,a1_0.amenity from property_amenities a1_0 where a1_0.property_id=?
Hibernate: select i1_0.property_id,i1_0.image_name from property_images i1_0 where i1_0.property_id=?
Hibernate: select i1_0.property_id,i1_0.image_name from property_images i1_0 where i1_0.property_id=?
Hibernate: select v1_0.property_id,v1_0.video_name from property_videos v1_0 where v1_0.property_id=?
Hibernate: select v1_0.property_id,v1_0.video_name from property_videos v1_0 where v1_0.property_id=?
Hibernate: select a1_0.property_id,a1_0.amenity from property_amenities a1_0 where a1_0.property_id=?
Hibernate: select a1_0.property_id,a1_0.amenity from property_amenities a1_0 where a1_0.property_id=?
Hibernate: select i1_0.property_id,i1_0.image_name from property_images i1_0 where i1_0.property_id=?
Hibernate: select i1_0.property_id,i1_0.image_name from property_images i1_0 where i1_0.property_id=?
Hibernate: select v1_0.property_id,v1_0.video_name from property_videos v1_0 where v1_0.property_id=?
Hibernate: select v1_0.property_id,v1_0.video_name from property_videos v1_0 where v1_0.property_id=?
Hibernate: select a1_0.property_id,a1_0.amenity from property_amenities a1_0 where a1_0.property_id=?
Hibernate: select a1_0.property_id,a1_0.amenity from property_amenities a1_0 where a1_0.property_id=?
Hibernate: select i1_0.property_id,i1_0.image_name from property_images i1_0 where i1_0.property_id=?
Hibernate: select i1_0.property_id,i1_0.image_name from property_images i1_0 where i1_0.property_id=?
Hibernate: select v1_0.property_id,v1_0.video_name from property_videos v1_0 where v1_0.property_id=?
Hibernate: select v1_0.property_id,v1_0.video_name from property_videos v1_0 where v1_0.property_id=?
Hibernate: select a1_0.property_id,a1_0.amenity from property_amenities a1_0 where a1_0.property_id=?
Hibernate: select a1_0.property_id,a1_0.amenity from property_amenities a1_0 where a1_0.property_id=?
Hibernate: select i1_0.property_id,i1_0.image_name from property_images i1_0 where i1_0.property_id=?
Hibernate: select i1_0.property_id,i1_0.image_name from property_images i1_0 where i1_0.property_id=?
Hibernate: select v1_0.property_id,v1_0.video_name from property_videos v1_0 where v1_0.property_id=?
Hibernate: select v1_0.property_id,v1_0.video_name from property_videos v1_0 where v1_0.property_id=?
Hibernate: select a1_0.property_id,a1_0.amenity from property_amenities a1_0 where a1_0.property_id=?
Hibernate: select a1_0.property_id,a1_0.amenity from property_amenities a1_0 where a1_0.property_id=?
Hibernate: select i1_0.property_id,i1_0.image_name from property_images i1_0 where i1_0.property_id=?
Hibernate: select i1_0.property_id,i1_0.image_name from property_images i1_0 where i1_0.property_id=?
Hibernate: select v1_0.property_id,v1_0.video_name from property_videos v1_0 where v1_0.property_id=?
Hibernate: select v1_0.property_id,v1_0.video_name from property_videos v1_0 where v1_0.property_id=?
Hibernate: select a1_0.property_id,a1_0.amenity from property_amenities a1_0 where a1_0.property_id=?
Hibernate: select a1_0.property_id,a1_0.amenity from property_amenities a1_0 where a1_0.property_id=?
Hibernate: select i1_0.property_id,i1_0.image_name from property_images i1_0 where i1_0.property_id=?
Hibernate: select i1_0.property_id,i1_0.image_name from property_images i1_0 where i1_0.property_id=?
Hibernate: select v1_0.property_id,v1_0.video_name from property_videos v1_0 where v1_0.property_id=?
Hibernate: select v1_0.property_id,v1_0.video_name from property_videos v1_0 where v1_0.property_id=?
Hibernate: select a1_0.property_id,a1_0.amenity from property_amenities a1_0 where a1_0.property_id=?
Hibernate: select a1_0.property_id,a1_0.amenity from property_amenities a1_0 where a1_0.property_id=?
Hibernate: select i1_0.property_id,i1_0.image_name from property_images i1_0 where i1_0.property_id=?
Hibernate: select v1_0.property_id,v1_0.video_name from property_videos v1_0 where v1_0.property_id=?
Hibernate: select i1_0.property_id,i1_0.image_name from property_images i1_0 where i1_0.property_id=?
Hibernate: select v1_0.property_id,v1_0.video_name from property_videos v1_0 where v1_0.property_id=?
Hibernate: select a1_0.property_id,a1_0.amenity from property_amenities a1_0 where a1_0.property_id=?
Hibernate: select a1_0.property_id,a1_0.amenity from property_amenities a1_0 where a1_0.property_id=?
Hibernate: select i1_0.property_id,i1_0.image_name from property_images i1_0 where i1_0.property_id=?
Hibernate: select i1_0.property_id,i1_0.image_name from property_images i1_0 where i1_0.property_id=?
Hibernate: select v1_0.property_id,v1_0.video_name from property_videos v1_0 where v1_0.property_id=?
Hibernate: select v1_0.property_id,v1_0.video_name from property_videos v1_0 where v1_0.property_id=?
Hibernate: select a1_0.property_id,a1_0.amenity from property_amenities a1_0 where a1_0.property_id=?
Hibernate: select a1_0.property_id,a1_0.amenity from property_amenities a1_0 where a1_0.property_id=?
Hibernate: select i1_0.property_id,i1_0.image_name from property_images i1_0 where i1_0.property_id=?
Hibernate: select i1_0.property_id,i1_0.image_name from property_images i1_0 where i1_0.property_id=?
Hibernate: select v1_0.property_id,v1_0.video_name from property_videos v1_0 where v1_0.property_id=?
Hibernate: select v1_0.property_id,v1_0.video_name from property_videos v1_0 where v1_0.property_id=?
Hibernate: select a1_0.property_id,a1_0.amenity from property_amenities a1_0 where a1_0.property_id=?
Hibernate: select a1_0.property_id,a1_0.amenity from property_amenities a1_0 where a1_0.property_id=?
Hibernate: select i1_0.property_id,i1_0.image_name from property_images i1_0 where i1_0.property_id=?
Hibernate: select i1_0.property_id,i1_0.image_name from property_images i1_0 where i1_0.property_id=?
Hibernate: select v1_0.property_id,v1_0.video_name from property_videos v1_0 where v1_0.property_id=?
Hibernate: select v1_0.property_id,v1_0.video_name from property_videos v1_0 where v1_0.property_id=?
Hibernate: select a1_0.property_id,a1_0.amenity from property_amenities a1_0 where a1_0.property_id=?
Hibernate: select a1_0.property_id,a1_0.amenity from property_amenities a1_0 where a1_0.property_id=?
Hibernate: select i1_0.property_id,i1_0.image_name from property_images i1_0 where i1_0.property_id=?
Hibernate: select i1_0.property_id,i1_0.image_name from property_images i1_0 where i1_0.property_id=?
Hibernate: select v1_0.property_id,v1_0.video_name from property_videos v1_0 where v1_0.property_id=?
Hibernate: select v1_0.property_id,v1_0.video_name from property_videos v1_0 where v1_0.property_id=?
Hibernate: select a1_0.property_id,a1_0.amenity from property_amenities a1_0 where a1_0.property_id=?
Hibernate: select a1_0.property_id,a1_0.amenity from property_amenities a1_0 where a1_0.property_id=?
Hibernate: select i1_0.property_id,i1_0.image_name from property_images i1_0 where i1_0.property_id=?
Hibernate: select i1_0.property_id,i1_0.image_name from property_images i1_0 where i1_0.property_id=?
Hibernate: select v1_0.property_id,v1_0.video_name from property_videos v1_0 where v1_0.property_id=?
Hibernate: select v1_0.property_id,v1_0.video_name from property_videos v1_0 where v1_0.property_id=?
Hibernate: select a1_0.property_id,a1_0.amenity from property_amenities a1_0 where a1_0.property_id=?
Hibernate: select a1_0.property_id,a1_0.amenity from property_amenities a1_0 where a1_0.property_id=?
Hibernate: select i1_0.property_id,i1_0.image_name from property_images i1_0 where i1_0.property_id=?
Hibernate: select i1_0.property_id,i1_0.image_name from property_images i1_0 where i1_0.property_id=?
Hibernate: select v1_0.property_id,v1_0.video_name from property_videos v1_0 where v1_0.property_id=?
Hibernate: select v1_0.property_id,v1_0.video_name from property_videos v1_0 where v1_0.property_id=?
Hibernate: select a1_0.property_id,a1_0.amenity from property_amenities a1_0 where a1_0.property_id=?
Hibernate: select a1_0.property_id,a1_0.amenity from property_amenities a1_0 where a1_0.property_id=?
Hibernate: select i1_0.property_id,i1_0.image_name from property_images i1_0 where i1_0.property_id=?
Hibernate: select v1_0.property_id,v1_0.video_name from property_videos v1_0 where v1_0.property_id=?
Hibernate: select a1_0.property_id,a1_0.amenity from property_amenities a1_0 where a1_0.property_id=?
Hibernate: select i1_0.property_id,i1_0.image_name from property_images i1_0 where i1_0.property_id=?
Hibernate: select v1_0.property_id,v1_0.video_name from property_videos v1_0 where v1_0.property_id=?
Hibernate: select a1_0.property_id,a1_0.amenity from property_amenities a1_0 where a1_0.property_id=?
Hibernate: select i1_0.property_id,i1_0.image_name from property_images i1_0 where i1_0.property_id=?
Hibernate: select v1_0.property_id,v1_0.video_name from property_videos v1_0 where v1_0.property_id=?
Hibernate: select a1_0.property_id,a1_0.amenity from property_amenities a1_0 where a1_0.property_id=?
Hibernate: select i1_0.property_id,i1_0.image_name from property_images i1_0 where i1_0.property_id=?
Hibernate: select v1_0.property_id,v1_0.video_name from property_videos v1_0 where v1_0.property_id=?
Hibernate: select a1_0.property_id,a1_0.amenity from property_amenities a1_0 where a1_0.property_id=?
Hibernate: select i1_0.property_id,i1_0.image_name from property_images i1_0 where i1_0.property_id=?
Hibernate: select v1_0.property_id,v1_0.video_name from property_videos v1_0 where v1_0.property_id=?
Hibernate: select a1_0.property_id,a1_0.amenity from property_amenities a1_0 where a1_0.property_id=?
Hibernate: select i1_0.property_id,i1_0.image_name from property_images i1_0 where i1_0.property_id=?
Hibernate: select v1_0.property_id,v1_0.video_name from property_videos v1_0 where v1_0.property_id=?
Hibernate: select a1_0.property_id,a1_0.amenity from property_amenities a1_0 where a1_0.property_id=?
Hibernate: select i1_0.property_id,i1_0.image_name from property_images i1_0 where i1_0.property_id=?
Hibernate: select v1_0.property_id,v1_0.video_name from property_videos v1_0 where v1_0.property_id=?
Hibernate: select a1_0.property_id,a1_0.amenity from property_amenities a1_0 where a1_0.property_id=?
Hibernate: select i1_0.property_id,i1_0.image_name from property_images i1_0 where i1_0.property_id=?
Hibernate: select v1_0.property_id,v1_0.video_name from property_videos v1_0 where v1_0.property_id=?
Hibernate: select a1_0.property_id,a1_0.amenity from property_amenities a1_0 where a1_0.property_id=?
Hibernate: select i1_0.property_id,i1_0.image_name from property_images i1_0 where i1_0.property_id=?
Hibernate: select v1_0.property_id,v1_0.video_name from property_videos v1_0 where v1_0.property_id=?
Hibernate: select a1_0.property_id,a1_0.amenity from property_amenities a1_0 where a1_0.property_id=?
Hibernate: select i1_0.property_id,i1_0.image_name from property_images i1_0 where i1_0.property_id=?
Hibernate: select v1_0.property_id,v1_0.video_name from property_videos v1_0 where v1_0.property_id=?
Hibernate: select a1_0.property_id,a1_0.amenity from property_amenities a1_0 where a1_0.property_id=?
Hibernate: select i1_0.property_id,i1_0.image_name from property_images i1_0 where i1_0.property_id=?
Hibernate: select v1_0.property_id,v1_0.video_name from property_videos v1_0 where v1_0.property_id=?
Hibernate: select a1_0.property_id,a1_0.amenity from property_amenities a1_0 where a1_0.property_id=?
Hibernate: select i1_0.property_id,i1_0.image_name from property_images i1_0 where i1_0.property_id=?
Hibernate: select v1_0.property_id,v1_0.video_name from property_videos v1_0 where v1_0.property_id=?
Hibernate: select a1_0.property_id,a1_0.amenity from property_amenities a1_0 where a1_0.property_id=?
Hibernate: select i1_0.property_id,i1_0.image_name from property_images i1_0 where i1_0.property_id=?
Hibernate: select v1_0.property_id,v1_0.video_name from property_videos v1_0 where v1_0.property_id=?
Hibernate: select a1_0.property_id,a1_0.amenity from property_amenities a1_0 where a1_0.property_id=?
Hibernate: select i1_0.property_id,i1_0.image_name from property_images i1_0 where i1_0.property_id=?
Hibernate: select v1_0.property_id,v1_0.video_name from property_videos v1_0 where v1_0.property_id=?
Hibernate: select a1_0.property_id,a1_0.amenity from property_amenities a1_0 where a1_0.property_id=?
Hibernate: select i1_0.property_id,i1_0.image_name from property_images i1_0 where i1_0.property_id=?
Hibernate: select v1_0.property_id,v1_0.video_name from property_videos v1_0 where v1_0.property_id=?
Hibernate: select a1_0.property_id,a1_0.amenity from property_amenities a1_0 where a1_0.property_id=?
Hibernate: select i1_0.property_id,i1_0.image_name from property_images i1_0 where i1_0.property_id=?
Hibernate: select v1_0.property_id,v1_0.video_name from property_videos v1_0 where v1_0.property_id=?
Hibernate: select a1_0.property_id,a1_0.amenity from property_amenities a1_0 where a1_0.property_id=?
Hibernate: select i1_0.property_id,i1_0.image_name from property_images i1_0 where i1_0.property_id=?
Hibernate: select v1_0.property_id,v1_0.video_name from property_videos v1_0 where v1_0.property_id=?
Hibernate: select a1_0.property_id,a1_0.amenity from property_amenities a1_0 where a1_0.property_id=?
Hibernate: select i1_0.property_id,i1_0.image_name from property_images i1_0 where i1_0.property_id=?
Hibernate: select v1_0.property_id,v1_0.video_name from property_videos v1_0 where v1_0.property_id=?
Hibernate: select a1_0.property_id,a1_0.amenity from property_amenities a1_0 where a1_0.property_id=?
Hibernate: select i1_0.property_id,i1_0.image_name from property_images i1_0 where i1_0.property_id=?
Hibernate: select v1_0.property_id,v1_0.video_name from property_videos v1_0 where v1_0.property_id=?
Hibernate: select a1_0.property_id,a1_0.amenity from property_amenities a1_0 where a1_0.property_id=?
Hibernate: select i1_0.property_id,i1_0.image_name from property_images i1_0 where i1_0.property_id=?
Hibernate: select v1_0.property_id,v1_0.video_name from property_videos v1_0 where v1_0.property_id=?
Hibernate: select a1_0.property_id,a1_0.amenity from property_amenities a1_0 where a1_0.property_id=?
Hibernate: select i1_0.property_id,i1_0.image_name from property_images i1_0 where i1_0.property_id=?
Hibernate: select v1_0.property_id,v1_0.video_name from property_videos v1_0 where v1_0.property_id=?
Hibernate: select a1_0.property_id,a1_0.amenity from property_amenities a1_0 where a1_0.property_id=?
Hibernate: select i1_0.property_id,i1_0.image_name from property_images i1_0 where i1_0.property_id=?
Hibernate: select v1_0.property_id,v1_0.video_name from property_videos v1_0 where v1_0.property_id=?
Hibernate: select a1_0.property_id,a1_0.amenity from property_amenities a1_0 where a1_0.property_id=?
2026-03-02T12:12:27.443+05:30  INFO 42475 --- [nio-8080-exec-7] c.r.o.controller.PropertyController      : Serving image file: 1772371800370_1.avif from /Users/ompatel/sdp/Online-RealEstate-System/Online-Real-Estate-System-main/uploads/1772371800370_1.avif
Hibernate: select u1_0.id,u1_0.bio,u1_0.blocked,u1_0.city,u1_0.email,u1_0.email_verified,u1_0.full_name,u1_0.mobile_number,u1_0.password,u1_0.profile_picture,u1_0.role,u1_0.state,u1_0.username,u1_0.verified from users u1_0 where u1_0.email=?
Hibernate: select p1_0.id,p1_0.address,p1_0.approved,p1_0.area,p1_0.balconies,p1_0.bathrooms,p1_0.bedrooms,p1_0.carpet_area,p1_0.category,p1_0.city,p1_0.contact_number,p1_0.created_at,p1_0.description,p1_0.featured,p1_0.floor_number,p1_0.latitude,p1_0.location,p1_0.longitude,p1_0.pincode,p1_0.price,p1_0.property_age,p1_0.property_status,p1_0.rejected,p1_0.seller_email,p1_0.seller_username,p1_0.state,p1_0.title,p1_0.total_floors,p1_0.type,p1_0.user_id,p1_0.user_type,p1_0.verified from properties p1_0 where p1_0.type=?
Hibernate: select u1_0.id,u1_0.bio,u1_0.blocked,u1_0.city,u1_0.email,u1_0.email_verified,u1_0.full_name,u1_0.mobile_number,u1_0.password,u1_0.profile_picture,u1_0.role,u1_0.state,u1_0.username,u1_0.verified from users u1_0 where u1_0.email=?
Hibernate: select u1_0.id,u1_0.bio,u1_0.blocked,u1_0.city,u1_0.email,u1_0.email_verified,u1_0.full_name,u1_0.mobile_number,u1_0.password,u1_0.profile_picture,u1_0.role,u1_0.state,u1_0.username,u1_0.verified from users u1_0 where u1_0.id=?
Hibernate: select i1_0.property_id,i1_0.image_name from property_images i1_0 where i1_0.property_id=?
Hibernate: select p1_0.id,p1_0.address,p1_0.approved,p1_0.area,p1_0.balconies,p1_0.bathrooms,p1_0.bedrooms,p1_0.carpet_area,p1_0.category,p1_0.city,p1_0.contact_number,p1_0.created_at,p1_0.description,p1_0.featured,p1_0.floor_number,p1_0.latitude,p1_0.location,p1_0.longitude,p1_0.pincode,p1_0.price,p1_0.property_age,p1_0.property_status,p1_0.rejected,p1_0.seller_email,p1_0.seller_username,p1_0.state,p1_0.title,p1_0.total_floors,p1_0.type,p1_0.user_id,p1_0.user_type,p1_0.verified from properties p1_0 where p1_0.type=?
Hibernate: select v1_0.property_id,v1_0.video_name from property_videos v1_0 where v1_0.property_id=?
Hibernate: select a1_0.property_id,a1_0.amenity from property_amenities a1_0 where a1_0.property_id=?
Hibernate: select u1_0.id,u1_0.bio,u1_0.blocked,u1_0.city,u1_0.email,u1_0.email_verified,u1_0.full_name,u1_0.mobile_number,u1_0.password,u1_0.profile_picture,u1_0.role,u1_0.state,u1_0.username,u1_0.verified from users u1_0 where u1_0.id=?
Hibernate: select i1_0.property_id,i1_0.image_name from property_images i1_0 where i1_0.property_id=?
Hibernate: select v1_0.property_id,v1_0.video_name from property_videos v1_0 where v1_0.property_id=?
Hibernate: select a1_0.property_id,a1_0.amenity from property_amenities a1_0 where a1_0.property_id=?
Hibernate: select i1_0.property_id,i1_0.image_name from property_images i1_0 where i1_0.property_id=?
Hibernate: select v1_0.property_id,v1_0.video_name from property_videos v1_0 where v1_0.property_id=?
Hibernate: select a1_0.property_id,a1_0.amenity from property_amenities a1_0 where a1_0.property_id=?
Hibernate: select i1_0.property_id,i1_0.image_name from property_images i1_0 where i1_0.property_id=?
Hibernate: select v1_0.property_id,v1_0.video_name from property_videos v1_0 where v1_0.property_id=?
Hibernate: select i1_0.property_id,i1_0.image_name from property_images i1_0 where i1_0.property_id=?
Hibernate: select a1_0.property_id,a1_0.amenity from property_amenities a1_0 where a1_0.property_id=?
Hibernate: select v1_0.property_id,v1_0.video_name from property_videos v1_0 where v1_0.property_id=?
Hibernate: select a1_0.property_id,a1_0.amenity from property_amenities a1_0 where a1_0.property_id=?
Hibernate: select i1_0.property_id,i1_0.image_name from property_images i1_0 where i1_0.property_id=?
Hibernate: select i1_0.property_id,i1_0.image_name from property_images i1_0 where i1_0.property_id=?
Hibernate: select v1_0.property_id,v1_0.video_name from property_videos v1_0 where v1_0.property_id=?
Hibernate: select v1_0.property_id,v1_0.video_name from property_videos v1_0 where v1_0.property_id=?
Hibernate: select a1_0.property_id,a1_0.amenity from property_amenities a1_0 where a1_0.property_id=?
Hibernate: select a1_0.property_id,a1_0.amenity from property_amenities a1_0 where a1_0.property_id=?
Hibernate: select i1_0.property_id,i1_0.image_name from property_images i1_0 where i1_0.property_id=?
Hibernate: select i1_0.property_id,i1_0.image_name from property_images i1_0 where i1_0.property_id=?
Hibernate: select v1_0.property_id,v1_0.video_name from property_videos v1_0 where v1_0.property_id=?
Hibernate: select v1_0.property_id,v1_0.video_name from property_videos v1_0 where v1_0.property_id=?
Hibernate: select a1_0.property_id,a1_0.amenity from property_amenities a1_0 where a1_0.property_id=?
Hibernate: select a1_0.property_id,a1_0.amenity from property_amenities a1_0 where a1_0.property_id=?
Hibernate: select i1_0.property_id,i1_0.image_name from property_images i1_0 where i1_0.property_id=?
Hibernate: select i1_0.property_id,i1_0.image_name from property_images i1_0 where i1_0.property_id=?
Hibernate: select v1_0.property_id,v1_0.video_name from property_videos v1_0 where v1_0.property_id=?
Hibernate: select v1_0.property_id,v1_0.video_name from property_videos v1_0 where v1_0.property_id=?
Hibernate: select a1_0.property_id,a1_0.amenity from property_amenities a1_0 where a1_0.property_id=?
Hibernate: select a1_0.property_id,a1_0.amenity from property_amenities a1_0 where a1_0.property_id=?
Hibernate: select i1_0.property_id,i1_0.image_name from property_images i1_0 where i1_0.property_id=?
Hibernate: select i1_0.property_id,i1_0.image_name from property_images i1_0 where i1_0.property_id=?
Hibernate: select v1_0.property_id,v1_0.video_name from property_videos v1_0 where v1_0.property_id=?
Hibernate: select v1_0.property_id,v1_0.video_name from property_videos v1_0 where v1_0.property_id=?
Hibernate: select a1_0.property_id,a1_0.amenity from property_amenities a1_0 where a1_0.property_id=?
Hibernate: select a1_0.property_id,a1_0.amenity from property_amenities a1_0 where a1_0.property_id=?
Hibernate: select i1_0.property_id,i1_0.image_name from property_images i1_0 where i1_0.property_id=?
Hibernate: select i1_0.property_id,i1_0.image_name from property_images i1_0 where i1_0.property_id=?
Hibernate: select v1_0.property_id,v1_0.video_name from property_videos v1_0 where v1_0.property_id=?
Hibernate: select v1_0.property_id,v1_0.video_name from property_videos v1_0 where v1_0.property_id=?
Hibernate: select a1_0.property_id,a1_0.amenity from property_amenities a1_0 where a1_0.property_id=?
Hibernate: select a1_0.property_id,a1_0.amenity from property_amenities a1_0 where a1_0.property_id=?
Hibernate: select i1_0.property_id,i1_0.image_name from property_images i1_0 where i1_0.property_id=?
Hibernate: select i1_0.property_id,i1_0.image_name from property_images i1_0 where i1_0.property_id=?
Hibernate: select v1_0.property_id,v1_0.video_name from property_videos v1_0 where v1_0.property_id=?
Hibernate: select v1_0.property_id,v1_0.video_name from property_videos v1_0 where v1_0.property_id=?
Hibernate: select a1_0.property_id,a1_0.amenity from property_amenities a1_0 where a1_0.property_id=?
Hibernate: select a1_0.property_id,a1_0.amenity from property_amenities a1_0 where a1_0.property_id=?
Hibernate: select i1_0.property_id,i1_0.image_name from property_images i1_0 where i1_0.property_id=?
Hibernate: select i1_0.property_id,i1_0.image_name from property_images i1_0 where i1_0.property_id=?
Hibernate: select v1_0.property_id,v1_0.video_name from property_videos v1_0 where v1_0.property_id=?
Hibernate: select v1_0.property_id,v1_0.video_name from property_videos v1_0 where v1_0.property_id=?
Hibernate: select a1_0.property_id,a1_0.amenity from property_amenities a1_0 where a1_0.property_id=?
Hibernate: select a1_0.property_id,a1_0.amenity from property_amenities a1_0 where a1_0.property_id=?
Hibernate: select i1_0.property_id,i1_0.image_name from property_images i1_0 where i1_0.property_id=?
Hibernate: select i1_0.property_id,i1_0.image_name from property_images i1_0 where i1_0.property_id=?
Hibernate: select v1_0.property_id,v1_0.video_name from property_videos v1_0 where v1_0.property_id=?
Hibernate: select v1_0.property_id,v1_0.video_name from property_videos v1_0 where v1_0.property_id=?
Hibernate: select a1_0.property_id,a1_0.amenity from property_amenities a1_0 where a1_0.property_id=?
Hibernate: select a1_0.property_id,a1_0.amenity from property_amenities a1_0 where a1_0.property_id=?
Hibernate: select i1_0.property_id,i1_0.image_name from property_images i1_0 where i1_0.property_id=?
Hibernate: select i1_0.property_id,i1_0.image_name from property_images i1_0 where i1_0.property_id=?
Hibernate: select v1_0.property_id,v1_0.video_name from property_videos v1_0 where v1_0.property_id=?
Hibernate: select v1_0.property_id,v1_0.video_name from property_videos v1_0 where v1_0.property_id=?
Hibernate: select a1_0.property_id,a1_0.amenity from property_amenities a1_0 where a1_0.property_id=?
Hibernate: select a1_0.property_id,a1_0.amenity from property_amenities a1_0 where a1_0.property_id=?
Hibernate: select i1_0.property_id,i1_0.image_name from property_images i1_0 where i1_0.property_id=?
Hibernate: select i1_0.property_id,i1_0.image_name from property_images i1_0 where i1_0.property_id=?
Hibernate: select v1_0.property_id,v1_0.video_name from property_videos v1_0 where v1_0.property_id=?
Hibernate: select v1_0.property_id,v1_0.video_name from property_videos v1_0 where v1_0.property_id=?
Hibernate: select a1_0.property_id,a1_0.amenity from property_amenities a1_0 where a1_0.property_id=?
Hibernate: select a1_0.property_id,a1_0.amenity from property_amenities a1_0 where a1_0.property_id=?
Hibernate: select i1_0.property_id,i1_0.image_name from property_images i1_0 where i1_0.property_id=?
Hibernate: select i1_0.property_id,i1_0.image_name from property_images i1_0 where i1_0.property_id=?
Hibernate: select v1_0.property_id,v1_0.video_name from property_videos v1_0 where v1_0.property_id=?
Hibernate: select v1_0.property_id,v1_0.video_name from property_videos v1_0 where v1_0.property_id=?
Hibernate: select a1_0.property_id,a1_0.amenity from property_amenities a1_0 where a1_0.property_id=?
Hibernate: select a1_0.property_id,a1_0.amenity from property_amenities a1_0 where a1_0.property_id=?
Hibernate: select i1_0.property_id,i1_0.image_name from property_images i1_0 where i1_0.property_id=?
Hibernate: select i1_0.property_id,i1_0.image_name from property_images i1_0 where i1_0.property_id=?
Hibernate: select v1_0.property_id,v1_0.video_name from property_videos v1_0 where v1_0.property_id=?
Hibernate: select v1_0.property_id,v1_0.video_name from property_videos v1_0 where v1_0.property_id=?
Hibernate: select a1_0.property_id,a1_0.amenity from property_amenities a1_0 where a1_0.property_id=?
Hibernate: select a1_0.property_id,a1_0.amenity from property_amenities a1_0 where a1_0.property_id=?
Hibernate: select i1_0.property_id,i1_0.image_name from property_images i1_0 where i1_0.property_id=?
Hibernate: select v1_0.property_id,v1_0.video_name from property_videos v1_0 where v1_0.property_id=?
Hibernate: select i1_0.property_id,i1_0.image_name from property_images i1_0 where i1_0.property_id=?
Hibernate: select a1_0.property_id,a1_0.amenity from property_amenities a1_0 where a1_0.property_id=?
Hibernate: select v1_0.property_id,v1_0.video_name from property_videos v1_0 where v1_0.property_id=?
Hibernate: select a1_0.property_id,a1_0.amenity from property_amenities a1_0 where a1_0.property_id=?
Hibernate: select i1_0.property_id,i1_0.image_name from property_images i1_0 where i1_0.property_id=?
Hibernate: select v1_0.property_id,v1_0.video_name from property_videos v1_0 where v1_0.property_id=?
Hibernate: select i1_0.property_id,i1_0.image_name from property_images i1_0 where i1_0.property_id=?
Hibernate: select a1_0.property_id,a1_0.amenity from property_amenities a1_0 where a1_0.property_id=?
Hibernate: select v1_0.property_id,v1_0.video_name from property_videos v1_0 where v1_0.property_id=?
Hibernate: select i1_0.property_id,i1_0.image_name from property_images i1_0 where i1_0.property_id=?
Hibernate: select a1_0.property_id,a1_0.amenity from property_amenities a1_0 where a1_0.property_id=?
Hibernate: select v1_0.property_id,v1_0.video_name from property_videos v1_0 where v1_0.property_id=?
Hibernate: select i1_0.property_id,i1_0.image_name from property_images i1_0 where i1_0.property_id=?
Hibernate: select a1_0.property_id,a1_0.amenity from property_amenities a1_0 where a1_0.property_id=?
Hibernate: select v1_0.property_id,v1_0.video_name from property_videos v1_0 where v1_0.property_id=?
Hibernate: select i1_0.property_id,i1_0.image_name from property_images i1_0 where i1_0.property_id=?
Hibernate: select a1_0.property_id,a1_0.amenity from property_amenities a1_0 where a1_0.property_id=?
Hibernate: select v1_0.property_id,v1_0.video_name from property_videos v1_0 where v1_0.property_id=?
Hibernate: select i1_0.property_id,i1_0.image_name from property_images i1_0 where i1_0.property_id=?
Hibernate: select a1_0.property_id,a1_0.amenity from property_amenities a1_0 where a1_0.property_id=?
Hibernate: select v1_0.property_id,v1_0.video_name from property_videos v1_0 where v1_0.property_id=?
Hibernate: select a1_0.property_id,a1_0.amenity from property_amenities a1_0 where a1_0.property_id=?
Hibernate: select i1_0.property_id,i1_0.image_name from property_images i1_0 where i1_0.property_id=?
Hibernate: select v1_0.property_id,v1_0.video_name from property_videos v1_0 where v1_0.property_id=?
Hibernate: select i1_0.property_id,i1_0.image_name from property_images i1_0 where i1_0.property_id=?
Hibernate: select a1_0.property_id,a1_0.amenity from property_amenities a1_0 where a1_0.property_id=?
Hibernate: select v1_0.property_id,v1_0.video_name from property_videos v1_0 where v1_0.property_id=?
Hibernate: select i1_0.property_id,i1_0.image_name from property_images i1_0 where i1_0.property_id=?
Hibernate: select a1_0.property_id,a1_0.amenity from property_amenities a1_0 where a1_0.property_id=?
Hibernate: select v1_0.property_id,v1_0.video_name from property_videos v1_0 where v1_0.property_id=?
Hibernate: select a1_0.property_id,a1_0.amenity from property_amenities a1_0 where a1_0.property_id=?
Hibernate: select i1_0.property_id,i1_0.image_name from property_images i1_0 where i1_0.property_id=?
Hibernate: select v1_0.property_id,v1_0.video_name from property_videos v1_0 where v1_0.property_id=?
Hibernate: select a1_0.property_id,a1_0.amenity from property_amenities a1_0 where a1_0.property_id=?
Hibernate: select i1_0.property_id,i1_0.image_name from property_images i1_0 where i1_0.property_id=?
Hibernate: select i1_0.property_id,i1_0.image_name from property_images i1_0 where i1_0.property_id=?
Hibernate: select v1_0.property_id,v1_0.video_name from property_videos v1_0 where v1_0.property_id=?
Hibernate: select v1_0.property_id,v1_0.video_name from property_videos v1_0 where v1_0.property_id=?
Hibernate: select a1_0.property_id,a1_0.amenity from property_amenities a1_0 where a1_0.property_id=?
Hibernate: select a1_0.property_id,a1_0.amenity from property_amenities a1_0 where a1_0.property_id=?
Hibernate: select i1_0.property_id,i1_0.image_name from property_images i1_0 where i1_0.property_id=?
Hibernate: select i1_0.property_id,i1_0.image_name from property_images i1_0 where i1_0.property_id=?
Hibernate: select v1_0.property_id,v1_0.video_name from property_videos v1_0 where v1_0.property_id=?
Hibernate: select v1_0.property_id,v1_0.video_name from property_videos v1_0 where v1_0.property_id=?
Hibernate: select a1_0.property_id,a1_0.amenity from property_amenities a1_0 where a1_0.property_id=?
Hibernate: select a1_0.property_id,a1_0.amenity from property_amenities a1_0 where a1_0.property_id=?
Hibernate: select i1_0.property_id,i1_0.image_name from property_images i1_0 where i1_0.property_id=?
Hibernate: select i1_0.property_id,i1_0.image_name from property_images i1_0 where i1_0.property_id=?
Hibernate: select v1_0.property_id,v1_0.video_name from property_videos v1_0 where v1_0.property_id=?
Hibernate: select v1_0.property_id,v1_0.video_name from property_videos v1_0 where v1_0.property_id=?
Hibernate: select a1_0.property_id,a1_0.amenity from property_amenities a1_0 where a1_0.property_id=?
Hibernate: select a1_0.property_id,a1_0.amenity from property_amenities a1_0 where a1_0.property_id=?
Hibernate: select i1_0.property_id,i1_0.image_name from property_images i1_0 where i1_0.property_id=?
Hibernate: select i1_0.property_id,i1_0.image_name from property_images i1_0 where i1_0.property_id=?
Hibernate: select v1_0.property_id,v1_0.video_name from property_videos v1_0 where v1_0.property_id=?
Hibernate: select v1_0.property_id,v1_0.video_name from property_videos v1_0 where v1_0.property_id=?
Hibernate: select a1_0.property_id,a1_0.amenity from property_amenities a1_0 where a1_0.property_id=?
Hibernate: select i1_0.property_id,i1_0.image_name from property_images i1_0 where i1_0.property_id=?
Hibernate: select a1_0.property_id,a1_0.amenity from property_amenities a1_0 where a1_0.property_id=?
Hibernate: select v1_0.property_id,v1_0.video_name from property_videos v1_0 where v1_0.property_id=?
Hibernate: select a1_0.property_id,a1_0.amenity from property_amenities a1_0 where a1_0.property_id=?
Hibernate: select i1_0.property_id,i1_0.image_name from property_images i1_0 where i1_0.property_id=?
Hibernate: select i1_0.property_id,i1_0.image_name from property_images i1_0 where i1_0.property_id=?
Hibernate: select v1_0.property_id,v1_0.video_name from property_videos v1_0 where v1_0.property_id=?
Hibernate: select v1_0.property_id,v1_0.video_name from property_videos v1_0 where v1_0.property_id=?
Hibernate: select a1_0.property_id,a1_0.amenity from property_amenities a1_0 where a1_0.property_id=?
Hibernate: select a1_0.property_id,a1_0.amenity from property_amenities a1_0 where a1_0.property_id=?
Hibernate: select i1_0.property_id,i1_0.image_name from property_images i1_0 where i1_0.property_id=?
Hibernate: select i1_0.property_id,i1_0.image_name from property_images i1_0 where i1_0.property_id=?
Hibernate: select v1_0.property_id,v1_0.video_name from property_videos v1_0 where v1_0.property_id=?
Hibernate: select v1_0.property_id,v1_0.video_name from property_videos v1_0 where v1_0.property_id=?
Hibernate: select a1_0.property_id,a1_0.amenity from property_amenities a1_0 where a1_0.property_id=?
Hibernate: select a1_0.property_id,a1_0.amenity from property_amenities a1_0 where a1_0.property_id=?
Hibernate: select i1_0.property_id,i1_0.image_name from property_images i1_0 where i1_0.property_id=?
Hibernate: select v1_0.property_id,v1_0.video_name from property_videos v1_0 where v1_0.property_id=?
Hibernate: select a1_0.property_id,a1_0.amenity from property_amenities a1_0 where a1_0.property_id=?
Hibernate: select i1_0.property_id,i1_0.image_name from property_images i1_0 where i1_0.property_id=?
Hibernate: select v1_0.property_id,v1_0.video_name from property_videos v1_0 where v1_0.property_id=?
Hibernate: select a1_0.property_id,a1_0.amenity from property_amenities a1_0 where a1_0.property_id=?
Hibernate: select i1_0.property_id,i1_0.image_name from property_images i1_0 where i1_0.property_id=?
Hibernate: select v1_0.property_id,v1_0.video_name from property_videos v1_0 where v1_0.property_id=?
Hibernate: select a1_0.property_id,a1_0.amenity from property_amenities a1_0 where a1_0.property_id=?
Hibernate: select i1_0.property_id,i1_0.image_name from property_images i1_0 where i1_0.property_id=?
Hibernate: select v1_0.property_id,v1_0.video_name from property_videos v1_0 where v1_0.property_id=?
Hibernate: select a1_0.property_id,a1_0.amenity from property_amenities a1_0 where a1_0.property_id=?
Hibernate: select i1_0.property_id,i1_0.image_name from property_images i1_0 where i1_0.property_id=?
Hibernate: select v1_0.property_id,v1_0.video_name from property_videos v1_0 where v1_0.property_id=?
Hibernate: select a1_0.property_id,a1_0.amenity from property_amenities a1_0 where a1_0.property_id=?
Hibernate: select i1_0.property_id,i1_0.image_name from property_images i1_0 where i1_0.property_id=?
Hibernate: select v1_0.property_id,v1_0.video_name from property_videos v1_0 where v1_0.property_id=?
Hibernate: select a1_0.property_id,a1_0.amenity from property_amenities a1_0 where a1_0.property_id=?
Hibernate: select u1_0.id,u1_0.bio,u1_0.blocked,u1_0.city,u1_0.email,u1_0.email_verified,u1_0.full_name,u1_0.mobile_number,u1_0.password,u1_0.profile_picture,u1_0.role,u1_0.state,u1_0.username,u1_0.verified from users u1_0 where u1_0.email=?
Hibernate: select u1_0.id,u1_0.bio,u1_0.blocked,u1_0.city,u1_0.email,u1_0.email_verified,u1_0.full_name,u1_0.mobile_number,u1_0.password,u1_0.profile_picture,u1_0.role,u1_0.state,u1_0.username,u1_0.verified from users u1_0 where u1_0.email=?
✅ SECURITY: Unread messages access verified for user 3
Hibernate: select c1_0.id,c1_0.is_read,c1_0.message,c1_0.property_id,c1_0.receiver_id,c1_0.sender_id,c1_0.timestamp from chat_messages c1_0 where c1_0.receiver_id=? and not(c1_0.is_read)
Hibernate: select u1_0.id,u1_0.bio,u1_0.blocked,u1_0.city,u1_0.email,u1_0.email_verified,u1_0.full_name,u1_0.mobile_number,u1_0.password,u1_0.profile_picture,u1_0.role,u1_0.state,u1_0.username,u1_0.verified from users u1_0 where u1_0.email=?
Hibernate: select u1_0.id,u1_0.bio,u1_0.blocked,u1_0.city,u1_0.email,u1_0.email_verified,u1_0.full_name,u1_0.mobile_number,u1_0.password,u1_0.profile_picture,u1_0.role,u1_0.state,u1_0.username,u1_0.verified from users u1_0 where u1_0.email=?
Hibernate: select u1_0.id,u1_0.bio,u1_0.blocked,u1_0.city,u1_0.email,u1_0.email_verified,u1_0.full_name,u1_0.mobile_number,u1_0.password,u1_0.profile_picture,u1_0.role,u1_0.state,u1_0.username,u1_0.verified from users u1_0 where u1_0.email=?
Hibernate: select p1_0.id,p1_0.address,p1_0.approved,p1_0.area,p1_0.balconies,p1_0.bathrooms,p1_0.bedrooms,p1_0.carpet_area,p1_0.category,p1_0.city,p1_0.contact_number,p1_0.created_at,p1_0.description,p1_0.featured,p1_0.floor_number,p1_0.latitude,p1_0.location,p1_0.longitude,p1_0.pincode,p1_0.price,p1_0.property_age,p1_0.property_status,p1_0.rejected,p1_0.seller_email,p1_0.seller_username,p1_0.state,p1_0.title,p1_0.total_floors,p1_0.type,p1_0.user_id,p1_0.user_type,p1_0.verified from properties p1_0 where p1_0.type=?
✅ SECURITY: Unread messages access verified for user 3
Hibernate: select u1_0.id,u1_0.bio,u1_0.blocked,u1_0.city,u1_0.email,u1_0.email_verified,u1_0.full_name,u1_0.mobile_number,u1_0.password,u1_0.profile_picture,u1_0.role,u1_0.state,u1_0.username,u1_0.verified from users u1_0 where u1_0.id=?
Hibernate: select c1_0.id,c1_0.is_read,c1_0.message,c1_0.property_id,c1_0.receiver_id,c1_0.sender_id,c1_0.timestamp from chat_messages c1_0 where c1_0.receiver_id=? and not(c1_0.is_read)
Hibernate: select i1_0.property_id,i1_0.image_name from property_images i1_0 where i1_0.property_id=?
Hibernate: select v1_0.property_id,v1_0.video_name from property_videos v1_0 where v1_0.property_id=?
Hibernate: select a1_0.property_id,a1_0.amenity from property_amenities a1_0 where a1_0.property_id=?
Hibernate: select i1_0.property_id,i1_0.image_name from property_images i1_0 where i1_0.property_id=?
Hibernate: select v1_0.property_id,v1_0.video_name from property_videos v1_0 where v1_0.property_id=?
Hibernate: select a1_0.property_id,a1_0.amenity from property_amenities a1_0 where a1_0.property_id=?
Hibernate: select i1_0.property_id,i1_0.image_name from property_images i1_0 where i1_0.property_id=?
Hibernate: select v1_0.property_id,v1_0.video_name from property_videos v1_0 where v1_0.property_id=?
Hibernate: select a1_0.property_id,a1_0.amenity from property_amenities a1_0 where a1_0.property_id=?
Hibernate: select i1_0.property_id,i1_0.image_name from property_images i1_0 where i1_0.property_id=?
Hibernate: select v1_0.property_id,v1_0.video_name from property_videos v1_0 where v1_0.property_id=?
Hibernate: select a1_0.property_id,a1_0.amenity from property_amenities a1_0 where a1_0.property_id=?
Hibernate: select i1_0.property_id,i1_0.image_name from property_images i1_0 where i1_0.property_id=?
Hibernate: select v1_0.property_id,v1_0.video_name from property_videos v1_0 where v1_0.property_id=?
Hibernate: select a1_0.property_id,a1_0.amenity from property_amenities a1_0 where a1_0.property_id=?
Hibernate: select i1_0.property_id,i1_0.image_name from property_images i1_0 where i1_0.property_id=?
Hibernate: select v1_0.property_id,v1_0.video_name from property_videos v1_0 where v1_0.property_id=?
Hibernate: select a1_0.property_id,a1_0.amenity from property_amenities a1_0 where a1_0.property_id=?
Hibernate: select i1_0.property_id,i1_0.image_name from property_images i1_0 where i1_0.property_id=?
Hibernate: select v1_0.property_id,v1_0.video_name from property_videos v1_0 where v1_0.property_id=?
Hibernate: select a1_0.property_id,a1_0.amenity from property_amenities a1_0 where a1_0.property_id=?
Hibernate: select i1_0.property_id,i1_0.image_name from property_images i1_0 where i1_0.property_id=?
Hibernate: select v1_0.property_id,v1_0.video_name from property_videos v1_0 where v1_0.property_id=?
Hibernate: select a1_0.property_id,a1_0.amenity from property_amenities a1_0 where a1_0.property_id=?
Hibernate: select i1_0.property_id,i1_0.image_name from property_images i1_0 where i1_0.property_id=?
Hibernate: select v1_0.property_id,v1_0.video_name from property_videos v1_0 where v1_0.property_id=?
Hibernate: select a1_0.property_id,a1_0.amenity from property_amenities a1_0 where a1_0.property_id=?
Hibernate: select i1_0.property_id,i1_0.image_name from property_images i1_0 where i1_0.property_id=?
Hibernate: select v1_0.property_id,v1_0.video_name from property_videos v1_0 where v1_0.property_id=?
Hibernate: select a1_0.property_id,a1_0.amenity from property_amenities a1_0 where a1_0.property_id=?
Hibernate: select i1_0.property_id,i1_0.image_name from property_images i1_0 where i1_0.property_id=?
Hibernate: select v1_0.property_id,v1_0.video_name from property_videos v1_0 where v1_0.property_id=?
Hibernate: select a1_0.property_id,a1_0.amenity from property_amenities a1_0 where a1_0.property_id=?
Hibernate: select i1_0.property_id,i1_0.image_name from property_images i1_0 where i1_0.property_id=?
Hibernate: select v1_0.property_id,v1_0.video_name from property_videos v1_0 where v1_0.property_id=?
Hibernate: select a1_0.property_id,a1_0.amenity from property_amenities a1_0 where a1_0.property_id=?
Hibernate: select i1_0.property_id,i1_0.image_name from property_images i1_0 where i1_0.property_id=?
Hibernate: select v1_0.property_id,v1_0.video_name from property_videos v1_0 where v1_0.property_id=?
Hibernate: select a1_0.property_id,a1_0.amenity from property_amenities a1_0 where a1_0.property_id=?
Hibernate: select i1_0.property_id,i1_0.image_name from property_images i1_0 where i1_0.property_id=?
Hibernate: select v1_0.property_id,v1_0.video_name from property_videos v1_0 where v1_0.property_id=?
Hibernate: select a1_0.property_id,a1_0.amenity from property_amenities a1_0 where a1_0.property_id=?
Hibernate: select i1_0.property_id,i1_0.image_name from property_images i1_0 where i1_0.property_id=?
Hibernate: select v1_0.property_id,v1_0.video_name from property_videos v1_0 where v1_0.property_id=?
Hibernate: select a1_0.property_id,a1_0.amenity from property_amenities a1_0 where a1_0.property_id=?
Hibernate: select i1_0.property_id,i1_0.image_name from property_images i1_0 where i1_0.property_id=?
Hibernate: select v1_0.property_id,v1_0.video_name from property_videos v1_0 where v1_0.property_id=?
Hibernate: select a1_0.property_id,a1_0.amenity from property_amenities a1_0 where a1_0.property_id=?
Hibernate: select i1_0.property_id,i1_0.image_name from property_images i1_0 where i1_0.property_id=?
Hibernate: select v1_0.property_id,v1_0.video_name from property_videos v1_0 where v1_0.property_id=?
Hibernate: select a1_0.property_id,a1_0.amenity from property_amenities a1_0 where a1_0.property_id=?
Hibernate: select i1_0.property_id,i1_0.image_name from property_images i1_0 where i1_0.property_id=?
Hibernate: select v1_0.property_id,v1_0.video_name from property_videos v1_0 where v1_0.property_id=?
Hibernate: select a1_0.property_id,a1_0.amenity from property_amenities a1_0 where a1_0.property_id=?
Hibernate: select i1_0.property_id,i1_0.image_name from property_images i1_0 where i1_0.property_id=?
Hibernate: select v1_0.property_id,v1_0.video_name from property_videos v1_0 where v1_0.property_id=?
Hibernate: select a1_0.property_id,a1_0.amenity from property_amenities a1_0 where a1_0.property_id=?
Hibernate: select i1_0.property_id,i1_0.image_name from property_images i1_0 where i1_0.property_id=?
Hibernate: select v1_0.property_id,v1_0.video_name from property_videos v1_0 where v1_0.property_id=?
Hibernate: select a1_0.property_id,a1_0.amenity from property_amenities a1_0 where a1_0.property_id=?
Hibernate: select i1_0.property_id,i1_0.image_name from property_images i1_0 where i1_0.property_id=?
Hibernate: select v1_0.property_id,v1_0.video_name from property_videos v1_0 where v1_0.property_id=?
Hibernate: select a1_0.property_id,a1_0.amenity from property_amenities a1_0 where a1_0.property_id=?
Hibernate: select i1_0.property_id,i1_0.image_name from property_images i1_0 where i1_0.property_id=?
Hibernate: select v1_0.property_id,v1_0.video_name from property_videos v1_0 where v1_0.property_id=?
Hibernate: select a1_0.property_id,a1_0.amenity from property_amenities a1_0 where a1_0.property_id=?
Hibernate: select i1_0.property_id,i1_0.image_name from property_images i1_0 where i1_0.property_id=?
Hibernate: select v1_0.property_id,v1_0.video_name from property_videos v1_0 where v1_0.property_id=?
Hibernate: select a1_0.property_id,a1_0.amenity from property_amenities a1_0 where a1_0.property_id=?
Hibernate: select i1_0.property_id,i1_0.image_name from property_images i1_0 where i1_0.property_id=?
Hibernate: select v1_0.property_id,v1_0.video_name from property_videos v1_0 where v1_0.property_id=?
Hibernate: select a1_0.property_id,a1_0.amenity from property_amenities a1_0 where a1_0.property_id=?
Hibernate: select i1_0.property_id,i1_0.image_name from property_images i1_0 where i1_0.property_id=?
Hibernate: select v1_0.property_id,v1_0.video_name from property_videos v1_0 where v1_0.property_id=?
Hibernate: select a1_0.property_id,a1_0.amenity from property_amenities a1_0 where a1_0.property_id=?
Hibernate: select i1_0.property_id,i1_0.image_name from property_images i1_0 where i1_0.property_id=?
Hibernate: select v1_0.property_id,v1_0.video_name from property_videos v1_0 where v1_0.property_id=?
Hibernate: select a1_0.property_id,a1_0.amenity from property_amenities a1_0 where a1_0.property_id=?
Hibernate: select i1_0.property_id,i1_0.image_name from property_images i1_0 where i1_0.property_id=?
Hibernate: select v1_0.property_id,v1_0.video_name from property_videos v1_0 where v1_0.property_id=?
Hibernate: select a1_0.property_id,a1_0.amenity from property_amenities a1_0 where a1_0.property_id=?
Hibernate: select i1_0.property_id,i1_0.image_name from property_images i1_0 where i1_0.property_id=?
Hibernate: select v1_0.property_id,v1_0.video_name from property_videos v1_0 where v1_0.property_id=?
Hibernate: select u1_0.id,u1_0.bio,u1_0.blocked,u1_0.city,u1_0.email,u1_0.email_verified,u1_0.full_name,u1_0.mobile_number,u1_0.password,u1_0.profile_picture,u1_0.role,u1_0.state,u1_0.username,u1_0.verified from users u1_0 where u1_0.email=?
Hibernate: select a1_0.property_id,a1_0.amenity from property_amenities a1_0 where a1_0.property_id=?
Hibernate: select i1_0.property_id,i1_0.image_name from property_images i1_0 where i1_0.property_id=?
Hibernate: select v1_0.property_id,v1_0.video_name from property_videos v1_0 where v1_0.property_id=?
Hibernate: select a1_0.property_id,a1_0.amenity from property_amenities a1_0 where a1_0.property_id=?
Hibernate: select i1_0.property_id,i1_0.image_name from property_images i1_0 where i1_0.property_id=?
Hibernate: select v1_0.property_id,v1_0.video_name from property_videos v1_0 where v1_0.property_id=?
Hibernate: select a1_0.property_id,a1_0.amenity from property_amenities a1_0 where a1_0.property_id=?
Hibernate: select i1_0.property_id,i1_0.image_name from property_images i1_0 where i1_0.property_id=?
Hibernate: select v1_0.property_id,v1_0.video_name from property_videos v1_0 where v1_0.property_id=?
Hibernate: select a1_0.property_id,a1_0.amenity from property_amenities a1_0 where a1_0.property_id=?
Hibernate: select i1_0.property_id,i1_0.image_name from property_images i1_0 where i1_0.property_id=?
Hibernate: select v1_0.property_id,v1_0.video_name from property_videos v1_0 where v1_0.property_id=?
Hibernate: select a1_0.property_id,a1_0.amenity from property_amenities a1_0 where a1_0.property_id=?
Hibernate: select i1_0.property_id,i1_0.image_name from property_images i1_0 where i1_0.property_id=?
Hibernate: select v1_0.property_id,v1_0.video_name from property_videos v1_0 where v1_0.property_id=?
Hibernate: select a1_0.property_id,a1_0.amenity from property_amenities a1_0 where a1_0.property_id=?
Hibernate: select p1_0.id,p1_0.address,p1_0.approved,p1_0.area,p1_0.balconies,p1_0.bathrooms,p1_0.bedrooms,p1_0.carpet_area,p1_0.category,p1_0.city,p1_0.contact_number,p1_0.created_at,p1_0.description,p1_0.featured,p1_0.floor_number,p1_0.latitude,p1_0.location,p1_0.longitude,p1_0.pincode,p1_0.price,p1_0.property_age,p1_0.property_status,p1_0.rejected,p1_0.seller_email,p1_0.seller_username,p1_0.state,p1_0.title,p1_0.total_floors,p1_0.type,p1_0.user_id,p1_0.user_type,p1_0.verified from properties p1_0 where p1_0.type=?
Hibernate: select i1_0.property_id,i1_0.image_name from property_images i1_0 where i1_0.property_id=?
Hibernate: select v1_0.property_id,v1_0.video_name from property_videos v1_0 where v1_0.property_id=?
Hibernate: select a1_0.property_id,a1_0.amenity from property_amenities a1_0 where a1_0.property_id=?
Hibernate: select i1_0.property_id,i1_0.image_name from property_images i1_0 where i1_0.property_id=?
Hibernate: select u1_0.id,u1_0.bio,u1_0.blocked,u1_0.city,u1_0.email,u1_0.email_verified,u1_0.full_name,u1_0.mobile_number,u1_0.password,u1_0.profile_picture,u1_0.role,u1_0.state,u1_0.username,u1_0.verified from users u1_0 where u1_0.id=?
Hibernate: select v1_0.property_id,v1_0.video_name from property_videos v1_0 where v1_0.property_id=?
Hibernate: select a1_0.property_id,a1_0.amenity from property_amenities a1_0 where a1_0.property_id=?
Hibernate: select i1_0.property_id,i1_0.image_name from property_images i1_0 where i1_0.property_id=?
Hibernate: select v1_0.property_id,v1_0.video_name from property_videos v1_0 where v1_0.property_id=?
Hibernate: select a1_0.property_id,a1_0.amenity from property_amenities a1_0 where a1_0.property_id=?
Hibernate: select i1_0.property_id,i1_0.image_name from property_images i1_0 where i1_0.property_id=?
Hibernate: select v1_0.property_id,v1_0.video_name from property_videos v1_0 where v1_0.property_id=?
Hibernate: select a1_0.property_id,a1_0.amenity from property_amenities a1_0 where a1_0.property_id=?
Hibernate: select i1_0.property_id,i1_0.image_name from property_images i1_0 where i1_0.property_id=?
Hibernate: select v1_0.property_id,v1_0.video_name from property_videos v1_0 where v1_0.property_id=?
Hibernate: select a1_0.property_id,a1_0.amenity from property_amenities a1_0 where a1_0.property_id=?
Hibernate: select i1_0.property_id,i1_0.image_name from property_images i1_0 where i1_0.property_id=?
Hibernate: select v1_0.property_id,v1_0.video_name from property_videos v1_0 where v1_0.property_id=?
Hibernate: select a1_0.property_id,a1_0.amenity from property_amenities a1_0 where a1_0.property_id=?
Hibernate: select i1_0.property_id,i1_0.image_name from property_images i1_0 where i1_0.property_id=?
Hibernate: select v1_0.property_id,v1_0.video_name from property_videos v1_0 where v1_0.property_id=?
Hibernate: select a1_0.property_id,a1_0.amenity from property_amenities a1_0 where a1_0.property_id=?
Hibernate: select i1_0.property_id,i1_0.image_name from property_images i1_0 where i1_0.property_id=?
Hibernate: select v1_0.property_id,v1_0.video_name from property_videos v1_0 where v1_0.property_id=?
Hibernate: select a1_0.property_id,a1_0.amenity from property_amenities a1_0 where a1_0.property_id=?
Hibernate: select i1_0.property_id,i1_0.image_name from property_images i1_0 where i1_0.property_id=?
Hibernate: select v1_0.property_id,v1_0.video_name from property_videos v1_0 where v1_0.property_id=?
Hibernate: select a1_0.property_id,a1_0.amenity from property_amenities a1_0 where a1_0.property_id=?
Hibernate: select i1_0.property_id,i1_0.image_name from property_images i1_0 where i1_0.property_id=?
Hibernate: select v1_0.property_id,v1_0.video_name from property_videos v1_0 where v1_0.property_id=?
Hibernate: select a1_0.property_id,a1_0.amenity from property_amenities a1_0 where a1_0.property_id=?
Hibernate: select i1_0.property_id,i1_0.image_name from property_images i1_0 where i1_0.property_id=?
Hibernate: select v1_0.property_id,v1_0.video_name from property_videos v1_0 where v1_0.property_id=?
Hibernate: select a1_0.property_id,a1_0.amenity from property_amenities a1_0 where a1_0.property_id=?
Hibernate: select i1_0.property_id,i1_0.image_name from property_images i1_0 where i1_0.property_id=?
Hibernate: select v1_0.property_id,v1_0.video_name from property_videos v1_0 where v1_0.property_id=?
Hibernate: select a1_0.property_id,a1_0.amenity from property_amenities a1_0 where a1_0.property_id=?
Hibernate: select i1_0.property_id,i1_0.image_name from property_images i1_0 where i1_0.property_id=?
Hibernate: select v1_0.property_id,v1_0.video_name from property_videos v1_0 where v1_0.property_id=?
Hibernate: select a1_0.property_id,a1_0.amenity from property_amenities a1_0 where a1_0.property_id=?
Hibernate: select i1_0.property_id,i1_0.image_name from property_images i1_0 where i1_0.property_id=?
Hibernate: select v1_0.property_id,v1_0.video_name from property_videos v1_0 where v1_0.property_id=?
Hibernate: select a1_0.property_id,a1_0.amenity from property_amenities a1_0 where a1_0.property_id=?
Hibernate: select i1_0.property_id,i1_0.image_name from property_images i1_0 where i1_0.property_id=?
Hibernate: select v1_0.property_id,v1_0.video_name from property_videos v1_0 where v1_0.property_id=?
Hibernate: select a1_0.property_id,a1_0.amenity from property_amenities a1_0 where a1_0.property_id=?
Hibernate: select i1_0.property_id,i1_0.image_name from property_images i1_0 where i1_0.property_id=?
Hibernate: select v1_0.property_id,v1_0.video_name from property_videos v1_0 where v1_0.property_id=?
Hibernate: select a1_0.property_id,a1_0.amenity from property_amenities a1_0 where a1_0.property_id=?
Hibernate: select i1_0.property_id,i1_0.image_name from property_images i1_0 where i1_0.property_id=?
Hibernate: select v1_0.property_id,v1_0.video_name from property_videos v1_0 where v1_0.property_id=?
Hibernate: select a1_0.property_id,a1_0.amenity from property_amenities a1_0 where a1_0.property_id=?
Hibernate: select i1_0.property_id,i1_0.image_name from property_images i1_0 where i1_0.property_id=?
Hibernate: select v1_0.property_id,v1_0.video_name from property_videos v1_0 where v1_0.property_id=?
Hibernate: select a1_0.property_id,a1_0.amenity from property_amenities a1_0 where a1_0.property_id=?
Hibernate: select i1_0.property_id,i1_0.image_name from property_images i1_0 where i1_0.property_id=?
Hibernate: select v1_0.property_id,v1_0.video_name from property_videos v1_0 where v1_0.property_id=?
Hibernate: select a1_0.property_id,a1_0.amenity from property_amenities a1_0 where a1_0.property_id=?
Hibernate: select i1_0.property_id,i1_0.image_name from property_images i1_0 where i1_0.property_id=?
Hibernate: select v1_0.property_id,v1_0.video_name from property_videos v1_0 where v1_0.property_id=?
Hibernate: select a1_0.property_id,a1_0.amenity from property_amenities a1_0 where a1_0.property_id=?
Hibernate: select i1_0.property_id,i1_0.image_name from property_images i1_0 where i1_0.property_id=?
Hibernate: select v1_0.property_id,v1_0.video_name from property_videos v1_0 where v1_0.property_id=?
Hibernate: select a1_0.property_id,a1_0.amenity from property_amenities a1_0 where a1_0.property_id=?
Hibernate: select i1_0.property_id,i1_0.image_name from property_images i1_0 where i1_0.property_id=?
Hibernate: select v1_0.property_id,v1_0.video_name from property_videos v1_0 where v1_0.property_id=?
Hibernate: select a1_0.property_id,a1_0.amenity from property_amenities a1_0 where a1_0.property_id=?
Hibernate: select i1_0.property_id,i1_0.image_name from property_images i1_0 where i1_0.property_id=?
Hibernate: select v1_0.property_id,v1_0.video_name from property_videos v1_0 where v1_0.property_id=?
2026-03-02T12:12:30.809+05:30  INFO 42475 --- [nio-8080-exec-9] c.r.o.controller.PropertyController      : Serving image file: 1772371800370_1.avif from /Users/ompatel/sdp/Online-RealEstate-System/Online-Real-Estate-System-main/uploads/1772371800370_1.avif
Hibernate: select a1_0.property_id,a1_0.amenity from property_amenities a1_0 where a1_0.property_id=?
Hibernate: select i1_0.property_id,i1_0.image_name from property_images i1_0 where i1_0.property_id=?
Hibernate: select v1_0.property_id,v1_0.video_name from property_videos v1_0 where v1_0.property_id=?
Hibernate: select a1_0.property_id,a1_0.amenity from property_amenities a1_0 where a1_0.property_id=?
Hibernate: select i1_0.property_id,i1_0.image_name from property_images i1_0 where i1_0.property_id=?
Hibernate: select v1_0.property_id,v1_0.video_name from property_videos v1_0 where v1_0.property_id=?
Hibernate: select a1_0.property_id,a1_0.amenity from property_amenities a1_0 where a1_0.property_id=?
Hibernate: select i1_0.property_id,i1_0.image_name from property_images i1_0 where i1_0.property_id=?
Hibernate: select v1_0.property_id,v1_0.video_name from property_videos v1_0 where v1_0.property_id=?
Hibernate: select a1_0.property_id,a1_0.amenity from property_amenities a1_0 where a1_0.property_id=?
Hibernate: select i1_0.property_id,i1_0.image_name from property_images i1_0 where i1_0.property_id=?
Hibernate: select v1_0.property_id,v1_0.video_name from property_videos v1_0 where v1_0.property_id=?
Hibernate: select a1_0.property_id,a1_0.amenity from property_amenities a1_0 where a1_0.property_id=?
Hibernate: select i1_0.property_id,i1_0.image_name from property_images i1_0 where i1_0.property_id=?
Hibernate: select v1_0.property_id,v1_0.video_name from property_videos v1_0 where v1_0.property_id=?
Hibernate: select a1_0.property_id,a1_0.amenity from property_amenities a1_0 where a1_0.property_id=?
Hibernate: select i1_0.property_id,i1_0.image_name from property_images i1_0 where i1_0.property_id=?
Hibernate: select v1_0.property_id,v1_0.video_name from property_videos v1_0 where v1_0.property_id=?
Hibernate: select a1_0.property_id,a1_0.amenity from property_amenities a1_0 where a1_0.property_id=?
Hibernate: select i1_0.property_id,i1_0.image_name from property_images i1_0 where i1_0.property_id=?
Hibernate: select v1_0.property_id,v1_0.video_name from property_videos v1_0 where v1_0.property_id=?
Hibernate: select a1_0.property_id,a1_0.amenity from property_amenities a1_0 where a1_0.property_id=?
Hibernate: select i1_0.property_id,i1_0.image_name from property_images i1_0 where i1_0.property_id=?
Hibernate: select v1_0.property_id,v1_0.video_name from property_videos v1_0 where v1_0.property_id=?
Hibernate: select a1_0.property_id,a1_0.amenity from property_amenities a1_0 where a1_0.property_id=?
Hibernate: select i1_0.property_id,i1_0.image_name from property_images i1_0 where i1_0.property_id=?
Hibernate: select v1_0.property_id,v1_0.video_name from property_videos v1_0 where v1_0.property_id=?
Hibernate: select a1_0.property_id,a1_0.amenity from property_amenities a1_0 where a1_0.property_id=?
Hibernate: select i1_0.property_id,i1_0.image_name from property_images i1_0 where i1_0.property_id=?
Hibernate: select v1_0.property_id,v1_0.video_name from property_videos v1_0 where v1_0.property_id=?
Hibernate: select a1_0.property_id,a1_0.amenity from property_amenities a1_0 where a1_0.property_id=?
Hibernate: select i1_0.property_id,i1_0.image_name from property_images i1_0 where i1_0.property_id=?
Hibernate: select v1_0.property_id,v1_0.video_name from property_videos v1_0 where v1_0.property_id=?
Hibernate: select a1_0.property_id,a1_0.amenity from property_amenities a1_0 where a1_0.property_id=?
Hibernate: select i1_0.property_id,i1_0.image_name from property_images i1_0 where i1_0.property_id=?
Hibernate: select v1_0.property_id,v1_0.video_name from property_videos v1_0 where v1_0.property_id=?
Hibernate: select a1_0.property_id,a1_0.amenity from property_amenities a1_0 where a1_0.property_id=?
Hibernate: select i1_0.property_id,i1_0.image_name from property_images i1_0 where i1_0.property_id=?
Hibernate: select v1_0.property_id,v1_0.video_name from property_videos v1_0 where v1_0.property_id=?
Hibernate: select a1_0.property_id,a1_0.amenity from property_amenities a1_0 where a1_0.property_id=?
Hibernate: select i1_0.property_id,i1_0.image_name from property_images i1_0 where i1_0.property_id=?
Hibernate: select v1_0.property_id,v1_0.video_name from property_videos v1_0 where v1_0.property_id=?
Hibernate: select a1_0.property_id,a1_0.amenity from property_amenities a1_0 where a1_0.property_id=?
Hibernate: select u1_0.id,u1_0.bio,u1_0.blocked,u1_0.city,u1_0.email,u1_0.email_verified,u1_0.full_name,u1_0.mobile_number,u1_0.password,u1_0.profile_picture,u1_0.role,u1_0.state,u1_0.username,u1_0.verified from users u1_0 where u1_0.email=?
Hibernate: select p1_0.id,p1_0.address,p1_0.approved,p1_0.area,p1_0.balconies,p1_0.bathrooms,p1_0.bedrooms,p1_0.carpet_area,p1_0.category,p1_0.city,p1_0.contact_number,p1_0.created_at,p1_0.description,p1_0.featured,p1_0.floor_number,p1_0.latitude,p1_0.location,p1_0.longitude,p1_0.pincode,p1_0.price,p1_0.property_age,p1_0.property_status,p1_0.rejected,p1_0.seller_email,p1_0.seller_username,p1_0.state,p1_0.title,p1_0.total_floors,p1_0.type,p1_0.user_id,p1_0.user_type,p1_0.verified from properties p1_0 where p1_0.type=?
Hibernate: select u1_0.id,u1_0.bio,u1_0.blocked,u1_0.city,u1_0.email,u1_0.email_verified,u1_0.full_name,u1_0.mobile_number,u1_0.password,u1_0.profile_picture,u1_0.role,u1_0.state,u1_0.username,u1_0.verified from users u1_0 where u1_0.id=?
Hibernate: select i1_0.property_id,i1_0.image_name from property_images i1_0 where i1_0.property_id=?
Hibernate: select v1_0.property_id,v1_0.video_name from property_videos v1_0 where v1_0.property_id=?
Hibernate: select a1_0.property_id,a1_0.amenity from property_amenities a1_0 where a1_0.property_id=?
Hibernate: select i1_0.property_id,i1_0.image_name from property_images i1_0 where i1_0.property_id=?
Hibernate: select v1_0.property_id,v1_0.video_name from property_videos v1_0 where v1_0.property_id=?
Hibernate: select a1_0.property_id,a1_0.amenity from property_amenities a1_0 where a1_0.property_id=?
Hibernate: select i1_0.property_id,i1_0.image_name from property_images i1_0 where i1_0.property_id=?
Hibernate: select v1_0.property_id,v1_0.video_name from property_videos v1_0 where v1_0.property_id=?
Hibernate: select a1_0.property_id,a1_0.amenity from property_amenities a1_0 where a1_0.property_id=?
Hibernate: select i1_0.property_id,i1_0.image_name from property_images i1_0 where i1_0.property_id=?
Hibernate: select v1_0.property_id,v1_0.video_name from property_videos v1_0 where v1_0.property_id=?
Hibernate: select a1_0.property_id,a1_0.amenity from property_amenities a1_0 where a1_0.property_id=?
Hibernate: select i1_0.property_id,i1_0.image_name from property_images i1_0 where i1_0.property_id=?
Hibernate: select v1_0.property_id,v1_0.video_name from property_videos v1_0 where v1_0.property_id=?
Hibernate: select a1_0.property_id,a1_0.amenity from property_amenities a1_0 where a1_0.property_id=?
Hibernate: select i1_0.property_id,i1_0.image_name from property_images i1_0 where i1_0.property_id=?
Hibernate: select v1_0.property_id,v1_0.video_name from property_videos v1_0 where v1_0.property_id=?
Hibernate: select a1_0.property_id,a1_0.amenity from property_amenities a1_0 where a1_0.property_id=?
Hibernate: select i1_0.property_id,i1_0.image_name from property_images i1_0 where i1_0.property_id=?
Hibernate: select u1_0.id,u1_0.bio,u1_0.blocked,u1_0.city,u1_0.email,u1_0.email_verified,u1_0.full_name,u1_0.mobile_number,u1_0.password,u1_0.profile_picture,u1_0.role,u1_0.state,u1_0.username,u1_0.verified from users u1_0 where u1_0.email=?
Hibernate: select v1_0.property_id,v1_0.video_name from property_videos v1_0 where v1_0.property_id=?
Hibernate: select a1_0.property_id,a1_0.amenity from property_amenities a1_0 where a1_0.property_id=?
Hibernate: select i1_0.property_id,i1_0.image_name from property_images i1_0 where i1_0.property_id=?
Hibernate: select v1_0.property_id,v1_0.video_name from property_videos v1_0 where v1_0.property_id=?
Hibernate: select a1_0.property_id,a1_0.amenity from property_amenities a1_0 where a1_0.property_id=?
Hibernate: select i1_0.property_id,i1_0.image_name from property_images i1_0 where i1_0.property_id=?
Hibernate: select v1_0.property_id,v1_0.video_name from property_videos v1_0 where v1_0.property_id=?
Hibernate: select a1_0.property_id,a1_0.amenity from property_amenities a1_0 where a1_0.property_id=?
Hibernate: select i1_0.property_id,i1_0.image_name from property_images i1_0 where i1_0.property_id=?
Hibernate: select v1_0.property_id,v1_0.video_name from property_videos v1_0 where v1_0.property_id=?
Hibernate: select a1_0.property_id,a1_0.amenity from property_amenities a1_0 where a1_0.property_id=?
Hibernate: select i1_0.property_id,i1_0.image_name from property_images i1_0 where i1_0.property_id=?
Hibernate: select v1_0.property_id,v1_0.video_name from property_videos v1_0 where v1_0.property_id=?
Hibernate: select a1_0.property_id,a1_0.amenity from property_amenities a1_0 where a1_0.property_id=?
Hibernate: select i1_0.property_id,i1_0.image_name from property_images i1_0 where i1_0.property_id=?
Hibernate: select v1_0.property_id,v1_0.video_name from property_videos v1_0 where v1_0.property_id=?
Hibernate: select a1_0.property_id,a1_0.amenity from property_amenities a1_0 where a1_0.property_id=?
Hibernate: select i1_0.property_id,i1_0.image_name from property_images i1_0 where i1_0.property_id=?
Hibernate: select v1_0.property_id,v1_0.video_name from property_videos v1_0 where v1_0.property_id=?
Hibernate: select p1_0.id,p1_0.address,p1_0.approved,p1_0.area,p1_0.balconies,p1_0.bathrooms,p1_0.bedrooms,p1_0.carpet_area,p1_0.category,p1_0.city,p1_0.contact_number,p1_0.created_at,p1_0.description,p1_0.featured,p1_0.floor_number,p1_0.latitude,p1_0.location,p1_0.longitude,p1_0.pincode,p1_0.price,p1_0.property_age,p1_0.property_status,p1_0.rejected,p1_0.seller_email,p1_0.seller_username,p1_0.state,p1_0.title,p1_0.total_floors,p1_0.type,p1_0.user_id,p1_0.user_type,p1_0.verified from properties p1_0 where p1_0.type=?
Hibernate: select a1_0.property_id,a1_0.amenity from property_amenities a1_0 where a1_0.property_id=?
Hibernate: select i1_0.property_id,i1_0.image_name from property_images i1_0 where i1_0.property_id=?
Hibernate: select v1_0.property_id,v1_0.video_name from property_videos v1_0 where v1_0.property_id=?
Hibernate: select a1_0.property_id,a1_0.amenity from property_amenities a1_0 where a1_0.property_id=?
Hibernate: select u1_0.id,u1_0.bio,u1_0.blocked,u1_0.city,u1_0.email,u1_0.email_verified,u1_0.full_name,u1_0.mobile_number,u1_0.password,u1_0.profile_picture,u1_0.role,u1_0.state,u1_0.username,u1_0.verified from users u1_0 where u1_0.id=?
Hibernate: select i1_0.property_id,i1_0.image_name from property_images i1_0 where i1_0.property_id=?
Hibernate: select v1_0.property_id,v1_0.video_name from property_videos v1_0 where v1_0.property_id=?
Hibernate: select a1_0.property_id,a1_0.amenity from property_amenities a1_0 where a1_0.property_id=?
Hibernate: select i1_0.property_id,i1_0.image_name from property_images i1_0 where i1_0.property_id=?
Hibernate: select v1_0.property_id,v1_0.video_name from property_videos v1_0 where v1_0.property_id=?
Hibernate: select a1_0.property_id,a1_0.amenity from property_amenities a1_0 where a1_0.property_id=?
Hibernate: select i1_0.property_id,i1_0.image_name from property_images i1_0 where i1_0.property_id=?
Hibernate: select v1_0.property_id,v1_0.video_name from property_videos v1_0 where v1_0.property_id=?
Hibernate: select a1_0.property_id,a1_0.amenity from property_amenities a1_0 where a1_0.property_id=?
Hibernate: select i1_0.property_id,i1_0.image_name from property_images i1_0 where i1_0.property_id=?
Hibernate: select v1_0.property_id,v1_0.video_name from property_videos v1_0 where v1_0.property_id=?
Hibernate: select i1_0.property_id,i1_0.image_name from property_images i1_0 where i1_0.property_id=?
Hibernate: select a1_0.property_id,a1_0.amenity from property_amenities a1_0 where a1_0.property_id=?
Hibernate: select v1_0.property_id,v1_0.video_name from property_videos v1_0 where v1_0.property_id=?
Hibernate: select i1_0.property_id,i1_0.image_name from property_images i1_0 where i1_0.property_id=?
Hibernate: select a1_0.property_id,a1_0.amenity from property_amenities a1_0 where a1_0.property_id=?
Hibernate: select v1_0.property_id,v1_0.video_name from property_videos v1_0 where v1_0.property_id=?
Hibernate: select i1_0.property_id,i1_0.image_name from property_images i1_0 where i1_0.property_id=?
Hibernate: select a1_0.property_id,a1_0.amenity from property_amenities a1_0 where a1_0.property_id=?
Hibernate: select v1_0.property_id,v1_0.video_name from property_videos v1_0 where v1_0.property_id=?
Hibernate: select i1_0.property_id,i1_0.image_name from property_images i1_0 where i1_0.property_id=?
Hibernate: select a1_0.property_id,a1_0.amenity from property_amenities a1_0 where a1_0.property_id=?
Hibernate: select v1_0.property_id,v1_0.video_name from property_videos v1_0 where v1_0.property_id=?
Hibernate: select a1_0.property_id,a1_0.amenity from property_amenities a1_0 where a1_0.property_id=?
Hibernate: select i1_0.property_id,i1_0.image_name from property_images i1_0 where i1_0.property_id=?
Hibernate: select v1_0.property_id,v1_0.video_name from property_videos v1_0 where v1_0.property_id=?
Hibernate: select i1_0.property_id,i1_0.image_name from property_images i1_0 where i1_0.property_id=?
Hibernate: select v1_0.property_id,v1_0.video_name from property_videos v1_0 where v1_0.property_id=?
Hibernate: select a1_0.property_id,a1_0.amenity from property_amenities a1_0 where a1_0.property_id=?
Hibernate: select a1_0.property_id,a1_0.amenity from property_amenities a1_0 where a1_0.property_id=?
Hibernate: select i1_0.property_id,i1_0.image_name from property_images i1_0 where i1_0.property_id=?
Hibernate: select i1_0.property_id,i1_0.image_name from property_images i1_0 where i1_0.property_id=?
Hibernate: select v1_0.property_id,v1_0.video_name from property_videos v1_0 where v1_0.property_id=?
Hibernate: select v1_0.property_id,v1_0.video_name from property_videos v1_0 where v1_0.property_id=?
Hibernate: select a1_0.property_id,a1_0.amenity from property_amenities a1_0 where a1_0.property_id=?
Hibernate: select a1_0.property_id,a1_0.amenity from property_amenities a1_0 where a1_0.property_id=?
Hibernate: select i1_0.property_id,i1_0.image_name from property_images i1_0 where i1_0.property_id=?
Hibernate: select v1_0.property_id,v1_0.video_name from property_videos v1_0 where v1_0.property_id=?
Hibernate: select a1_0.property_id,a1_0.amenity from property_amenities a1_0 where a1_0.property_id=?
Hibernate: select i1_0.property_id,i1_0.image_name from property_images i1_0 where i1_0.property_id=?
Hibernate: select i1_0.property_id,i1_0.image_name from property_images i1_0 where i1_0.property_id=?
Hibernate: select v1_0.property_id,v1_0.video_name from property_videos v1_0 where v1_0.property_id=?
Hibernate: select a1_0.property_id,a1_0.amenity from property_amenities a1_0 where a1_0.property_id=?
Hibernate: select v1_0.property_id,v1_0.video_name from property_videos v1_0 where v1_0.property_id=?
Hibernate: select a1_0.property_id,a1_0.amenity from property_amenities a1_0 where a1_0.property_id=?
Hibernate: select i1_0.property_id,i1_0.image_name from property_images i1_0 where i1_0.property_id=?
Hibernate: select i1_0.property_id,i1_0.image_name from property_images i1_0 where i1_0.property_id=?
Hibernate: select v1_0.property_id,v1_0.video_name from property_videos v1_0 where v1_0.property_id=?
Hibernate: select v1_0.property_id,v1_0.video_name from property_videos v1_0 where v1_0.property_id=?
Hibernate: select a1_0.property_id,a1_0.amenity from property_amenities a1_0 where a1_0.property_id=?
Hibernate: select a1_0.property_id,a1_0.amenity from property_amenities a1_0 where a1_0.property_id=?
Hibernate: select i1_0.property_id,i1_0.image_name from property_images i1_0 where i1_0.property_id=?
Hibernate: select i1_0.property_id,i1_0.image_name from property_images i1_0 where i1_0.property_id=?
Hibernate: select v1_0.property_id,v1_0.video_name from property_videos v1_0 where v1_0.property_id=?
Hibernate: select v1_0.property_id,v1_0.video_name from property_videos v1_0 where v1_0.property_id=?
Hibernate: select a1_0.property_id,a1_0.amenity from property_amenities a1_0 where a1_0.property_id=?
Hibernate: select a1_0.property_id,a1_0.amenity from property_amenities a1_0 where a1_0.property_id=?
Hibernate: select i1_0.property_id,i1_0.image_name from property_images i1_0 where i1_0.property_id=?
Hibernate: select i1_0.property_id,i1_0.image_name from property_images i1_0 where i1_0.property_id=?
Hibernate: select v1_0.property_id,v1_0.video_name from property_videos v1_0 where v1_0.property_id=?
Hibernate: select v1_0.property_id,v1_0.video_name from property_videos v1_0 where v1_0.property_id=?
Hibernate: select a1_0.property_id,a1_0.amenity from property_amenities a1_0 where a1_0.property_id=?
Hibernate: select a1_0.property_id,a1_0.amenity from property_amenities a1_0 where a1_0.property_id=?
Hibernate: select i1_0.property_id,i1_0.image_name from property_images i1_0 where i1_0.property_id=?
Hibernate: select i1_0.property_id,i1_0.image_name from property_images i1_0 where i1_0.property_id=?
Hibernate: select v1_0.property_id,v1_0.video_name from property_videos v1_0 where v1_0.property_id=?
Hibernate: select v1_0.property_id,v1_0.video_name from property_videos v1_0 where v1_0.property_id=?
Hibernate: select a1_0.property_id,a1_0.amenity from property_amenities a1_0 where a1_0.property_id=?
Hibernate: select a1_0.property_id,a1_0.amenity from property_amenities a1_0 where a1_0.property_id=?
Hibernate: select i1_0.property_id,i1_0.image_name from property_images i1_0 where i1_0.property_id=?
Hibernate: select i1_0.property_id,i1_0.image_name from property_images i1_0 where i1_0.property_id=?
Hibernate: select v1_0.property_id,v1_0.video_name from property_videos v1_0 where v1_0.property_id=?
Hibernate: select v1_0.property_id,v1_0.video_name from property_videos v1_0 where v1_0.property_id=?
Hibernate: select a1_0.property_id,a1_0.amenity from property_amenities a1_0 where a1_0.property_id=?
Hibernate: select a1_0.property_id,a1_0.amenity from property_amenities a1_0 where a1_0.property_id=?
Hibernate: select i1_0.property_id,i1_0.image_name from property_images i1_0 where i1_0.property_id=?
Hibernate: select i1_0.property_id,i1_0.image_name from property_images i1_0 where i1_0.property_id=?
Hibernate: select v1_0.property_id,v1_0.video_name from property_videos v1_0 where v1_0.property_id=?
Hibernate: select v1_0.property_id,v1_0.video_name from property_videos v1_0 where v1_0.property_id=?
Hibernate: select a1_0.property_id,a1_0.amenity from property_amenities a1_0 where a1_0.property_id=?
Hibernate: select a1_0.property_id,a1_0.amenity from property_amenities a1_0 where a1_0.property_id=?
Hibernate: select i1_0.property_id,i1_0.image_name from property_images i1_0 where i1_0.property_id=?
Hibernate: select i1_0.property_id,i1_0.image_name from property_images i1_0 where i1_0.property_id=?
Hibernate: select v1_0.property_id,v1_0.video_name from property_videos v1_0 where v1_0.property_id=?
Hibernate: select v1_0.property_id,v1_0.video_name from property_videos v1_0 where v1_0.property_id=?
Hibernate: select a1_0.property_id,a1_0.amenity from property_amenities a1_0 where a1_0.property_id=?
Hibernate: select a1_0.property_id,a1_0.amenity from property_amenities a1_0 where a1_0.property_id=?
Hibernate: select i1_0.property_id,i1_0.image_name from property_images i1_0 where i1_0.property_id=?
Hibernate: select i1_0.property_id,i1_0.image_name from property_images i1_0 where i1_0.property_id=?
Hibernate: select v1_0.property_id,v1_0.video_name from property_videos v1_0 where v1_0.property_id=?
Hibernate: select v1_0.property_id,v1_0.video_name from property_videos v1_0 where v1_0.property_id=?
Hibernate: select a1_0.property_id,a1_0.amenity from property_amenities a1_0 where a1_0.property_id=?
Hibernate: select a1_0.property_id,a1_0.amenity from property_amenities a1_0 where a1_0.property_id=?
Hibernate: select i1_0.property_id,i1_0.image_name from property_images i1_0 where i1_0.property_id=?
Hibernate: select i1_0.property_id,i1_0.image_name from property_images i1_0 where i1_0.property_id=?
Hibernate: select v1_0.property_id,v1_0.video_name from property_videos v1_0 where v1_0.property_id=?
Hibernate: select v1_0.property_id,v1_0.video_name from property_videos v1_0 where v1_0.property_id=?
Hibernate: select a1_0.property_id,a1_0.amenity from property_amenities a1_0 where a1_0.property_id=?
Hibernate: select a1_0.property_id,a1_0.amenity from property_amenities a1_0 where a1_0.property_id=?
Hibernate: select i1_0.property_id,i1_0.image_name from property_images i1_0 where i1_0.property_id=?
Hibernate: select i1_0.property_id,i1_0.image_name from property_images i1_0 where i1_0.property_id=?
Hibernate: select v1_0.property_id,v1_0.video_name from property_videos v1_0 where v1_0.property_id=?
Hibernate: select v1_0.property_id,v1_0.video_name from property_videos v1_0 where v1_0.property_id=?
Hibernate: select a1_0.property_id,a1_0.amenity from property_amenities a1_0 where a1_0.property_id=?
Hibernate: select a1_0.property_id,a1_0.amenity from property_amenities a1_0 where a1_0.property_id=?
Hibernate: select i1_0.property_id,i1_0.image_name from property_images i1_0 where i1_0.property_id=?
Hibernate: select i1_0.property_id,i1_0.image_name from property_images i1_0 where i1_0.property_id=?
Hibernate: select v1_0.property_id,v1_0.video_name from property_videos v1_0 where v1_0.property_id=?
Hibernate: select v1_0.property_id,v1_0.video_name from property_videos v1_0 where v1_0.property_id=?
Hibernate: select a1_0.property_id,a1_0.amenity from property_amenities a1_0 where a1_0.property_id=?
Hibernate: select a1_0.property_id,a1_0.amenity from property_amenities a1_0 where a1_0.property_id=?
Hibernate: select i1_0.property_id,i1_0.image_name from property_images i1_0 where i1_0.property_id=?
Hibernate: select i1_0.property_id,i1_0.image_name from property_images i1_0 where i1_0.property_id=?
Hibernate: select v1_0.property_id,v1_0.video_name from property_videos v1_0 where v1_0.property_id=?
Hibernate: select v1_0.property_id,v1_0.video_name from property_videos v1_0 where v1_0.property_id=?
Hibernate: select a1_0.property_id,a1_0.amenity from property_amenities a1_0 where a1_0.property_id=?
Hibernate: select a1_0.property_id,a1_0.amenity from property_amenities a1_0 where a1_0.property_id=?
Hibernate: select i1_0.property_id,i1_0.image_name from property_images i1_0 where i1_0.property_id=?
Hibernate: select v1_0.property_id,v1_0.video_name from property_videos v1_0 where v1_0.property_id=?
Hibernate: select a1_0.property_id,a1_0.amenity from property_amenities a1_0 where a1_0.property_id=?
Hibernate: select i1_0.property_id,i1_0.image_name from property_images i1_0 where i1_0.property_id=?
Hibernate: select v1_0.property_id,v1_0.video_name from property_videos v1_0 where v1_0.property_id=?
Hibernate: select a1_0.property_id,a1_0.amenity from property_amenities a1_0 where a1_0.property_id=?
Hibernate: select i1_0.property_id,i1_0.image_name from property_images i1_0 where i1_0.property_id=?
Hibernate: select v1_0.property_id,v1_0.video_name from property_videos v1_0 where v1_0.property_id=?
Hibernate: select a1_0.property_id,a1_0.amenity from property_amenities a1_0 where a1_0.property_id=?
Hibernate: select i1_0.property_id,i1_0.image_name from property_images i1_0 where i1_0.property_id=?
Hibernate: select v1_0.property_id,v1_0.video_name from property_videos v1_0 where v1_0.property_id=?
Hibernate: select a1_0.property_id,a1_0.amenity from property_amenities a1_0 where a1_0.property_id=?
Hibernate: select i1_0.property_id,i1_0.image_name from property_images i1_0 where i1_0.property_id=?
Hibernate: select v1_0.property_id,v1_0.video_name from property_videos v1_0 where v1_0.property_id=?
Hibernate: select a1_0.property_id,a1_0.amenity from property_amenities a1_0 where a1_0.property_id=?
Hibernate: select i1_0.property_id,i1_0.image_name from property_images i1_0 where i1_0.property_id=?
Hibernate: select v1_0.property_id,v1_0.video_name from property_videos v1_0 where v1_0.property_id=?
Hibernate: select a1_0.property_id,a1_0.amenity from property_amenities a1_0 where a1_0.property_id=?
Hibernate: select i1_0.property_id,i1_0.image_name from property_images i1_0 where i1_0.property_id=?
Hibernate: select v1_0.property_id,v1_0.video_name from property_videos v1_0 where v1_0.property_id=?
Hibernate: select a1_0.property_id,a1_0.amenity from property_amenities a1_0 where a1_0.property_id=?
Hibernate: select u1_0.id,u1_0.bio,u1_0.blocked,u1_0.city,u1_0.email,u1_0.email_verified,u1_0.full_name,u1_0.mobile_number,u1_0.password,u1_0.profile_picture,u1_0.role,u1_0.state,u1_0.username,u1_0.verified from users u1_0 where u1_0.email=?
Hibernate: select u1_0.id,u1_0.bio,u1_0.blocked,u1_0.city,u1_0.email,u1_0.email_verified,u1_0.full_name,u1_0.mobile_number,u1_0.password,u1_0.profile_picture,u1_0.role,u1_0.state,u1_0.username,u1_0.verified from users u1_0 where u1_0.email=?
Hibernate: select p1_0.id,p1_0.address,p1_0.approved,p1_0.area,p1_0.balconies,p1_0.bathrooms,p1_0.bedrooms,p1_0.carpet_area,p1_0.category,p1_0.city,p1_0.contact_number,p1_0.created_at,p1_0.description,p1_0.featured,p1_0.floor_number,p1_0.latitude,p1_0.location,p1_0.longitude,p1_0.pincode,p1_0.price,p1_0.property_age,p1_0.property_status,p1_0.rejected,p1_0.seller_email,p1_0.seller_username,p1_0.state,p1_0.title,p1_0.total_floors,p1_0.type,p1_0.user_id,p1_0.user_type,p1_0.verified from properties p1_0 where p1_0.type=?
Hibernate: select u1_0.id,u1_0.bio,u1_0.blocked,u1_0.city,u1_0.email,u1_0.email_verified,u1_0.full_name,u1_0.mobile_number,u1_0.password,u1_0.profile_picture,u1_0.role,u1_0.state,u1_0.username,u1_0.verified from users u1_0 where u1_0.id=?
Hibernate: select i1_0.property_id,i1_0.image_name from property_images i1_0 where i1_0.property_id=?
Hibernate: select v1_0.property_id,v1_0.video_name from property_videos v1_0 where v1_0.property_id=?
Hibernate: select a1_0.property_id,a1_0.amenity from property_amenities a1_0 where a1_0.property_id=?
Hibernate: select p1_0.id,p1_0.address,p1_0.approved,p1_0.area,p1_0.balconies,p1_0.bathrooms,p1_0.bedrooms,p1_0.carpet_area,p1_0.category,p1_0.city,p1_0.contact_number,p1_0.created_at,p1_0.description,p1_0.featured,p1_0.floor_number,p1_0.latitude,p1_0.location,p1_0.longitude,p1_0.pincode,p1_0.price,p1_0.property_age,p1_0.property_status,p1_0.rejected,p1_0.seller_email,p1_0.seller_username,p1_0.state,p1_0.title,p1_0.total_floors,p1_0.type,p1_0.user_id,p1_0.user_type,p1_0.verified from properties p1_0 where p1_0.type=?
Hibernate: select i1_0.property_id,i1_0.image_name from property_images i1_0 where i1_0.property_id=?
Hibernate: select v1_0.property_id,v1_0.video_name from property_videos v1_0 where v1_0.property_id=?
Hibernate: select a1_0.property_id,a1_0.amenity from property_amenities a1_0 where a1_0.property_id=?
Hibernate: select i1_0.property_id,i1_0.image_name from property_images i1_0 where i1_0.property_id=?
Hibernate: select v1_0.property_id,v1_0.video_name from property_videos v1_0 where v1_0.property_id=?
Hibernate: select u1_0.id,u1_0.bio,u1_0.blocked,u1_0.city,u1_0.email,u1_0.email_verified,u1_0.full_name,u1_0.mobile_number,u1_0.password,u1_0.profile_picture,u1_0.role,u1_0.state,u1_0.username,u1_0.verified from users u1_0 where u1_0.id=?
Hibernate: select a1_0.property_id,a1_0.amenity from property_amenities a1_0 where a1_0.property_id=?
Hibernate: select i1_0.property_id,i1_0.image_name from property_images i1_0 where i1_0.property_id=?
Hibernate: select v1_0.property_id,v1_0.video_name from property_videos v1_0 where v1_0.property_id=?
Hibernate: select a1_0.property_id,a1_0.amenity from property_amenities a1_0 where a1_0.property_id=?
Hibernate: select i1_0.property_id,i1_0.image_name from property_images i1_0 where i1_0.property_id=?
Hibernate: select v1_0.property_id,v1_0.video_name from property_videos v1_0 where v1_0.property_id=?
Hibernate: select a1_0.property_id,a1_0.amenity from property_amenities a1_0 where a1_0.property_id=?
Hibernate: select i1_0.property_id,i1_0.image_name from property_images i1_0 where i1_0.property_id=?
Hibernate: select v1_0.property_id,v1_0.video_name from property_videos v1_0 where v1_0.property_id=?
Hibernate: select a1_0.property_id,a1_0.amenity from property_amenities a1_0 where a1_0.property_id=?
Hibernate: select i1_0.property_id,i1_0.image_name from property_images i1_0 where i1_0.property_id=?
Hibernate: select v1_0.property_id,v1_0.video_name from property_videos v1_0 where v1_0.property_id=?
Hibernate: select a1_0.property_id,a1_0.amenity from property_amenities a1_0 where a1_0.property_id=?
Hibernate: select i1_0.property_id,i1_0.image_name from property_images i1_0 where i1_0.property_id=?
Hibernate: select v1_0.property_id,v1_0.video_name from property_videos v1_0 where v1_0.property_id=?
Hibernate: select a1_0.property_id,a1_0.amenity from property_amenities a1_0 where a1_0.property_id=?
Hibernate: select i1_0.property_id,i1_0.image_name from property_images i1_0 where i1_0.property_id=?
Hibernate: select v1_0.property_id,v1_0.video_name from property_videos v1_0 where v1_0.property_id=?
Hibernate: select i1_0.property_id,i1_0.image_name from property_images i1_0 where i1_0.property_id=?
Hibernate: select a1_0.property_id,a1_0.amenity from property_amenities a1_0 where a1_0.property_id=?
Hibernate: select v1_0.property_id,v1_0.video_name from property_videos v1_0 where v1_0.property_id=?
Hibernate: select i1_0.property_id,i1_0.image_name from property_images i1_0 where i1_0.property_id=?
Hibernate: select a1_0.property_id,a1_0.amenity from property_amenities a1_0 where a1_0.property_id=?
Hibernate: select v1_0.property_id,v1_0.video_name from property_videos v1_0 where v1_0.property_id=?
Hibernate: select i1_0.property_id,i1_0.image_name from property_images i1_0 where i1_0.property_id=?
Hibernate: select a1_0.property_id,a1_0.amenity from property_amenities a1_0 where a1_0.property_id=?
Hibernate: select v1_0.property_id,v1_0.video_name from property_videos v1_0 where v1_0.property_id=?
Hibernate: select i1_0.property_id,i1_0.image_name from property_images i1_0 where i1_0.property_id=?
Hibernate: select a1_0.property_id,a1_0.amenity from property_amenities a1_0 where a1_0.property_id=?
Hibernate: select v1_0.property_id,v1_0.video_name from property_videos v1_0 where v1_0.property_id=?
Hibernate: select i1_0.property_id,i1_0.image_name from property_images i1_0 where i1_0.property_id=?
Hibernate: select v1_0.property_id,v1_0.video_name from property_videos v1_0 where v1_0.property_id=?
Hibernate: select a1_0.property_id,a1_0.amenity from property_amenities a1_0 where a1_0.property_id=?
Hibernate: select a1_0.property_id,a1_0.amenity from property_amenities a1_0 where a1_0.property_id=?
Hibernate: select i1_0.property_id,i1_0.image_name from property_images i1_0 where i1_0.property_id=?
Hibernate: select i1_0.property_id,i1_0.image_name from property_images i1_0 where i1_0.property_id=?
Hibernate: select v1_0.property_id,v1_0.video_name from property_videos v1_0 where v1_0.property_id=?
Hibernate: select v1_0.property_id,v1_0.video_name from property_videos v1_0 where v1_0.property_id=?
Hibernate: select a1_0.property_id,a1_0.amenity from property_amenities a1_0 where a1_0.property_id=?
Hibernate: select a1_0.property_id,a1_0.amenity from property_amenities a1_0 where a1_0.property_id=?
Hibernate: select i1_0.property_id,i1_0.image_name from property_images i1_0 where i1_0.property_id=?
Hibernate: select i1_0.property_id,i1_0.image_name from property_images i1_0 where i1_0.property_id=?
Hibernate: select v1_0.property_id,v1_0.video_name from property_videos v1_0 where v1_0.property_id=?
Hibernate: select a1_0.property_id,a1_0.amenity from property_amenities a1_0 where a1_0.property_id=?
Hibernate: select v1_0.property_id,v1_0.video_name from property_videos v1_0 where v1_0.property_id=?
Hibernate: select i1_0.property_id,i1_0.image_name from property_images i1_0 where i1_0.property_id=?
Hibernate: select a1_0.property_id,a1_0.amenity from property_amenities a1_0 where a1_0.property_id=?
Hibernate: select v1_0.property_id,v1_0.video_name from property_videos v1_0 where v1_0.property_id=?
Hibernate: select a1_0.property_id,a1_0.amenity from property_amenities a1_0 where a1_0.property_id=?
Hibernate: select i1_0.property_id,i1_0.image_name from property_images i1_0 where i1_0.property_id=?
Hibernate: select v1_0.property_id,v1_0.video_name from property_videos v1_0 where v1_0.property_id=?
Hibernate: select i1_0.property_id,i1_0.image_name from property_images i1_0 where i1_0.property_id=?
Hibernate: select v1_0.property_id,v1_0.video_name from property_videos v1_0 where v1_0.property_id=?
Hibernate: select a1_0.property_id,a1_0.amenity from property_amenities a1_0 where a1_0.property_id=?
Hibernate: select a1_0.property_id,a1_0.amenity from property_amenities a1_0 where a1_0.property_id=?
Hibernate: select i1_0.property_id,i1_0.image_name from property_images i1_0 where i1_0.property_id=?
Hibernate: select i1_0.property_id,i1_0.image_name from property_images i1_0 where i1_0.property_id=?
Hibernate: select v1_0.property_id,v1_0.video_name from property_videos v1_0 where v1_0.property_id=?
Hibernate: select v1_0.property_id,v1_0.video_name from property_videos v1_0 where v1_0.property_id=?
Hibernate: select a1_0.property_id,a1_0.amenity from property_amenities a1_0 where a1_0.property_id=?
Hibernate: select a1_0.property_id,a1_0.amenity from property_amenities a1_0 where a1_0.property_id=?
Hibernate: select i1_0.property_id,i1_0.image_name from property_images i1_0 where i1_0.property_id=?
Hibernate: select i1_0.property_id,i1_0.image_name from property_images i1_0 where i1_0.property_id=?
Hibernate: select v1_0.property_id,v1_0.video_name from property_videos v1_0 where v1_0.property_id=?
Hibernate: select v1_0.property_id,v1_0.video_name from property_videos v1_0 where v1_0.property_id=?
Hibernate: select a1_0.property_id,a1_0.amenity from property_amenities a1_0 where a1_0.property_id=?
Hibernate: select a1_0.property_id,a1_0.amenity from property_amenities a1_0 where a1_0.property_id=?
Hibernate: select i1_0.property_id,i1_0.image_name from property_images i1_0 where i1_0.property_id=?
Hibernate: select i1_0.property_id,i1_0.image_name from property_images i1_0 where i1_0.property_id=?
Hibernate: select v1_0.property_id,v1_0.video_name from property_videos v1_0 where v1_0.property_id=?
Hibernate: select v1_0.property_id,v1_0.video_name from property_videos v1_0 where v1_0.property_id=?
Hibernate: select a1_0.property_id,a1_0.amenity from property_amenities a1_0 where a1_0.property_id=?
Hibernate: select a1_0.property_id,a1_0.amenity from property_amenities a1_0 where a1_0.property_id=?
Hibernate: select i1_0.property_id,i1_0.image_name from property_images i1_0 where i1_0.property_id=?
Hibernate: select i1_0.property_id,i1_0.image_name from property_images i1_0 where i1_0.property_id=?
Hibernate: select v1_0.property_id,v1_0.video_name from property_videos v1_0 where v1_0.property_id=?
Hibernate: select v1_0.property_id,v1_0.video_name from property_videos v1_0 where v1_0.property_id=?
Hibernate: select a1_0.property_id,a1_0.amenity from property_amenities a1_0 where a1_0.property_id=?
Hibernate: select a1_0.property_id,a1_0.amenity from property_amenities a1_0 where a1_0.property_id=?
Hibernate: select i1_0.property_id,i1_0.image_name from property_images i1_0 where i1_0.property_id=?
Hibernate: select i1_0.property_id,i1_0.image_name from property_images i1_0 where i1_0.property_id=?
Hibernate: select v1_0.property_id,v1_0.video_name from property_videos v1_0 where v1_0.property_id=?
Hibernate: select v1_0.property_id,v1_0.video_name from property_videos v1_0 where v1_0.property_id=?
Hibernate: select a1_0.property_id,a1_0.amenity from property_amenities a1_0 where a1_0.property_id=?
Hibernate: select a1_0.property_id,a1_0.amenity from property_amenities a1_0 where a1_0.property_id=?
Hibernate: select i1_0.property_id,i1_0.image_name from property_images i1_0 where i1_0.property_id=?
Hibernate: select i1_0.property_id,i1_0.image_name from property_images i1_0 where i1_0.property_id=?
Hibernate: select v1_0.property_id,v1_0.video_name from property_videos v1_0 where v1_0.property_id=?
Hibernate: select v1_0.property_id,v1_0.video_name from property_videos v1_0 where v1_0.property_id=?
Hibernate: select a1_0.property_id,a1_0.amenity from property_amenities a1_0 where a1_0.property_id=?
Hibernate: select a1_0.property_id,a1_0.amenity from property_amenities a1_0 where a1_0.property_id=?
Hibernate: select i1_0.property_id,i1_0.image_name from property_images i1_0 where i1_0.property_id=?
Hibernate: select i1_0.property_id,i1_0.image_name from property_images i1_0 where i1_0.property_id=?
Hibernate: select v1_0.property_id,v1_0.video_name from property_videos v1_0 where v1_0.property_id=?
Hibernate: select v1_0.property_id,v1_0.video_name from property_videos v1_0 where v1_0.property_id=?
Hibernate: select a1_0.property_id,a1_0.amenity from property_amenities a1_0 where a1_0.property_id=?
Hibernate: select a1_0.property_id,a1_0.amenity from property_amenities a1_0 where a1_0.property_id=?
Hibernate: select i1_0.property_id,i1_0.image_name from property_images i1_0 where i1_0.property_id=?
Hibernate: select i1_0.property_id,i1_0.image_name from property_images i1_0 where i1_0.property_id=?
Hibernate: select v1_0.property_id,v1_0.video_name from property_videos v1_0 where v1_0.property_id=?
Hibernate: select v1_0.property_id,v1_0.video_name from property_videos v1_0 where v1_0.property_id=?
Hibernate: select a1_0.property_id,a1_0.amenity from property_amenities a1_0 where a1_0.property_id=?
Hibernate: select i1_0.property_id,i1_0.image_name from property_images i1_0 where i1_0.property_id=?
Hibernate: select v1_0.property_id,v1_0.video_name from property_videos v1_0 where v1_0.property_id=?
Hibernate: select a1_0.property_id,a1_0.amenity from property_amenities a1_0 where a1_0.property_id=?
Hibernate: select a1_0.property_id,a1_0.amenity from property_amenities a1_0 where a1_0.property_id=?
Hibernate: select i1_0.property_id,i1_0.image_name from property_images i1_0 where i1_0.property_id=?
Hibernate: select i1_0.property_id,i1_0.image_name from property_images i1_0 where i1_0.property_id=?
Hibernate: select v1_0.property_id,v1_0.video_name from property_videos v1_0 where v1_0.property_id=?
Hibernate: select a1_0.property_id,a1_0.amenity from property_amenities a1_0 where a1_0.property_id=?
Hibernate: select v1_0.property_id,v1_0.video_name from property_videos v1_0 where v1_0.property_id=?
Hibernate: select a1_0.property_id,a1_0.amenity from property_amenities a1_0 where a1_0.property_id=?
Hibernate: select i1_0.property_id,i1_0.image_name from property_images i1_0 where i1_0.property_id=?
Hibernate: select i1_0.property_id,i1_0.image_name from property_images i1_0 where i1_0.property_id=?
Hibernate: select v1_0.property_id,v1_0.video_name from property_videos v1_0 where v1_0.property_id=?
Hibernate: select v1_0.property_id,v1_0.video_name from property_videos v1_0 where v1_0.property_id=?
Hibernate: select a1_0.property_id,a1_0.amenity from property_amenities a1_0 where a1_0.property_id=?
Hibernate: select a1_0.property_id,a1_0.amenity from property_amenities a1_0 where a1_0.property_id=?
Hibernate: select i1_0.property_id,i1_0.image_name from property_images i1_0 where i1_0.property_id=?
Hibernate: select v1_0.property_id,v1_0.video_name from property_videos v1_0 where v1_0.property_id=?
Hibernate: select a1_0.property_id,a1_0.amenity from property_amenities a1_0 where a1_0.property_id=?
Hibernate: select i1_0.property_id,i1_0.image_name from property_images i1_0 where i1_0.property_id=?
Hibernate: select v1_0.property_id,v1_0.video_name from property_videos v1_0 where v1_0.property_id=?
Hibernate: select a1_0.property_id,a1_0.amenity from property_amenities a1_0 where a1_0.property_id=?
Hibernate: select i1_0.property_id,i1_0.image_name from property_images i1_0 where i1_0.property_id=?
Hibernate: select v1_0.property_id,v1_0.video_name from property_videos v1_0 where v1_0.property_id=?
Hibernate: select a1_0.property_id,a1_0.amenity from property_amenities a1_0 where a1_0.property_id=?
Hibernate: select i1_0.property_id,i1_0.image_name from property_images i1_0 where i1_0.property_id=?
Hibernate: select v1_0.property_id,v1_0.video_name from property_videos v1_0 where v1_0.property_id=?
Hibernate: select a1_0.property_id,a1_0.amenity from property_amenities a1_0 where a1_0.property_id=?
Hibernate: select i1_0.property_id,i1_0.image_name from property_images i1_0 where i1_0.property_id=?
Hibernate: select v1_0.property_id,v1_0.video_name from property_videos v1_0 where v1_0.property_id=?
Hibernate: select a1_0.property_id,a1_0.amenity from property_amenities a1_0 where a1_0.property_id=?
Hibernate: select i1_0.property_id,i1_0.image_name from property_images i1_0 where i1_0.property_id=?
Hibernate: select v1_0.property_id,v1_0.video_name from property_videos v1_0 where v1_0.property_id=?
Hibernate: select a1_0.property_id,a1_0.amenity from property_amenities a1_0 where a1_0.property_id=?
Hibernate: select i1_0.property_id,i1_0.image_name from property_images i1_0 where i1_0.property_id=?
Hibernate: select v1_0.property_id,v1_0.video_name from property_videos v1_0 where v1_0.property_id=?
Hibernate: select a1_0.property_id,a1_0.amenity from property_amenities a1_0 where a1_0.property_id=?
Hibernate: select i1_0.property_id,i1_0.image_name from property_images i1_0 where i1_0.property_id=?
Hibernate: select v1_0.property_id,v1_0.video_name from property_videos v1_0 where v1_0.property_id=?
Hibernate: select a1_0.property_id,a1_0.amenity from property_amenities a1_0 where a1_0.property_id=?
Hibernate: select i1_0.property_id,i1_0.image_name from property_images i1_0 where i1_0.property_id=?
Hibernate: select v1_0.property_id,v1_0.video_name from property_videos v1_0 where v1_0.property_id=?
Hibernate: select a1_0.property_id,a1_0.amenity from property_amenities a1_0 where a1_0.property_id=?
Hibernate: select i1_0.property_id,i1_0.image_name from property_images i1_0 where i1_0.property_id=?
Hibernate: select v1_0.property_id,v1_0.video_name from property_videos v1_0 where v1_0.property_id=?
Hibernate: select a1_0.property_id,a1_0.amenity from property_amenities a1_0 where a1_0.property_id=?
Hibernate: select i1_0.property_id,i1_0.image_name from property_images i1_0 where i1_0.property_id=?
Hibernate: select v1_0.property_id,v1_0.video_name from property_videos v1_0 where v1_0.property_id=?
Hibernate: select a1_0.property_id,a1_0.amenity from property_amenities a1_0 where a1_0.property_id=?
Hibernate: select i1_0.property_id,i1_0.image_name from property_images i1_0 where i1_0.property_id=?
Hibernate: select v1_0.property_id,v1_0.video_name from property_videos v1_0 where v1_0.property_id=?
Hibernate: select a1_0.property_id,a1_0.amenity from property_amenities a1_0 where a1_0.property_id=?
Hibernate: select i1_0.property_id,i1_0.image_name from property_images i1_0 where i1_0.property_id=?
Hibernate: select v1_0.property_id,v1_0.video_name from property_videos v1_0 where v1_0.property_id=?
Hibernate: select a1_0.property_id,a1_0.amenity from property_amenities a1_0 where a1_0.property_id=?
Hibernate: select i1_0.property_id,i1_0.image_name from property_images i1_0 where i1_0.property_id=?
Hibernate: select v1_0.property_id,v1_0.video_name from property_videos v1_0 where v1_0.property_id=?
Hibernate: select a1_0.property_id,a1_0.amenity from property_amenities a1_0 where a1_0.property_id=?
Hibernate: select i1_0.property_id,i1_0.image_name from property_images i1_0 where i1_0.property_id=?
Hibernate: select v1_0.property_id,v1_0.video_name from property_videos v1_0 where v1_0.property_id=?
Hibernate: select a1_0.property_id,a1_0.amenity from property_amenities a1_0 where a1_0.property_id=?
Hibernate: select i1_0.property_id,i1_0.image_name from property_images i1_0 where i1_0.property_id=?
Hibernate: select v1_0.property_id,v1_0.video_name from property_videos v1_0 where v1_0.property_id=?
Hibernate: select a1_0.property_id,a1_0.amenity from property_amenities a1_0 where a1_0.property_id=?
Hibernate: select i1_0.property_id,i1_0.image_name from property_images i1_0 where i1_0.property_id=?
Hibernate: select v1_0.property_id,v1_0.video_name from property_videos v1_0 where v1_0.property_id=?
Hibernate: select a1_0.property_id,a1_0.amenity from property_amenities a1_0 where a1_0.property_id=?
Hibernate: select i1_0.property_id,i1_0.image_name from property_images i1_0 where i1_0.property_id=?
Hibernate: select v1_0.property_id,v1_0.video_name from property_videos v1_0 where v1_0.property_id=?
Hibernate: select a1_0.property_id,a1_0.amenity from property_amenities a1_0 where a1_0.property_id=?
2026-03-02T12:12:33.012+05:30  INFO 42475 --- [nio-8080-exec-2] c.r.o.controller.PropertyController      : Serving image file: 1772371800370_1.avif from /Users/ompatel/sdp/Online-RealEstate-System/Online-Real-Estate-System-main/uploads/1772371800370_1.avif
Hibernate: select u1_0.id,u1_0.bio,u1_0.blocked,u1_0.city,u1_0.email,u1_0.email_verified,u1_0.full_name,u1_0.mobile_number,u1_0.password,u1_0.profile_picture,u1_0.role,u1_0.state,u1_0.username,u1_0.verified from users u1_0 where u1_0.email=?
Hibernate: select p1_0.id,p1_0.address,p1_0.approved,p1_0.area,p1_0.balconies,p1_0.bathrooms,p1_0.bedrooms,p1_0.carpet_area,p1_0.category,p1_0.city,p1_0.contact_number,p1_0.created_at,p1_0.description,p1_0.featured,p1_0.floor_number,p1_0.latitude,p1_0.location,p1_0.longitude,p1_0.pincode,p1_0.price,p1_0.property_age,p1_0.property_status,p1_0.rejected,p1_0.seller_email,p1_0.seller_username,p1_0.state,p1_0.title,p1_0.total_floors,p1_0.type,p1_0.user_id,p1_0.user_type,p1_0.verified from properties p1_0 where p1_0.type=?
Hibernate: select u1_0.id,u1_0.bio,u1_0.blocked,u1_0.city,u1_0.email,u1_0.email_verified,u1_0.full_name,u1_0.mobile_number,u1_0.password,u1_0.profile_picture,u1_0.role,u1_0.state,u1_0.username,u1_0.verified from users u1_0 where u1_0.id=?
Hibernate: select i1_0.property_id,i1_0.image_name from property_images i1_0 where i1_0.property_id=?
Hibernate: select v1_0.property_id,v1_0.video_name from property_videos v1_0 where v1_0.property_id=?
Hibernate: select a1_0.property_id,a1_0.amenity from property_amenities a1_0 where a1_0.property_id=?
Hibernate: select i1_0.property_id,i1_0.image_name from property_images i1_0 where i1_0.property_id=?
Hibernate: select v1_0.property_id,v1_0.video_name from property_videos v1_0 where v1_0.property_id=?
Hibernate: select a1_0.property_id,a1_0.amenity from property_amenities a1_0 where a1_0.property_id=?
Hibernate: select i1_0.property_id,i1_0.image_name from property_images i1_0 where i1_0.property_id=?
Hibernate: select v1_0.property_id,v1_0.video_name from property_videos v1_0 where v1_0.property_id=?
Hibernate: select a1_0.property_id,a1_0.amenity from property_amenities a1_0 where a1_0.property_id=?
Hibernate: select i1_0.property_id,i1_0.image_name from property_images i1_0 where i1_0.property_id=?
Hibernate: select v1_0.property_id,v1_0.video_name from property_videos v1_0 where v1_0.property_id=?
Hibernate: select a1_0.property_id,a1_0.amenity from property_amenities a1_0 where a1_0.property_id=?
Hibernate: select i1_0.property_id,i1_0.image_name from property_images i1_0 where i1_0.property_id=?
Hibernate: select v1_0.property_id,v1_0.video_name from property_videos v1_0 where v1_0.property_id=?
Hibernate: select a1_0.property_id,a1_0.amenity from property_amenities a1_0 where a1_0.property_id=?
Hibernate: select i1_0.property_id,i1_0.image_name from property_images i1_0 where i1_0.property_id=?
Hibernate: select v1_0.property_id,v1_0.video_name from property_videos v1_0 where v1_0.property_id=?
Hibernate: select a1_0.property_id,a1_0.amenity from property_amenities a1_0 where a1_0.property_id=?
Hibernate: select i1_0.property_id,i1_0.image_name from property_images i1_0 where i1_0.property_id=?
Hibernate: select v1_0.property_id,v1_0.video_name from property_videos v1_0 where v1_0.property_id=?
Hibernate: select a1_0.property_id,a1_0.amenity from property_amenities a1_0 where a1_0.property_id=?
Hibernate: select i1_0.property_id,i1_0.image_name from property_images i1_0 where i1_0.property_id=?
Hibernate: select v1_0.property_id,v1_0.video_name from property_videos v1_0 where v1_0.property_id=?
Hibernate: select a1_0.property_id,a1_0.amenity from property_amenities a1_0 where a1_0.property_id=?
Hibernate: select i1_0.property_id,i1_0.image_name from property_images i1_0 where i1_0.property_id=?
Hibernate: select v1_0.property_id,v1_0.video_name from property_videos v1_0 where v1_0.property_id=?
Hibernate: select a1_0.property_id,a1_0.amenity from property_amenities a1_0 where a1_0.property_id=?
Hibernate: select i1_0.property_id,i1_0.image_name from property_images i1_0 where i1_0.property_id=?
Hibernate: select v1_0.property_id,v1_0.video_name from property_videos v1_0 where v1_0.property_id=?
Hibernate: select a1_0.property_id,a1_0.amenity from property_amenities a1_0 where a1_0.property_id=?
Hibernate: select i1_0.property_id,i1_0.image_name from property_images i1_0 where i1_0.property_id=?
Hibernate: select v1_0.property_id,v1_0.video_name from property_videos v1_0 where v1_0.property_id=?
Hibernate: select a1_0.property_id,a1_0.amenity from property_amenities a1_0 where a1_0.property_id=?
Hibernate: select i1_0.property_id,i1_0.image_name from property_images i1_0 where i1_0.property_id=?
Hibernate: select v1_0.property_id,v1_0.video_name from property_videos v1_0 where v1_0.property_id=?
Hibernate: select a1_0.property_id,a1_0.amenity from property_amenities a1_0 where a1_0.property_id=?
Hibernate: select i1_0.property_id,i1_0.image_name from property_images i1_0 where i1_0.property_id=?
Hibernate: select v1_0.property_id,v1_0.video_name from property_videos v1_0 where v1_0.property_id=?
Hibernate: select a1_0.property_id,a1_0.amenity from property_amenities a1_0 where a1_0.property_id=?
Hibernate: select i1_0.property_id,i1_0.image_name from property_images i1_0 where i1_0.property_id=?
Hibernate: select v1_0.property_id,v1_0.video_name from property_videos v1_0 where v1_0.property_id=?
Hibernate: select a1_0.property_id,a1_0.amenity from property_amenities a1_0 where a1_0.property_id=?
Hibernate: select i1_0.property_id,i1_0.image_name from property_images i1_0 where i1_0.property_id=?
Hibernate: select v1_0.property_id,v1_0.video_name from property_videos v1_0 where v1_0.property_id=?
Hibernate: select a1_0.property_id,a1_0.amenity from property_amenities a1_0 where a1_0.property_id=?
Hibernate: select i1_0.property_id,i1_0.image_name from property_images i1_0 where i1_0.property_id=?
Hibernate: select v1_0.property_id,v1_0.video_name from property_videos v1_0 where v1_0.property_id=?
Hibernate: select a1_0.property_id,a1_0.amenity from property_amenities a1_0 where a1_0.property_id=?
Hibernate: select i1_0.property_id,i1_0.image_name from property_images i1_0 where i1_0.property_id=?
Hibernate: select v1_0.property_id,v1_0.video_name from property_videos v1_0 where v1_0.property_id=?
Hibernate: select a1_0.property_id,a1_0.amenity from property_amenities a1_0 where a1_0.property_id=?
Hibernate: select i1_0.property_id,i1_0.image_name from property_images i1_0 where i1_0.property_id=?
Hibernate: select v1_0.property_id,v1_0.video_name from property_videos v1_0 where v1_0.property_id=?
Hibernate: select a1_0.property_id,a1_0.amenity from property_amenities a1_0 where a1_0.property_id=?
Hibernate: select i1_0.property_id,i1_0.image_name from property_images i1_0 where i1_0.property_id=?
Hibernate: select v1_0.property_id,v1_0.video_name from property_videos v1_0 where v1_0.property_id=?
Hibernate: select a1_0.property_id,a1_0.amenity from property_amenities a1_0 where a1_0.property_id=?
Hibernate: select i1_0.property_id,i1_0.image_name from property_images i1_0 where i1_0.property_id=?
Hibernate: select v1_0.property_id,v1_0.video_name from property_videos v1_0 where v1_0.property_id=?
Hibernate: select a1_0.property_id,a1_0.amenity from property_amenities a1_0 where a1_0.property_id=?
Hibernate: select i1_0.property_id,i1_0.image_name from property_images i1_0 where i1_0.property_id=?
Hibernate: select v1_0.property_id,v1_0.video_name from property_videos v1_0 where v1_0.property_id=?
Hibernate: select a1_0.property_id,a1_0.amenity from property_amenities a1_0 where a1_0.property_id=?
Hibernate: select i1_0.property_id,i1_0.image_name from property_images i1_0 where i1_0.property_id=?
Hibernate: select v1_0.property_id,v1_0.video_name from property_videos v1_0 where v1_0.property_id=?
Hibernate: select a1_0.property_id,a1_0.amenity from property_amenities a1_0 where a1_0.property_id=?
Hibernate: select i1_0.property_id,i1_0.image_name from property_images i1_0 where i1_0.property_id=?
Hibernate: select v1_0.property_id,v1_0.video_name from property_videos v1_0 where v1_0.property_id=?
Hibernate: select a1_0.property_id,a1_0.amenity from property_amenities a1_0 where a1_0.property_id=?
Hibernate: select i1_0.property_id,i1_0.image_name from property_images i1_0 where i1_0.property_id=?
Hibernate: select v1_0.property_id,v1_0.video_name from property_videos v1_0 where v1_0.property_id=?
Hibernate: select a1_0.property_id,a1_0.amenity from property_amenities a1_0 where a1_0.property_id=?
Hibernate: select i1_0.property_id,i1_0.image_name from property_images i1_0 where i1_0.property_id=?
Hibernate: select v1_0.property_id,v1_0.video_name from property_videos v1_0 where v1_0.property_id=?
Hibernate: select a1_0.property_id,a1_0.amenity from property_amenities a1_0 where a1_0.property_id=?
Hibernate: select i1_0.property_id,i1_0.image_name from property_images i1_0 where i1_0.property_id=?
Hibernate: select v1_0.property_id,v1_0.video_name from property_videos v1_0 where v1_0.property_id=?
Hibernate: select a1_0.property_id,a1_0.amenity from property_amenities a1_0 where a1_0.property_id=?
Hibernate: select i1_0.property_id,i1_0.image_name from property_images i1_0 where i1_0.property_id=?
Hibernate: select v1_0.property_id,v1_0.video_name from property_videos v1_0 where v1_0.property_id=?
Hibernate: select a1_0.property_id,a1_0.amenity from property_amenities a1_0 where a1_0.property_id=?
Hibernate: select i1_0.property_id,i1_0.image_name from property_images i1_0 where i1_0.property_id=?
Hibernate: select v1_0.property_id,v1_0.video_name from property_videos v1_0 where v1_0.property_id=?
Hibernate: select a1_0.property_id,a1_0.amenity from property_amenities a1_0 where a1_0.property_id=?
Hibernate: select i1_0.property_id,i1_0.image_name from property_images i1_0 where i1_0.property_id=?
Hibernate: select v1_0.property_id,v1_0.video_name from property_videos v1_0 where v1_0.property_id=?
Hibernate: select a1_0.property_id,a1_0.amenity from property_amenities a1_0 where a1_0.property_id=?
Hibernate: select i1_0.property_id,i1_0.image_name from property_images i1_0 where i1_0.property_id=?
Hibernate: select v1_0.property_id,v1_0.video_name from property_videos v1_0 where v1_0.property_id=?
Hibernate: select a1_0.property_id,a1_0.amenity from property_amenities a1_0 where a1_0.property_id=?
Hibernate: select i1_0.property_id,i1_0.image_name from property_images i1_0 where i1_0.property_id=?
Hibernate: select v1_0.property_id,v1_0.video_name from property_videos v1_0 where v1_0.property_id=?
Hibernate: select a1_0.property_id,a1_0.amenity from property_amenities a1_0 where a1_0.property_id=?
Hibernate: select i1_0.property_id,i1_0.image_name from property_images i1_0 where i1_0.property_id=?
Hibernate: select v1_0.property_id,v1_0.video_name from property_videos v1_0 where v1_0.property_id=?
Hibernate: select a1_0.property_id,a1_0.amenity from property_amenities a1_0 where a1_0.property_id=?
Hibernate: select i1_0.property_id,i1_0.image_name from property_images i1_0 where i1_0.property_id=?
Hibernate: select v1_0.property_id,v1_0.video_name from property_videos v1_0 where v1_0.property_id=?
Hibernate: select a1_0.property_id,a1_0.amenity from property_amenities a1_0 where a1_0.property_id=?
Hibernate: select i1_0.property_id,i1_0.image_name from property_images i1_0 where i1_0.property_id=?
Hibernate: select v1_0.property_id,v1_0.video_name from property_videos v1_0 where v1_0.property_id=?
Hibernate: select a1_0.property_id,a1_0.amenity from property_amenities a1_0 where a1_0.property_id=?
Hibernate: select i1_0.property_id,i1_0.image_name from property_images i1_0 where i1_0.property_id=?
Hibernate: select v1_0.property_id,v1_0.video_name from property_videos v1_0 where v1_0.property_id=?
Hibernate: select a1_0.property_id,a1_0.amenity from property_amenities a1_0 where a1_0.property_id=?
2026-03-02T12:12:33.594+05:30  INFO 42475 --- [nio-8080-exec-3] c.r.o.controller.PropertyController      : Serving image file: 1772371800370_1.avif from /Users/ompatel/sdp/Online-RealEstate-System/Online-Real-Estate-System-main/uploads/1772371800370_1.avif
Hibernate: select u1_0.id,u1_0.bio,u1_0.blocked,u1_0.city,u1_0.email,u1_0.email_verified,u1_0.full_name,u1_0.mobile_number,u1_0.password,u1_0.profile_picture,u1_0.role,u1_0.state,u1_0.username,u1_0.verified from users u1_0 where u1_0.email=?
Hibernate: select u1_0.id,u1_0.bio,u1_0.blocked,u1_0.city,u1_0.email,u1_0.email_verified,u1_0.full_name,u1_0.mobile_number,u1_0.password,u1_0.profile_picture,u1_0.role,u1_0.state,u1_0.username,u1_0.verified from users u1_0 where u1_0.email=?
Hibernate: select u1_0.id,u1_0.bio,u1_0.blocked,u1_0.city,u1_0.email,u1_0.email_verified,u1_0.full_name,u1_0.mobile_number,u1_0.password,u1_0.profile_picture,u1_0.role,u1_0.state,u1_0.username,u1_0.verified from users u1_0 where u1_0.email=?
Hibernate: select u1_0.id,u1_0.bio,u1_0.blocked,u1_0.city,u1_0.email,u1_0.email_verified,u1_0.full_name,u1_0.mobile_number,u1_0.password,u1_0.profile_picture,u1_0.role,u1_0.state,u1_0.username,u1_0.verified from users u1_0 where u1_0.email=?
✅ SECURITY: Unread messages access verified for user 3
Hibernate: select c1_0.id,c1_0.is_read,c1_0.message,c1_0.property_id,c1_0.receiver_id,c1_0.sender_id,c1_0.timestamp from chat_messages c1_0 where c1_0.receiver_id=? and not(c1_0.is_read)
Hibernate: select u1_0.id,u1_0.bio,u1_0.blocked,u1_0.city,u1_0.email,u1_0.email_verified,u1_0.full_name,u1_0.mobile_number,u1_0.password,u1_0.profile_picture,u1_0.role,u1_0.state,u1_0.username,u1_0.verified from users u1_0 where u1_0.email=?
Hibernate: select u1_0.id,u1_0.bio,u1_0.blocked,u1_0.city,u1_0.email,u1_0.email_verified,u1_0.full_name,u1_0.mobile_number,u1_0.password,u1_0.profile_picture,u1_0.role,u1_0.state,u1_0.username,u1_0.verified from users u1_0 where u1_0.email=?
Hibernate: select u1_0.id,u1_0.bio,u1_0.blocked,u1_0.city,u1_0.email,u1_0.email_verified,u1_0.full_name,u1_0.mobile_number,u1_0.password,u1_0.profile_picture,u1_0.role,u1_0.state,u1_0.username,u1_0.verified from users u1_0 where u1_0.email=? or u1_0.username=?
Hibernate: select u1_0.id,u1_0.bio,u1_0.blocked,u1_0.city,u1_0.email,u1_0.email_verified,u1_0.full_name,u1_0.mobile_number,u1_0.password,u1_0.profile_picture,u1_0.role,u1_0.state,u1_0.username,u1_0.verified from users u1_0 where u1_0.email=?
Hibernate: select count(*) from users u1_0
Hibernate: select count(*) from properties p1_0
Hibernate: select count(p1_0.id) from properties p1_0 where p1_0.property_status=?
Hibernate: select count(p1_0.id) from properties p1_0 where p1_0.type=?
Hibernate: select count(*) from visit_requests v1_0
Hibernate: select count(*) from loan_applications l1_0
Hibernate: select u1_0.id,u1_0.bio,u1_0.blocked,u1_0.city,u1_0.email,u1_0.email_verified,u1_0.full_name,u1_0.mobile_number,u1_0.password,u1_0.profile_picture,u1_0.role,u1_0.state,u1_0.username,u1_0.verified from users u1_0 where u1_0.email=?
Hibernate: select count(*) from users u1_0
Hibernate: select count(*) from properties p1_0
Hibernate: select count(p1_0.id) from properties p1_0 where p1_0.property_status=?
Hibernate: select count(p1_0.id) from properties p1_0 where p1_0.type=?
Hibernate: select count(*) from visit_requests v1_0
Hibernate: select count(*) from loan_applications l1_0
Hibernate: select u1_0.id,u1_0.bio,u1_0.blocked,u1_0.city,u1_0.email,u1_0.email_verified,u1_0.full_name,u1_0.mobile_number,u1_0.password,u1_0.profile_picture,u1_0.role,u1_0.state,u1_0.username,u1_0.verified from users u1_0 where u1_0.email=?
Hibernate: select u1_0.id,u1_0.bio,u1_0.blocked,u1_0.city,u1_0.email,u1_0.email_verified,u1_0.full_name,u1_0.mobile_number,u1_0.password,u1_0.profile_picture,u1_0.role,u1_0.state,u1_0.username,u1_0.verified from users u1_0
Hibernate: select u1_0.id,u1_0.bio,u1_0.blocked,u1_0.city,u1_0.email,u1_0.email_verified,u1_0.full_name,u1_0.mobile_number,u1_0.password,u1_0.profile_picture,u1_0.role,u1_0.state,u1_0.username,u1_0.verified from users u1_0 where u1_0.email=?
Hibernate: select u1_0.id,u1_0.bio,u1_0.blocked,u1_0.city,u1_0.email,u1_0.email_verified,u1_0.full_name,u1_0.mobile_number,u1_0.password,u1_0.profile_picture,u1_0.role,u1_0.state,u1_0.username,u1_0.verified from users u1_0
Hibernate: select u1_0.id,u1_0.bio,u1_0.blocked,u1_0.city,u1_0.email,u1_0.email_verified,u1_0.full_name,u1_0.mobile_number,u1_0.password,u1_0.profile_picture,u1_0.role,u1_0.state,u1_0.username,u1_0.verified from users u1_0 where u1_0.email=?
Hibernate: select u1_0.id,u1_0.bio,u1_0.blocked,u1_0.city,u1_0.email,u1_0.email_verified,u1_0.full_name,u1_0.mobile_number,u1_0.password,u1_0.profile_picture,u1_0.role,u1_0.state,u1_0.username,u1_0.verified from users u1_0 where u1_0.email=?
Hibernate: select v1_0.id,v1_0.contact_number,v1_0.created_at,v1_0.message,v1_0.property_id,v1_0.remarks,v1_0.status,v1_0.user_id,v1_0.visit_date from visit_requests v1_0
Hibernate: select v1_0.id,v1_0.contact_number,v1_0.created_at,v1_0.message,v1_0.property_id,v1_0.remarks,v1_0.status,v1_0.user_id,v1_0.visit_date from visit_requests v1_0
Hibernate: select u1_0.id,u1_0.bio,u1_0.blocked,u1_0.city,u1_0.email,u1_0.email_verified,u1_0.full_name,u1_0.mobile_number,u1_0.password,u1_0.profile_picture,u1_0.role,u1_0.state,u1_0.username,u1_0.verified from users u1_0 where u1_0.email=?
Hibernate: select u1_0.id,u1_0.bio,u1_0.blocked,u1_0.city,u1_0.email,u1_0.email_verified,u1_0.full_name,u1_0.mobile_number,u1_0.password,u1_0.profile_picture,u1_0.role,u1_0.state,u1_0.username,u1_0.verified from users u1_0 where u1_0.email=?
Hibernate: select v1_0.id,v1_0.contact_number,v1_0.created_at,v1_0.message,v1_0.property_id,v1_0.remarks,v1_0.status,v1_0.user_id,v1_0.visit_date from visit_requests v1_0
Hibernate: select v1_0.id,v1_0.contact_number,v1_0.created_at,v1_0.message,v1_0.property_id,v1_0.remarks,v1_0.status,v1_0.user_id,v1_0.visit_date from visit_requests v1_0
Hibernate: select u1_0.id,u1_0.bio,u1_0.blocked,u1_0.city,u1_0.email,u1_0.email_verified,u1_0.full_name,u1_0.mobile_number,u1_0.password,u1_0.profile_picture,u1_0.role,u1_0.state,u1_0.username,u1_0.verified from users u1_0 where u1_0.email=?
Hibernate: select l1_0.id,l1_0.admin_remarks,l1_0.annual_income,l1_0.bank_account_number,l1_0.bank_ifsc_code,l1_0.created_at,l1_0.document_url,l1_0.email,l1_0.employment_type,l1_0.full_name,l1_0.loan_amount,l1_0.message,l1_0.mobile,l1_0.pan_number,l1_0.property_id,l1_0.property_city,l1_0.selected_bank,l1_0.status,l1_0.tenure_years,l1_0.user_id from loan_applications l1_0
Hibernate: select p1_0.id,p1_0.address,p1_0.approved,p1_0.area,p1_0.balconies,p1_0.bathrooms,p1_0.bedrooms,p1_0.carpet_area,p1_0.category,p1_0.city,p1_0.contact_number,p1_0.created_at,p1_0.description,p1_0.featured,p1_0.floor_number,p1_0.latitude,p1_0.location,p1_0.longitude,p1_0.pincode,p1_0.price,p1_0.property_age,p1_0.property_status,p1_0.rejected,p1_0.seller_email,p1_0.seller_username,p1_0.state,p1_0.title,p1_0.total_floors,p1_0.type,u1_0.id,u1_0.bio,u1_0.blocked,u1_0.city,u1_0.email,u1_0.email_verified,u1_0.full_name,u1_0.mobile_number,u1_0.password,u1_0.profile_picture,u1_0.role,u1_0.state,u1_0.username,u1_0.verified,p1_0.user_type,p1_0.verified from properties p1_0 left join users u1_0 on u1_0.id=p1_0.user_id where p1_0.id=?
Hibernate: select a1_0.property_id,a1_0.amenity from property_amenities a1_0 where a1_0.property_id=?
Hibernate: select i1_0.property_id,i1_0.image_name from property_images i1_0 where i1_0.property_id=?
Hibernate: select i1_0.property_id,i1_0.image_url from property_image_urls i1_0 where i1_0.property_id=?
Hibernate: select v1_0.property_id,v1_0.video_name from property_videos v1_0 where v1_0.property_id=?
Hibernate: select v1_0.property_id,v1_0.video_url from property_video_urls v1_0 where v1_0.property_id=?
Hibernate: select u1_0.id,u1_0.bio,u1_0.blocked,u1_0.city,u1_0.email,u1_0.email_verified,u1_0.full_name,u1_0.mobile_number,u1_0.password,u1_0.profile_picture,u1_0.role,u1_0.state,u1_0.username,u1_0.verified from users u1_0 where u1_0.email=?
Hibernate: select l1_0.id,l1_0.admin_remarks,l1_0.annual_income,l1_0.bank_account_number,l1_0.bank_ifsc_code,l1_0.created_at,l1_0.document_url,l1_0.email,l1_0.employment_type,l1_0.full_name,l1_0.loan_amount,l1_0.message,l1_0.mobile,l1_0.pan_number,l1_0.property_id,l1_0.property_city,l1_0.selected_bank,l1_0.status,l1_0.tenure_years,l1_0.user_id from loan_applications l1_0
Hibernate: select p1_0.id,p1_0.address,p1_0.approved,p1_0.area,p1_0.balconies,p1_0.bathrooms,p1_0.bedrooms,p1_0.carpet_area,p1_0.category,p1_0.city,p1_0.contact_number,p1_0.created_at,p1_0.description,p1_0.featured,p1_0.floor_number,p1_0.latitude,p1_0.location,p1_0.longitude,p1_0.pincode,p1_0.price,p1_0.property_age,p1_0.property_status,p1_0.rejected,p1_0.seller_email,p1_0.seller_username,p1_0.state,p1_0.title,p1_0.total_floors,p1_0.type,u1_0.id,u1_0.bio,u1_0.blocked,u1_0.city,u1_0.email,u1_0.email_verified,u1_0.full_name,u1_0.mobile_number,u1_0.password,u1_0.profile_picture,u1_0.role,u1_0.state,u1_0.username,u1_0.verified,p1_0.user_type,p1_0.verified from properties p1_0 left join users u1_0 on u1_0.id=p1_0.user_id where p1_0.id=?
Hibernate: select a1_0.property_id,a1_0.amenity from property_amenities a1_0 where a1_0.property_id=?
Hibernate: select i1_0.property_id,i1_0.image_name from property_images i1_0 where i1_0.property_id=?
Hibernate: select i1_0.property_id,i1_0.image_url from property_image_urls i1_0 where i1_0.property_id=?
Hibernate: select v1_0.property_id,v1_0.video_name from property_videos v1_0 where v1_0.property_id=?
Hibernate: select v1_0.property_id,v1_0.video_url from property_video_urls v1_0 where v1_0.property_id=?
Hibernate: select u1_0.id,u1_0.bio,u1_0.blocked,u1_0.city,u1_0.email,u1_0.email_verified,u1_0.full_name,u1_0.mobile_number,u1_0.password,u1_0.profile_picture,u1_0.role,u1_0.state,u1_0.username,u1_0.verified from users u1_0 where u1_0.email=?
Hibernate: select u1_0.id,u1_0.bio,u1_0.blocked,u1_0.city,u1_0.email,u1_0.email_verified,u1_0.full_name,u1_0.mobile_number,u1_0.password,u1_0.profile_picture,u1_0.role,u1_0.state,u1_0.username,u1_0.verified from users u1_0 where u1_0.email=?
Hibernate: select p1_0.id,p1_0.address,p1_0.approved,p1_0.area,p1_0.balconies,p1_0.bathrooms,p1_0.bedrooms,p1_0.carpet_area,p1_0.category,p1_0.city,p1_0.contact_number,p1_0.created_at,p1_0.description,p1_0.featured,p1_0.floor_number,p1_0.latitude,p1_0.location,p1_0.longitude,p1_0.pincode,p1_0.price,p1_0.property_age,p1_0.property_status,p1_0.rejected,p1_0.seller_email,p1_0.seller_username,p1_0.state,p1_0.title,p1_0.total_floors,p1_0.type,p1_0.user_id,p1_0.user_type,p1_0.verified from properties p1_0 where p1_0.type=?
Hibernate: select u1_0.id,u1_0.bio,u1_0.blocked,u1_0.city,u1_0.email,u1_0.email_verified,u1_0.full_name,u1_0.mobile_number,u1_0.password,u1_0.profile_picture,u1_0.role,u1_0.state,u1_0.username,u1_0.verified from users u1_0 where u1_0.id=?
Hibernate: select i1_0.property_id,i1_0.image_name from property_images i1_0 where i1_0.property_id=?
Hibernate: select u1_0.id,u1_0.bio,u1_0.blocked,u1_0.city,u1_0.email,u1_0.email_verified,u1_0.full_name,u1_0.mobile_number,u1_0.password,u1_0.profile_picture,u1_0.role,u1_0.state,u1_0.username,u1_0.verified from users u1_0 where u1_0.email=?
Hibernate: select v1_0.property_id,v1_0.video_name from property_videos v1_0 where v1_0.property_id=?
✅ SECURITY: Unread messages access verified for user 3
Hibernate: select a1_0.property_id,a1_0.amenity from property_amenities a1_0 where a1_0.property_id=?
Hibernate: select i1_0.property_id,i1_0.image_name from property_images i1_0 where i1_0.property_id=?
Hibernate: select v1_0.property_id,v1_0.video_name from property_videos v1_0 where v1_0.property_id=?
Hibernate: select a1_0.property_id,a1_0.amenity from property_amenities a1_0 where a1_0.property_id=?
Hibernate: select i1_0.property_id,i1_0.image_name from property_images i1_0 where i1_0.property_id=?
Hibernate: select v1_0.property_id,v1_0.video_name from property_videos v1_0 where v1_0.property_id=?
Hibernate: select a1_0.property_id,a1_0.amenity from property_amenities a1_0 where a1_0.property_id=?
Hibernate: select i1_0.property_id,i1_0.image_name from property_images i1_0 where i1_0.property_id=?
Hibernate: select c1_0.id,c1_0.is_read,c1_0.message,c1_0.property_id,c1_0.receiver_id,c1_0.sender_id,c1_0.timestamp from chat_messages c1_0 where c1_0.receiver_id=? and not(c1_0.is_read)
Hibernate: select v1_0.property_id,v1_0.video_name from property_videos v1_0 where v1_0.property_id=?
Hibernate: select a1_0.property_id,a1_0.amenity from property_amenities a1_0 where a1_0.property_id=?
Hibernate: select i1_0.property_id,i1_0.image_name from property_images i1_0 where i1_0.property_id=?
Hibernate: select v1_0.property_id,v1_0.video_name from property_videos v1_0 where v1_0.property_id=?
Hibernate: select a1_0.property_id,a1_0.amenity from property_amenities a1_0 where a1_0.property_id=?
Hibernate: select i1_0.property_id,i1_0.image_name from property_images i1_0 where i1_0.property_id=?
Hibernate: select v1_0.property_id,v1_0.video_name from property_videos v1_0 where v1_0.property_id=?
Hibernate: select a1_0.property_id,a1_0.amenity from property_amenities a1_0 where a1_0.property_id=?
Hibernate: select i1_0.property_id,i1_0.image_name from property_images i1_0 where i1_0.property_id=?
Hibernate: select v1_0.property_id,v1_0.video_name from property_videos v1_0 where v1_0.property_id=?
Hibernate: select a1_0.property_id,a1_0.amenity from property_amenities a1_0 where a1_0.property_id=?
Hibernate: select i1_0.property_id,i1_0.image_name from property_images i1_0 where i1_0.property_id=?
Hibernate: select v1_0.property_id,v1_0.video_name from property_videos v1_0 where v1_0.property_id=?
Hibernate: select a1_0.property_id,a1_0.amenity from property_amenities a1_0 where a1_0.property_id=?
Hibernate: select i1_0.property_id,i1_0.image_name from property_images i1_0 where i1_0.property_id=?
Hibernate: select v1_0.property_id,v1_0.video_name from property_videos v1_0 where v1_0.property_id=?
Hibernate: select a1_0.property_id,a1_0.amenity from property_amenities a1_0 where a1_0.property_id=?
Hibernate: select i1_0.property_id,i1_0.image_name from property_images i1_0 where i1_0.property_id=?
Hibernate: select v1_0.property_id,v1_0.video_name from property_videos v1_0 where v1_0.property_id=?
Hibernate: select a1_0.property_id,a1_0.amenity from property_amenities a1_0 where a1_0.property_id=?
Hibernate: select i1_0.property_id,i1_0.image_name from property_images i1_0 where i1_0.property_id=?
Hibernate: select v1_0.property_id,v1_0.video_name from property_videos v1_0 where v1_0.property_id=?
Hibernate: select a1_0.property_id,a1_0.amenity from property_amenities a1_0 where a1_0.property_id=?
Hibernate: select i1_0.property_id,i1_0.image_name from property_images i1_0 where i1_0.property_id=?
Hibernate: select v1_0.property_id,v1_0.video_name from property_videos v1_0 where v1_0.property_id=?
Hibernate: select a1_0.property_id,a1_0.amenity from property_amenities a1_0 where a1_0.property_id=?
Hibernate: select i1_0.property_id,i1_0.image_name from property_images i1_0 where i1_0.property_id=?
Hibernate: select v1_0.property_id,v1_0.video_name from property_videos v1_0 where v1_0.property_id=?
Hibernate: select a1_0.property_id,a1_0.amenity from property_amenities a1_0 where a1_0.property_id=?
Hibernate: select i1_0.property_id,i1_0.image_name from property_images i1_0 where i1_0.property_id=?
Hibernate: select v1_0.property_id,v1_0.video_name from property_videos v1_0 where v1_0.property_id=?
Hibernate: select a1_0.property_id,a1_0.amenity from property_amenities a1_0 where a1_0.property_id=?
Hibernate: select i1_0.property_id,i1_0.image_name from property_images i1_0 where i1_0.property_id=?
Hibernate: select v1_0.property_id,v1_0.video_name from property_videos v1_0 where v1_0.property_id=?
Hibernate: select a1_0.property_id,a1_0.amenity from property_amenities a1_0 where a1_0.property_id=?
Hibernate: select i1_0.property_id,i1_0.image_name from property_images i1_0 where i1_0.property_id=?
Hibernate: select v1_0.property_id,v1_0.video_name from property_videos v1_0 where v1_0.property_id=?
Hibernate: select a1_0.property_id,a1_0.amenity from property_amenities a1_0 where a1_0.property_id=?
Hibernate: select i1_0.property_id,i1_0.image_name from property_images i1_0 where i1_0.property_id=?
Hibernate: select v1_0.property_id,v1_0.video_name from property_videos v1_0 where v1_0.property_id=?
Hibernate: select a1_0.property_id,a1_0.amenity from property_amenities a1_0 where a1_0.property_id=?
Hibernate: select i1_0.property_id,i1_0.image_name from property_images i1_0 where i1_0.property_id=?
Hibernate: select v1_0.property_id,v1_0.video_name from property_videos v1_0 where v1_0.property_id=?
Hibernate: select a1_0.property_id,a1_0.amenity from property_amenities a1_0 where a1_0.property_id=?
Hibernate: select i1_0.property_id,i1_0.image_name from property_images i1_0 where i1_0.property_id=?
Hibernate: select v1_0.property_id,v1_0.video_name from property_videos v1_0 where v1_0.property_id=?
Hibernate: select a1_0.property_id,a1_0.amenity from property_amenities a1_0 where a1_0.property_id=?
Hibernate: select i1_0.property_id,i1_0.image_name from property_images i1_0 where i1_0.property_id=?
Hibernate: select v1_0.property_id,v1_0.video_name from property_videos v1_0 where v1_0.property_id=?
Hibernate: select a1_0.property_id,a1_0.amenity from property_amenities a1_0 where a1_0.property_id=?
Hibernate: select i1_0.property_id,i1_0.image_name from property_images i1_0 where i1_0.property_id=?
Hibernate: select v1_0.property_id,v1_0.video_name from property_videos v1_0 where v1_0.property_id=?
Hibernate: select a1_0.property_id,a1_0.amenity from property_amenities a1_0 where a1_0.property_id=?
Hibernate: select i1_0.property_id,i1_0.image_name from property_images i1_0 where i1_0.property_id=?
Hibernate: select v1_0.property_id,v1_0.video_name from property_videos v1_0 where v1_0.property_id=?
Hibernate: select a1_0.property_id,a1_0.amenity from property_amenities a1_0 where a1_0.property_id=?
Hibernate: select i1_0.property_id,i1_0.image_name from property_images i1_0 where i1_0.property_id=?
Hibernate: select v1_0.property_id,v1_0.video_name from property_videos v1_0 where v1_0.property_id=?
Hibernate: select a1_0.property_id,a1_0.amenity from property_amenities a1_0 where a1_0.property_id=?
Hibernate: select i1_0.property_id,i1_0.image_name from property_images i1_0 where i1_0.property_id=?
Hibernate: select v1_0.property_id,v1_0.video_name from property_videos v1_0 where v1_0.property_id=?
Hibernate: select a1_0.property_id,a1_0.amenity from property_amenities a1_0 where a1_0.property_id=?
Hibernate: select i1_0.property_id,i1_0.image_name from property_images i1_0 where i1_0.property_id=?
Hibernate: select v1_0.property_id,v1_0.video_name from property_videos v1_0 where v1_0.property_id=?
Hibernate: select a1_0.property_id,a1_0.amenity from property_amenities a1_0 where a1_0.property_id=?
Hibernate: select i1_0.property_id,i1_0.image_name from property_images i1_0 where i1_0.property_id=?
Hibernate: select v1_0.property_id,v1_0.video_name from property_videos v1_0 where v1_0.property_id=?
Hibernate: select a1_0.property_id,a1_0.amenity from property_amenities a1_0 where a1_0.property_id=?
Hibernate: select i1_0.property_id,i1_0.image_name from property_images i1_0 where i1_0.property_id=?
Hibernate: select v1_0.property_id,v1_0.video_name from property_videos v1_0 where v1_0.property_id=?
Hibernate: select a1_0.property_id,a1_0.amenity from property_amenities a1_0 where a1_0.property_id=?
Hibernate: select i1_0.property_id,i1_0.image_name from property_images i1_0 where i1_0.property_id=?
Hibernate: select v1_0.property_id,v1_0.video_name from property_videos v1_0 where v1_0.property_id=?
Hibernate: select a1_0.property_id,a1_0.amenity from property_amenities a1_0 where a1_0.property_id=?
Hibernate: select i1_0.property_id,i1_0.image_name from property_images i1_0 where i1_0.property_id=?
Hibernate: select v1_0.property_id,v1_0.video_name from property_videos v1_0 where v1_0.property_id=?
Hibernate: select a1_0.property_id,a1_0.amenity from property_amenities a1_0 where a1_0.property_id=?
Hibernate: select i1_0.property_id,i1_0.image_name from property_images i1_0 where i1_0.property_id=?
Hibernate: select v1_0.property_id,v1_0.video_name from property_videos v1_0 where v1_0.property_id=?
Hibernate: select a1_0.property_id,a1_0.amenity from property_amenities a1_0 where a1_0.property_id=?
Hibernate: select u1_0.id,u1_0.bio,u1_0.blocked,u1_0.city,u1_0.email,u1_0.email_verified,u1_0.full_name,u1_0.mobile_number,u1_0.password,u1_0.profile_picture,u1_0.role,u1_0.state,u1_0.username,u1_0.verified from users u1_0 where u1_0.email=?
Hibernate: select i1_0.property_id,i1_0.image_name from property_images i1_0 where i1_0.property_id=?
Hibernate: select v1_0.property_id,v1_0.video_name from property_videos v1_0 where v1_0.property_id=?
Hibernate: select a1_0.property_id,a1_0.amenity from property_amenities a1_0 where a1_0.property_id=?
Hibernate: select i1_0.property_id,i1_0.image_name from property_images i1_0 where i1_0.property_id=?
Hibernate: select v1_0.property_id,v1_0.video_name from property_videos v1_0 where v1_0.property_id=?
Hibernate: select a1_0.property_id,a1_0.amenity from property_amenities a1_0 where a1_0.property_id=?
Hibernate: select i1_0.property_id,i1_0.image_name from property_images i1_0 where i1_0.property_id=?
Hibernate: select v1_0.property_id,v1_0.video_name from property_videos v1_0 where v1_0.property_id=?
Hibernate: select a1_0.property_id,a1_0.amenity from property_amenities a1_0 where a1_0.property_id=?
Hibernate: select i1_0.property_id,i1_0.image_name from property_images i1_0 where i1_0.property_id=?
Hibernate: select v1_0.property_id,v1_0.video_name from property_videos v1_0 where v1_0.property_id=?
Hibernate: select a1_0.property_id,a1_0.amenity from property_amenities a1_0 where a1_0.property_id=?
Hibernate: select i1_0.property_id,i1_0.image_name from property_images i1_0 where i1_0.property_id=?
Hibernate: select v1_0.property_id,v1_0.video_name from property_videos v1_0 where v1_0.property_id=?
Hibernate: select a1_0.property_id,a1_0.amenity from property_amenities a1_0 where a1_0.property_id=?
Hibernate: select p1_0.id,p1_0.address,p1_0.approved,p1_0.area,p1_0.balconies,p1_0.bathrooms,p1_0.bedrooms,p1_0.carpet_area,p1_0.category,p1_0.city,p1_0.contact_number,p1_0.created_at,p1_0.description,p1_0.featured,p1_0.floor_number,p1_0.latitude,p1_0.location,p1_0.longitude,p1_0.pincode,p1_0.price,p1_0.property_age,p1_0.property_status,p1_0.rejected,p1_0.seller_email,p1_0.seller_username,p1_0.state,p1_0.title,p1_0.total_floors,p1_0.type,p1_0.user_id,p1_0.user_type,p1_0.verified from properties p1_0 where p1_0.type=?
Hibernate: select u1_0.id,u1_0.bio,u1_0.blocked,u1_0.city,u1_0.email,u1_0.email_verified,u1_0.full_name,u1_0.mobile_number,u1_0.password,u1_0.profile_picture,u1_0.role,u1_0.state,u1_0.username,u1_0.verified from users u1_0 where u1_0.id=?
Hibernate: select i1_0.property_id,i1_0.image_name from property_images i1_0 where i1_0.property_id=?
Hibernate: select v1_0.property_id,v1_0.video_name from property_videos v1_0 where v1_0.property_id=?
Hibernate: select a1_0.property_id,a1_0.amenity from property_amenities a1_0 where a1_0.property_id=?
Hibernate: select i1_0.property_id,i1_0.image_name from property_images i1_0 where i1_0.property_id=?
Hibernate: select v1_0.property_id,v1_0.video_name from property_videos v1_0 where v1_0.property_id=?
Hibernate: select a1_0.property_id,a1_0.amenity from property_amenities a1_0 where a1_0.property_id=?
Hibernate: select i1_0.property_id,i1_0.image_name from property_images i1_0 where i1_0.property_id=?
Hibernate: select v1_0.property_id,v1_0.video_name from property_videos v1_0 where v1_0.property_id=?
Hibernate: select a1_0.property_id,a1_0.amenity from property_amenities a1_0 where a1_0.property_id=?
Hibernate: select i1_0.property_id,i1_0.image_name from property_images i1_0 where i1_0.property_id=?
Hibernate: select v1_0.property_id,v1_0.video_name from property_videos v1_0 where v1_0.property_id=?
Hibernate: select a1_0.property_id,a1_0.amenity from property_amenities a1_0 where a1_0.property_id=?
Hibernate: select i1_0.property_id,i1_0.image_name from property_images i1_0 where i1_0.property_id=?
Hibernate: select v1_0.property_id,v1_0.video_name from property_videos v1_0 where v1_0.property_id=?
Hibernate: select a1_0.property_id,a1_0.amenity from property_amenities a1_0 where a1_0.property_id=?
Hibernate: select i1_0.property_id,i1_0.image_name from property_images i1_0 where i1_0.property_id=?
Hibernate: select v1_0.property_id,v1_0.video_name from property_videos v1_0 where v1_0.property_id=?
Hibernate: select a1_0.property_id,a1_0.amenity from property_amenities a1_0 where a1_0.property_id=?
Hibernate: select i1_0.property_id,i1_0.image_name from property_images i1_0 where i1_0.property_id=?
Hibernate: select v1_0.property_id,v1_0.video_name from property_videos v1_0 where v1_0.property_id=?
Hibernate: select a1_0.property_id,a1_0.amenity from property_amenities a1_0 where a1_0.property_id=?
Hibernate: select i1_0.property_id,i1_0.image_name from property_images i1_0 where i1_0.property_id=?
Hibernate: select v1_0.property_id,v1_0.video_name from property_videos v1_0 where v1_0.property_id=?
Hibernate: select a1_0.property_id,a1_0.amenity from property_amenities a1_0 where a1_0.property_id=?
Hibernate: select i1_0.property_id,i1_0.image_name from property_images i1_0 where i1_0.property_id=?
Hibernate: select v1_0.property_id,v1_0.video_name from property_videos v1_0 where v1_0.property_id=?
Hibernate: select a1_0.property_id,a1_0.amenity from property_amenities a1_0 where a1_0.property_id=?
Hibernate: select i1_0.property_id,i1_0.image_name from property_images i1_0 where i1_0.property_id=?
Hibernate: select v1_0.property_id,v1_0.video_name from property_videos v1_0 where v1_0.property_id=?
Hibernate: select a1_0.property_id,a1_0.amenity from property_amenities a1_0 where a1_0.property_id=?
Hibernate: select i1_0.property_id,i1_0.image_name from property_images i1_0 where i1_0.property_id=?
Hibernate: select v1_0.property_id,v1_0.video_name from property_videos v1_0 where v1_0.property_id=?
Hibernate: select a1_0.property_id,a1_0.amenity from property_amenities a1_0 where a1_0.property_id=?
Hibernate: select i1_0.property_id,i1_0.image_name from property_images i1_0 where i1_0.property_id=?
Hibernate: select v1_0.property_id,v1_0.video_name from property_videos v1_0 where v1_0.property_id=?
Hibernate: select a1_0.property_id,a1_0.amenity from property_amenities a1_0 where a1_0.property_id=?
Hibernate: select i1_0.property_id,i1_0.image_name from property_images i1_0 where i1_0.property_id=?
Hibernate: select v1_0.property_id,v1_0.video_name from property_videos v1_0 where v1_0.property_id=?
Hibernate: select a1_0.property_id,a1_0.amenity from property_amenities a1_0 where a1_0.property_id=?
Hibernate: select i1_0.property_id,i1_0.image_name from property_images i1_0 where i1_0.property_id=?
Hibernate: select v1_0.property_id,v1_0.video_name from property_videos v1_0 where v1_0.property_id=?
Hibernate: select a1_0.property_id,a1_0.amenity from property_amenities a1_0 where a1_0.property_id=?
Hibernate: select i1_0.property_id,i1_0.image_name from property_images i1_0 where i1_0.property_id=?
Hibernate: select v1_0.property_id,v1_0.video_name from property_videos v1_0 where v1_0.property_id=?
Hibernate: select a1_0.property_id,a1_0.amenity from property_amenities a1_0 where a1_0.property_id=?
Hibernate: select i1_0.property_id,i1_0.image_name from property_images i1_0 where i1_0.property_id=?
Hibernate: select v1_0.property_id,v1_0.video_name from property_videos v1_0 where v1_0.property_id=?
Hibernate: select a1_0.property_id,a1_0.amenity from property_amenities a1_0 where a1_0.property_id=?
Hibernate: select i1_0.property_id,i1_0.image_name from property_images i1_0 where i1_0.property_id=?
Hibernate: select v1_0.property_id,v1_0.video_name from property_videos v1_0 where v1_0.property_id=?
Hibernate: select a1_0.property_id,a1_0.amenity from property_amenities a1_0 where a1_0.property_id=?
Hibernate: select i1_0.property_id,i1_0.image_name from property_images i1_0 where i1_0.property_id=?
Hibernate: select v1_0.property_id,v1_0.video_name from property_videos v1_0 where v1_0.property_id=?
Hibernate: select a1_0.property_id,a1_0.amenity from property_amenities a1_0 where a1_0.property_id=?
Hibernate: select i1_0.property_id,i1_0.image_name from property_images i1_0 where i1_0.property_id=?
Hibernate: select v1_0.property_id,v1_0.video_name from property_videos v1_0 where v1_0.property_id=?
Hibernate: select a1_0.property_id,a1_0.amenity from property_amenities a1_0 where a1_0.property_id=?
Hibernate: select i1_0.property_id,i1_0.image_name from property_images i1_0 where i1_0.property_id=?
Hibernate: select v1_0.property_id,v1_0.video_name from property_videos v1_0 where v1_0.property_id=?
Hibernate: select a1_0.property_id,a1_0.amenity from property_amenities a1_0 where a1_0.property_id=?
Hibernate: select i1_0.property_id,i1_0.image_name from property_images i1_0 where i1_0.property_id=?
Hibernate: select v1_0.property_id,v1_0.video_name from property_videos v1_0 where v1_0.property_id=?
Hibernate: select a1_0.property_id,a1_0.amenity from property_amenities a1_0 where a1_0.property_id=?
Hibernate: select i1_0.property_id,i1_0.image_name from property_images i1_0 where i1_0.property_id=?
Hibernate: select v1_0.property_id,v1_0.video_name from property_videos v1_0 where v1_0.property_id=?
2026-03-02T12:13:22.643+05:30  INFO 42475 --- [nio-8080-exec-5] c.r.o.controller.PropertyController      : Serving image file: 1772371800370_1.avif from /Users/ompatel/sdp/Online-RealEstate-System/Online-Real-Estate-System-main/uploads/1772371800370_1.avif
Hibernate: select a1_0.property_id,a1_0.amenity from property_amenities a1_0 where a1_0.property_id=?
Hibernate: select i1_0.property_id,i1_0.image_name from property_images i1_0 where i1_0.property_id=?
Hibernate: select v1_0.property_id,v1_0.video_name from property_videos v1_0 where v1_0.property_id=?
Hibernate: select a1_0.property_id,a1_0.amenity from property_amenities a1_0 where a1_0.property_id=?
Hibernate: select i1_0.property_id,i1_0.image_name from property_images i1_0 where i1_0.property_id=?
Hibernate: select v1_0.property_id,v1_0.video_name from property_videos v1_0 where v1_0.property_id=?
Hibernate: select a1_0.property_id,a1_0.amenity from property_amenities a1_0 where a1_0.property_id=?
Hibernate: select i1_0.property_id,i1_0.image_name from property_images i1_0 where i1_0.property_id=?
Hibernate: select v1_0.property_id,v1_0.video_name from property_videos v1_0 where v1_0.property_id=?
Hibernate: select a1_0.property_id,a1_0.amenity from property_amenities a1_0 where a1_0.property_id=?
Hibernate: select i1_0.property_id,i1_0.image_name from property_images i1_0 where i1_0.property_id=?
Hibernate: select v1_0.property_id,v1_0.video_name from property_videos v1_0 where v1_0.property_id=?
Hibernate: select a1_0.property_id,a1_0.amenity from property_amenities a1_0 where a1_0.property_id=?
Hibernate: select i1_0.property_id,i1_0.image_name from property_images i1_0 where i1_0.property_id=?
Hibernate: select v1_0.property_id,v1_0.video_name from property_videos v1_0 where v1_0.property_id=?
Hibernate: select a1_0.property_id,a1_0.amenity from property_amenities a1_0 where a1_0.property_id=?
Hibernate: select i1_0.property_id,i1_0.image_name from property_images i1_0 where i1_0.property_id=?
Hibernate: select v1_0.property_id,v1_0.video_name from property_videos v1_0 where v1_0.property_id=?
Hibernate: select a1_0.property_id,a1_0.amenity from property_amenities a1_0 where a1_0.property_id=?
Hibernate: select i1_0.property_id,i1_0.image_name from property_images i1_0 where i1_0.property_id=?
Hibernate: select v1_0.property_id,v1_0.video_name from property_videos v1_0 where v1_0.property_id=?
Hibernate: select a1_0.property_id,a1_0.amenity from property_amenities a1_0 where a1_0.property_id=?
Hibernate: select i1_0.property_id,i1_0.image_name from property_images i1_0 where i1_0.property_id=?
Hibernate: select v1_0.property_id,v1_0.video_name from property_videos v1_0 where v1_0.property_id=?
Hibernate: select a1_0.property_id,a1_0.amenity from property_amenities a1_0 where a1_0.property_id=?
Hibernate: select i1_0.property_id,i1_0.image_name from property_images i1_0 where i1_0.property_id=?
Hibernate: select v1_0.property_id,v1_0.video_name from property_videos v1_0 where v1_0.property_id=?
Hibernate: select a1_0.property_id,a1_0.amenity from property_amenities a1_0 where a1_0.property_id=?
Hibernate: select i1_0.property_id,i1_0.image_name from property_images i1_0 where i1_0.property_id=?
Hibernate: select v1_0.property_id,v1_0.video_name from property_videos v1_0 where v1_0.property_id=?
Hibernate: select a1_0.property_id,a1_0.amenity from property_amenities a1_0 where a1_0.property_id=?
Hibernate: select i1_0.property_id,i1_0.image_name from property_images i1_0 where i1_0.property_id=?
Hibernate: select v1_0.property_id,v1_0.video_name from property_videos v1_0 where v1_0.property_id=?
Hibernate: select a1_0.property_id,a1_0.amenity from property_amenities a1_0 where a1_0.property_id=?
Hibernate: select i1_0.property_id,i1_0.image_name from property_images i1_0 where i1_0.property_id=?
Hibernate: select v1_0.property_id,v1_0.video_name from property_videos v1_0 where v1_0.property_id=?
Hibernate: select a1_0.property_id,a1_0.amenity from property_amenities a1_0 where a1_0.property_id=?
Hibernate: select i1_0.property_id,i1_0.image_name from property_images i1_0 where i1_0.property_id=?
Hibernate: select v1_0.property_id,v1_0.video_name from property_videos v1_0 where v1_0.property_id=?
Hibernate: select a1_0.property_id,a1_0.amenity from property_amenities a1_0 where a1_0.property_id=?
WebSocket principal set to userId: 3
✅ WebSocket userId from query param: 1
✅ WebSocket token from query param
✅ WebSocket userId validated: 1
✅ WebSocket JWT token extracted and stored
✅ WebSocket handshake completed successfully
Hibernate: select u1_0.id,u1_0.bio,u1_0.blocked,u1_0.city,u1_0.email,u1_0.email_verified,u1_0.full_name,u1_0.mobile_number,u1_0.password,u1_0.profile_picture,u1_0.role,u1_0.state,u1_0.username,u1_0.verified from users u1_0 where u1_0.email=?
Hibernate: select u1_0.id,u1_0.bio,u1_0.blocked,u1_0.city,u1_0.email,u1_0.email_verified,u1_0.full_name,u1_0.mobile_number,u1_0.password,u1_0.profile_picture,u1_0.role,u1_0.state,u1_0.username,u1_0.verified from users u1_0 where u1_0.email=?
Hibernate: select u1_0.id,u1_0.bio,u1_0.blocked,u1_0.city,u1_0.email,u1_0.email_verified,u1_0.full_name,u1_0.mobile_number,u1_0.password,u1_0.profile_picture,u1_0.role,u1_0.state,u1_0.username,u1_0.verified from users u1_0 where u1_0.email=?
WebSocket principal set to userId: 1
WebSocket principal set to userId: 1
Hibernate: select u1_0.id,u1_0.bio,u1_0.blocked,u1_0.city,u1_0.email,u1_0.email_verified,u1_0.full_name,u1_0.mobile_number,u1_0.password,u1_0.profile_picture,u1_0.role,u1_0.state,u1_0.username,u1_0.verified from users u1_0 where u1_0.email=?
Hibernate: select p1_0.id,p1_0.address,p1_0.approved,p1_0.area,p1_0.balconies,p1_0.bathrooms,p1_0.bedrooms,p1_0.carpet_area,p1_0.category,p1_0.city,p1_0.contact_number,p1_0.created_at,p1_0.description,p1_0.featured,p1_0.floor_number,p1_0.latitude,p1_0.location,p1_0.longitude,p1_0.pincode,p1_0.price,p1_0.property_age,p1_0.property_status,p1_0.rejected,p1_0.seller_email,p1_0.seller_username,p1_0.state,p1_0.title,p1_0.total_floors,p1_0.type,p1_0.user_id,p1_0.user_type,p1_0.verified from properties p1_0 where p1_0.type=?
Hibernate: select p1_0.id,p1_0.address,p1_0.approved,p1_0.area,p1_0.balconies,p1_0.bathrooms,p1_0.bedrooms,p1_0.carpet_area,p1_0.category,p1_0.city,p1_0.contact_number,p1_0.created_at,p1_0.description,p1_0.featured,p1_0.floor_number,p1_0.latitude,p1_0.location,p1_0.longitude,p1_0.pincode,p1_0.price,p1_0.property_age,p1_0.property_status,p1_0.rejected,p1_0.seller_email,p1_0.seller_username,p1_0.state,p1_0.title,p1_0.total_floors,p1_0.type,p1_0.user_id,p1_0.user_type,p1_0.verified from properties p1_0 where p1_0.type=?
✅ SECURITY: Unread messages access verified for user 1
Hibernate: select u1_0.id,u1_0.bio,u1_0.blocked,u1_0.city,u1_0.email,u1_0.email_verified,u1_0.full_name,u1_0.mobile_number,u1_0.password,u1_0.profile_picture,u1_0.role,u1_0.state,u1_0.username,u1_0.verified from users u1_0 where u1_0.id=?
Hibernate: select u1_0.id,u1_0.bio,u1_0.blocked,u1_0.city,u1_0.email,u1_0.email_verified,u1_0.full_name,u1_0.mobile_number,u1_0.password,u1_0.profile_picture,u1_0.role,u1_0.state,u1_0.username,u1_0.verified from users u1_0 where u1_0.id=?
Hibernate: select c1_0.id,c1_0.is_read,c1_0.message,c1_0.property_id,c1_0.receiver_id,c1_0.sender_id,c1_0.timestamp from chat_messages c1_0 where c1_0.receiver_id=? and not(c1_0.is_read)
Hibernate: select i1_0.property_id,i1_0.image_name from property_images i1_0 where i1_0.property_id=?
Hibernate: select i1_0.property_id,i1_0.image_name from property_images i1_0 where i1_0.property_id=?
Hibernate: select v1_0.property_id,v1_0.video_name from property_videos v1_0 where v1_0.property_id=?
Hibernate: select v1_0.property_id,v1_0.video_name from property_videos v1_0 where v1_0.property_id=?
Hibernate: select a1_0.property_id,a1_0.amenity from property_amenities a1_0 where a1_0.property_id=?
Hibernate: select a1_0.property_id,a1_0.amenity from property_amenities a1_0 where a1_0.property_id=?
Hibernate: select i1_0.property_id,i1_0.image_name from property_images i1_0 where i1_0.property_id=?
Hibernate: select i1_0.property_id,i1_0.image_name from property_images i1_0 where i1_0.property_id=?
Hibernate: select v1_0.property_id,v1_0.video_name from property_videos v1_0 where v1_0.property_id=?
Hibernate: select v1_0.property_id,v1_0.video_name from property_videos v1_0 where v1_0.property_id=?
Hibernate: select a1_0.property_id,a1_0.amenity from property_amenities a1_0 where a1_0.property_id=?
Hibernate: select a1_0.property_id,a1_0.amenity from property_amenities a1_0 where a1_0.property_id=?
Hibernate: select i1_0.property_id,i1_0.image_name from property_images i1_0 where i1_0.property_id=?
Hibernate: select i1_0.property_id,i1_0.image_name from property_images i1_0 where i1_0.property_id=?
Hibernate: select v1_0.property_id,v1_0.video_name from property_videos v1_0 where v1_0.property_id=?
Hibernate: select v1_0.property_id,v1_0.video_name from property_videos v1_0 where v1_0.property_id=?
Hibernate: select a1_0.property_id,a1_0.amenity from property_amenities a1_0 where a1_0.property_id=?
Hibernate: select a1_0.property_id,a1_0.amenity from property_amenities a1_0 where a1_0.property_id=?
Hibernate: select i1_0.property_id,i1_0.image_name from property_images i1_0 where i1_0.property_id=?
Hibernate: select i1_0.property_id,i1_0.image_name from property_images i1_0 where i1_0.property_id=?
Hibernate: select v1_0.property_id,v1_0.video_name from property_videos v1_0 where v1_0.property_id=?
Hibernate: select v1_0.property_id,v1_0.video_name from property_videos v1_0 where v1_0.property_id=?
Hibernate: select a1_0.property_id,a1_0.amenity from property_amenities a1_0 where a1_0.property_id=?
Hibernate: select a1_0.property_id,a1_0.amenity from property_amenities a1_0 where a1_0.property_id=?
Hibernate: select i1_0.property_id,i1_0.image_name from property_images i1_0 where i1_0.property_id=?
Hibernate: select i1_0.property_id,i1_0.image_name from property_images i1_0 where i1_0.property_id=?
Hibernate: select v1_0.property_id,v1_0.video_name from property_videos v1_0 where v1_0.property_id=?
Hibernate: select v1_0.property_id,v1_0.video_name from property_videos v1_0 where v1_0.property_id=?
Hibernate: select a1_0.property_id,a1_0.amenity from property_amenities a1_0 where a1_0.property_id=?
Hibernate: select a1_0.property_id,a1_0.amenity from property_amenities a1_0 where a1_0.property_id=?
Hibernate: select i1_0.property_id,i1_0.image_name from property_images i1_0 where i1_0.property_id=?
Hibernate: select i1_0.property_id,i1_0.image_name from property_images i1_0 where i1_0.property_id=?
Hibernate: select v1_0.property_id,v1_0.video_name from property_videos v1_0 where v1_0.property_id=?
Hibernate: select v1_0.property_id,v1_0.video_name from property_videos v1_0 where v1_0.property_id=?
Hibernate: select a1_0.property_id,a1_0.amenity from property_amenities a1_0 where a1_0.property_id=?
Hibernate: select a1_0.property_id,a1_0.amenity from property_amenities a1_0 where a1_0.property_id=?
Hibernate: select i1_0.property_id,i1_0.image_name from property_images i1_0 where i1_0.property_id=?
Hibernate: select i1_0.property_id,i1_0.image_name from property_images i1_0 where i1_0.property_id=?
Hibernate: select v1_0.property_id,v1_0.video_name from property_videos v1_0 where v1_0.property_id=?
Hibernate: select a1_0.property_id,a1_0.amenity from property_amenities a1_0 where a1_0.property_id=?
Hibernate: select v1_0.property_id,v1_0.video_name from property_videos v1_0 where v1_0.property_id=?
Hibernate: select a1_0.property_id,a1_0.amenity from property_amenities a1_0 where a1_0.property_id=?
Hibernate: select i1_0.property_id,i1_0.image_name from property_images i1_0 where i1_0.property_id=?
Hibernate: select v1_0.property_id,v1_0.video_name from property_videos v1_0 where v1_0.property_id=?
Hibernate: select i1_0.property_id,i1_0.image_name from property_images i1_0 where i1_0.property_id=?
Hibernate: select a1_0.property_id,a1_0.amenity from property_amenities a1_0 where a1_0.property_id=?
Hibernate: select v1_0.property_id,v1_0.video_name from property_videos v1_0 where v1_0.property_id=?
Hibernate: select a1_0.property_id,a1_0.amenity from property_amenities a1_0 where a1_0.property_id=?
Hibernate: select i1_0.property_id,i1_0.image_name from property_images i1_0 where i1_0.property_id=?
Hibernate: select v1_0.property_id,v1_0.video_name from property_videos v1_0 where v1_0.property_id=?
Hibernate: select i1_0.property_id,i1_0.image_name from property_images i1_0 where i1_0.property_id=?
Hibernate: select a1_0.property_id,a1_0.amenity from property_amenities a1_0 where a1_0.property_id=?
Hibernate: select v1_0.property_id,v1_0.video_name from property_videos v1_0 where v1_0.property_id=?
Hibernate: select a1_0.property_id,a1_0.amenity from property_amenities a1_0 where a1_0.property_id=?
Hibernate: select i1_0.property_id,i1_0.image_name from property_images i1_0 where i1_0.property_id=?
Hibernate: select v1_0.property_id,v1_0.video_name from property_videos v1_0 where v1_0.property_id=?
Hibernate: select i1_0.property_id,i1_0.image_name from property_images i1_0 where i1_0.property_id=?
Hibernate: select a1_0.property_id,a1_0.amenity from property_amenities a1_0 where a1_0.property_id=?
Hibernate: select v1_0.property_id,v1_0.video_name from property_videos v1_0 where v1_0.property_id=?
Hibernate: select a1_0.property_id,a1_0.amenity from property_amenities a1_0 where a1_0.property_id=?
Hibernate: select i1_0.property_id,i1_0.image_name from property_images i1_0 where i1_0.property_id=?
Hibernate: select v1_0.property_id,v1_0.video_name from property_videos v1_0 where v1_0.property_id=?
Hibernate: select i1_0.property_id,i1_0.image_name from property_images i1_0 where i1_0.property_id=?
Hibernate: select a1_0.property_id,a1_0.amenity from property_amenities a1_0 where a1_0.property_id=?
Hibernate: select v1_0.property_id,v1_0.video_name from property_videos v1_0 where v1_0.property_id=?
Hibernate: select a1_0.property_id,a1_0.amenity from property_amenities a1_0 where a1_0.property_id=?
Hibernate: select i1_0.property_id,i1_0.image_name from property_images i1_0 where i1_0.property_id=?
Hibernate: select v1_0.property_id,v1_0.video_name from property_videos v1_0 where v1_0.property_id=?
Hibernate: select i1_0.property_id,i1_0.image_name from property_images i1_0 where i1_0.property_id=?
Hibernate: select a1_0.property_id,a1_0.amenity from property_amenities a1_0 where a1_0.property_id=?
Hibernate: select v1_0.property_id,v1_0.video_name from property_videos v1_0 where v1_0.property_id=?
Hibernate: select a1_0.property_id,a1_0.amenity from property_amenities a1_0 where a1_0.property_id=?
Hibernate: select i1_0.property_id,i1_0.image_name from property_images i1_0 where i1_0.property_id=?
Hibernate: select v1_0.property_id,v1_0.video_name from property_videos v1_0 where v1_0.property_id=?
Hibernate: select i1_0.property_id,i1_0.image_name from property_images i1_0 where i1_0.property_id=?
Hibernate: select a1_0.property_id,a1_0.amenity from property_amenities a1_0 where a1_0.property_id=?
Hibernate: select v1_0.property_id,v1_0.video_name from property_videos v1_0 where v1_0.property_id=?
Hibernate: select i1_0.property_id,i1_0.image_name from property_images i1_0 where i1_0.property_id=?
Hibernate: select a1_0.property_id,a1_0.amenity from property_amenities a1_0 where a1_0.property_id=?
Hibernate: select v1_0.property_id,v1_0.video_name from property_videos v1_0 where v1_0.property_id=?
Hibernate: select i1_0.property_id,i1_0.image_name from property_images i1_0 where i1_0.property_id=?
Hibernate: select a1_0.property_id,a1_0.amenity from property_amenities a1_0 where a1_0.property_id=?
Hibernate: select v1_0.property_id,v1_0.video_name from property_videos v1_0 where v1_0.property_id=?
Hibernate: select i1_0.property_id,i1_0.image_name from property_images i1_0 where i1_0.property_id=?
Hibernate: select a1_0.property_id,a1_0.amenity from property_amenities a1_0 where a1_0.property_id=?
Hibernate: select v1_0.property_id,v1_0.video_name from property_videos v1_0 where v1_0.property_id=?
Hibernate: select i1_0.property_id,i1_0.image_name from property_images i1_0 where i1_0.property_id=?
Hibernate: select a1_0.property_id,a1_0.amenity from property_amenities a1_0 where a1_0.property_id=?
Hibernate: select v1_0.property_id,v1_0.video_name from property_videos v1_0 where v1_0.property_id=?
Hibernate: select i1_0.property_id,i1_0.image_name from property_images i1_0 where i1_0.property_id=?
Hibernate: select a1_0.property_id,a1_0.amenity from property_amenities a1_0 where a1_0.property_id=?
Hibernate: select v1_0.property_id,v1_0.video_name from property_videos v1_0 where v1_0.property_id=?
Hibernate: select i1_0.property_id,i1_0.image_name from property_images i1_0 where i1_0.property_id=?
Hibernate: select a1_0.property_id,a1_0.amenity from property_amenities a1_0 where a1_0.property_id=?
Hibernate: select v1_0.property_id,v1_0.video_name from property_videos v1_0 where v1_0.property_id=?
Hibernate: select i1_0.property_id,i1_0.image_name from property_images i1_0 where i1_0.property_id=?
Hibernate: select a1_0.property_id,a1_0.amenity from property_amenities a1_0 where a1_0.property_id=?
Hibernate: select v1_0.property_id,v1_0.video_name from property_videos v1_0 where v1_0.property_id=?
Hibernate: select i1_0.property_id,i1_0.image_name from property_images i1_0 where i1_0.property_id=?
Hibernate: select a1_0.property_id,a1_0.amenity from property_amenities a1_0 where a1_0.property_id=?
Hibernate: select v1_0.property_id,v1_0.video_name from property_videos v1_0 where v1_0.property_id=?
Hibernate: select a1_0.property_id,a1_0.amenity from property_amenities a1_0 where a1_0.property_id=?
Hibernate: select i1_0.property_id,i1_0.image_name from property_images i1_0 where i1_0.property_id=?
Hibernate: select v1_0.property_id,v1_0.video_name from property_videos v1_0 where v1_0.property_id=?
Hibernate: select i1_0.property_id,i1_0.image_name from property_images i1_0 where i1_0.property_id=?
Hibernate: select v1_0.property_id,v1_0.video_name from property_videos v1_0 where v1_0.property_id=?
Hibernate: select a1_0.property_id,a1_0.amenity from property_amenities a1_0 where a1_0.property_id=?
Hibernate: select a1_0.property_id,a1_0.amenity from property_amenities a1_0 where a1_0.property_id=?
Hibernate: select i1_0.property_id,i1_0.image_name from property_images i1_0 where i1_0.property_id=?
Hibernate: select v1_0.property_id,v1_0.video_name from property_videos v1_0 where v1_0.property_id=?
Hibernate: select i1_0.property_id,i1_0.image_name from property_images i1_0 where i1_0.property_id=?
Hibernate: select a1_0.property_id,a1_0.amenity from property_amenities a1_0 where a1_0.property_id=?
Hibernate: select v1_0.property_id,v1_0.video_name from property_videos v1_0 where v1_0.property_id=?
Hibernate: select a1_0.property_id,a1_0.amenity from property_amenities a1_0 where a1_0.property_id=?
Hibernate: select i1_0.property_id,i1_0.image_name from property_images i1_0 where i1_0.property_id=?
Hibernate: select v1_0.property_id,v1_0.video_name from property_videos v1_0 where v1_0.property_id=?
Hibernate: select i1_0.property_id,i1_0.image_name from property_images i1_0 where i1_0.property_id=?
Hibernate: select a1_0.property_id,a1_0.amenity from property_amenities a1_0 where a1_0.property_id=?
Hibernate: select v1_0.property_id,v1_0.video_name from property_videos v1_0 where v1_0.property_id=?
Hibernate: select a1_0.property_id,a1_0.amenity from property_amenities a1_0 where a1_0.property_id=?
Hibernate: select i1_0.property_id,i1_0.image_name from property_images i1_0 where i1_0.property_id=?
Hibernate: select v1_0.property_id,v1_0.video_name from property_videos v1_0 where v1_0.property_id=?
Hibernate: select i1_0.property_id,i1_0.image_name from property_images i1_0 where i1_0.property_id=?
Hibernate: select v1_0.property_id,v1_0.video_name from property_videos v1_0 where v1_0.property_id=?
Hibernate: select a1_0.property_id,a1_0.amenity from property_amenities a1_0 where a1_0.property_id=?
Hibernate: select a1_0.property_id,a1_0.amenity from property_amenities a1_0 where a1_0.property_id=?
Hibernate: select i1_0.property_id,i1_0.image_name from property_images i1_0 where i1_0.property_id=?
Hibernate: select v1_0.property_id,v1_0.video_name from property_videos v1_0 where v1_0.property_id=?
Hibernate: select i1_0.property_id,i1_0.image_name from property_images i1_0 where i1_0.property_id=?
Hibernate: select a1_0.property_id,a1_0.amenity from property_amenities a1_0 where a1_0.property_id=?
Hibernate: select v1_0.property_id,v1_0.video_name from property_videos v1_0 where v1_0.property_id=?
Hibernate: select a1_0.property_id,a1_0.amenity from property_amenities a1_0 where a1_0.property_id=?
Hibernate: select i1_0.property_id,i1_0.image_name from property_images i1_0 where i1_0.property_id=?
Hibernate: select i1_0.property_id,i1_0.image_name from property_images i1_0 where i1_0.property_id=?
Hibernate: select v1_0.property_id,v1_0.video_name from property_videos v1_0 where v1_0.property_id=?
Hibernate: select v1_0.property_id,v1_0.video_name from property_videos v1_0 where v1_0.property_id=?
Hibernate: select a1_0.property_id,a1_0.amenity from property_amenities a1_0 where a1_0.property_id=?
Hibernate: select a1_0.property_id,a1_0.amenity from property_amenities a1_0 where a1_0.property_id=?
Hibernate: select i1_0.property_id,i1_0.image_name from property_images i1_0 where i1_0.property_id=?
Hibernate: select i1_0.property_id,i1_0.image_name from property_images i1_0 where i1_0.property_id=?
Hibernate: select v1_0.property_id,v1_0.video_name from property_videos v1_0 where v1_0.property_id=?
Hibernate: select v1_0.property_id,v1_0.video_name from property_videos v1_0 where v1_0.property_id=?
Hibernate: select a1_0.property_id,a1_0.amenity from property_amenities a1_0 where a1_0.property_id=?
Hibernate: select i1_0.property_id,i1_0.image_name from property_images i1_0 where i1_0.property_id=?
Hibernate: select a1_0.property_id,a1_0.amenity from property_amenities a1_0 where a1_0.property_id=?
Hibernate: select v1_0.property_id,v1_0.video_name from property_videos v1_0 where v1_0.property_id=?
Hibernate: select i1_0.property_id,i1_0.image_name from property_images i1_0 where i1_0.property_id=?
Hibernate: select a1_0.property_id,a1_0.amenity from property_amenities a1_0 where a1_0.property_id=?
Hibernate: select v1_0.property_id,v1_0.video_name from property_videos v1_0 where v1_0.property_id=?
Hibernate: select i1_0.property_id,i1_0.image_name from property_images i1_0 where i1_0.property_id=?
Hibernate: select a1_0.property_id,a1_0.amenity from property_amenities a1_0 where a1_0.property_id=?
Hibernate: select v1_0.property_id,v1_0.video_name from property_videos v1_0 where v1_0.property_id=?
Hibernate: select a1_0.property_id,a1_0.amenity from property_amenities a1_0 where a1_0.property_id=?
Hibernate: select i1_0.property_id,i1_0.image_name from property_images i1_0 where i1_0.property_id=?
Hibernate: select v1_0.property_id,v1_0.video_name from property_videos v1_0 where v1_0.property_id=?
Hibernate: select a1_0.property_id,a1_0.amenity from property_amenities a1_0 where a1_0.property_id=?
Hibernate: select i1_0.property_id,i1_0.image_name from property_images i1_0 where i1_0.property_id=?
Hibernate: select v1_0.property_id,v1_0.video_name from property_videos v1_0 where v1_0.property_id=?
Hibernate: select a1_0.property_id,a1_0.amenity from property_amenities a1_0 where a1_0.property_id=?
Hibernate: select i1_0.property_id,i1_0.image_name from property_images i1_0 where i1_0.property_id=?
Hibernate: select v1_0.property_id,v1_0.video_name from property_videos v1_0 where v1_0.property_id=?
Hibernate: select a1_0.property_id,a1_0.amenity from property_amenities a1_0 where a1_0.property_id=?
Hibernate: select i1_0.property_id,i1_0.image_name from property_images i1_0 where i1_0.property_id=?
Hibernate: select v1_0.property_id,v1_0.video_name from property_videos v1_0 where v1_0.property_id=?
Hibernate: select u1_0.id,u1_0.bio,u1_0.blocked,u1_0.city,u1_0.email,u1_0.email_verified,u1_0.full_name,u1_0.mobile_number,u1_0.password,u1_0.profile_picture,u1_0.role,u1_0.state,u1_0.username,u1_0.verified from users u1_0 where u1_0.email=?
Hibernate: select a1_0.property_id,a1_0.amenity from property_amenities a1_0 where a1_0.property_id=?
Hibernate: select i1_0.property_id,i1_0.image_name from property_images i1_0 where i1_0.property_id=?
Hibernate: select v1_0.property_id,v1_0.video_name from property_videos v1_0 where v1_0.property_id=?
Hibernate: select a1_0.property_id,a1_0.amenity from property_amenities a1_0 where a1_0.property_id=?
Hibernate: select i1_0.property_id,i1_0.image_name from property_images i1_0 where i1_0.property_id=?
Hibernate: select v1_0.property_id,v1_0.video_name from property_videos v1_0 where v1_0.property_id=?
Hibernate: select a1_0.property_id,a1_0.amenity from property_amenities a1_0 where a1_0.property_id=?
Hibernate: select i1_0.property_id,i1_0.image_name from property_images i1_0 where i1_0.property_id=?
Hibernate: select v1_0.property_id,v1_0.video_name from property_videos v1_0 where v1_0.property_id=?
Hibernate: select a1_0.property_id,a1_0.amenity from property_amenities a1_0 where a1_0.property_id=?
Hibernate: select p1_0.id,p1_0.address,p1_0.approved,p1_0.area,p1_0.balconies,p1_0.bathrooms,p1_0.bedrooms,p1_0.carpet_area,p1_0.category,p1_0.city,p1_0.contact_number,p1_0.created_at,p1_0.description,p1_0.featured,p1_0.floor_number,p1_0.latitude,p1_0.location,p1_0.longitude,p1_0.pincode,p1_0.price,p1_0.property_age,p1_0.property_status,p1_0.rejected,p1_0.seller_email,p1_0.seller_username,p1_0.state,p1_0.title,p1_0.total_floors,p1_0.type,p1_0.user_id,p1_0.user_type,p1_0.verified from properties p1_0 where p1_0.type=?
Hibernate: select i1_0.property_id,i1_0.image_name from property_images i1_0 where i1_0.property_id=?
Hibernate: select v1_0.property_id,v1_0.video_name from property_videos v1_0 where v1_0.property_id=?
Hibernate: select a1_0.property_id,a1_0.amenity from property_amenities a1_0 where a1_0.property_id=?
Hibernate: select u1_0.id,u1_0.bio,u1_0.blocked,u1_0.city,u1_0.email,u1_0.email_verified,u1_0.full_name,u1_0.mobile_number,u1_0.password,u1_0.profile_picture,u1_0.role,u1_0.state,u1_0.username,u1_0.verified from users u1_0 where u1_0.id=?
Hibernate: select i1_0.property_id,i1_0.image_name from property_images i1_0 where i1_0.property_id=?
Hibernate: select v1_0.property_id,v1_0.video_name from property_videos v1_0 where v1_0.property_id=?
Hibernate: select a1_0.property_id,a1_0.amenity from property_amenities a1_0 where a1_0.property_id=?
Hibernate: select i1_0.property_id,i1_0.image_name from property_images i1_0 where i1_0.property_id=?
Hibernate: select v1_0.property_id,v1_0.video_name from property_videos v1_0 where v1_0.property_id=?
Hibernate: select a1_0.property_id,a1_0.amenity from property_amenities a1_0 where a1_0.property_id=?
Hibernate: select i1_0.property_id,i1_0.image_name from property_images i1_0 where i1_0.property_id=?
Hibernate: select v1_0.property_id,v1_0.video_name from property_videos v1_0 where v1_0.property_id=?
Hibernate: select a1_0.property_id,a1_0.amenity from property_amenities a1_0 where a1_0.property_id=?
Hibernate: select i1_0.property_id,i1_0.image_name from property_images i1_0 where i1_0.property_id=?
Hibernate: select v1_0.property_id,v1_0.video_name from property_videos v1_0 where v1_0.property_id=?
Hibernate: select a1_0.property_id,a1_0.amenity from property_amenities a1_0 where a1_0.property_id=?
Hibernate: select i1_0.property_id,i1_0.image_name from property_images i1_0 where i1_0.property_id=?
Hibernate: select v1_0.property_id,v1_0.video_name from property_videos v1_0 where v1_0.property_id=?
Hibernate: select a1_0.property_id,a1_0.amenity from property_amenities a1_0 where a1_0.property_id=?
Hibernate: select i1_0.property_id,i1_0.image_name from property_images i1_0 where i1_0.property_id=?
Hibernate: select v1_0.property_id,v1_0.video_name from property_videos v1_0 where v1_0.property_id=?
Hibernate: select a1_0.property_id,a1_0.amenity from property_amenities a1_0 where a1_0.property_id=?
Hibernate: select i1_0.property_id,i1_0.image_name from property_images i1_0 where i1_0.property_id=?
Hibernate: select v1_0.property_id,v1_0.video_name from property_videos v1_0 where v1_0.property_id=?
Hibernate: select a1_0.property_id,a1_0.amenity from property_amenities a1_0 where a1_0.property_id=?
Hibernate: select i1_0.property_id,i1_0.image_name from property_images i1_0 where i1_0.property_id=?
Hibernate: select v1_0.property_id,v1_0.video_name from property_videos v1_0 where v1_0.property_id=?
Hibernate: select a1_0.property_id,a1_0.amenity from property_amenities a1_0 where a1_0.property_id=?
Hibernate: select i1_0.property_id,i1_0.image_name from property_images i1_0 where i1_0.property_id=?
Hibernate: select v1_0.property_id,v1_0.video_name from property_videos v1_0 where v1_0.property_id=?
Hibernate: select a1_0.property_id,a1_0.amenity from property_amenities a1_0 where a1_0.property_id=?
Hibernate: select i1_0.property_id,i1_0.image_name from property_images i1_0 where i1_0.property_id=?
Hibernate: select v1_0.property_id,v1_0.video_name from property_videos v1_0 where v1_0.property_id=?
Hibernate: select a1_0.property_id,a1_0.amenity from property_amenities a1_0 where a1_0.property_id=?
Hibernate: select i1_0.property_id,i1_0.image_name from property_images i1_0 where i1_0.property_id=?
Hibernate: select v1_0.property_id,v1_0.video_name from property_videos v1_0 where v1_0.property_id=?
Hibernate: select a1_0.property_id,a1_0.amenity from property_amenities a1_0 where a1_0.property_id=?
Hibernate: select i1_0.property_id,i1_0.image_name from property_images i1_0 where i1_0.property_id=?
Hibernate: select v1_0.property_id,v1_0.video_name from property_videos v1_0 where v1_0.property_id=?
Hibernate: select a1_0.property_id,a1_0.amenity from property_amenities a1_0 where a1_0.property_id=?
Hibernate: select i1_0.property_id,i1_0.image_name from property_images i1_0 where i1_0.property_id=?
Hibernate: select v1_0.property_id,v1_0.video_name from property_videos v1_0 where v1_0.property_id=?
Hibernate: select a1_0.property_id,a1_0.amenity from property_amenities a1_0 where a1_0.property_id=?
Hibernate: select i1_0.property_id,i1_0.image_name from property_images i1_0 where i1_0.property_id=?
Hibernate: select v1_0.property_id,v1_0.video_name from property_videos v1_0 where v1_0.property_id=?
Hibernate: select a1_0.property_id,a1_0.amenity from property_amenities a1_0 where a1_0.property_id=?
Hibernate: select i1_0.property_id,i1_0.image_name from property_images i1_0 where i1_0.property_id=?
Hibernate: select v1_0.property_id,v1_0.video_name from property_videos v1_0 where v1_0.property_id=?
Hibernate: select a1_0.property_id,a1_0.amenity from property_amenities a1_0 where a1_0.property_id=?
Hibernate: select i1_0.property_id,i1_0.image_name from property_images i1_0 where i1_0.property_id=?
Hibernate: select v1_0.property_id,v1_0.video_name from property_videos v1_0 where v1_0.property_id=?
Hibernate: select a1_0.property_id,a1_0.amenity from property_amenities a1_0 where a1_0.property_id=?
Hibernate: select i1_0.property_id,i1_0.image_name from property_images i1_0 where i1_0.property_id=?
Hibernate: select v1_0.property_id,v1_0.video_name from property_videos v1_0 where v1_0.property_id=?
Hibernate: select a1_0.property_id,a1_0.amenity from property_amenities a1_0 where a1_0.property_id=?
Hibernate: select i1_0.property_id,i1_0.image_name from property_images i1_0 where i1_0.property_id=?
Hibernate: select v1_0.property_id,v1_0.video_name from property_videos v1_0 where v1_0.property_id=?
Hibernate: select a1_0.property_id,a1_0.amenity from property_amenities a1_0 where a1_0.property_id=?
Hibernate: select i1_0.property_id,i1_0.image_name from property_images i1_0 where i1_0.property_id=?
Hibernate: select v1_0.property_id,v1_0.video_name from property_videos v1_0 where v1_0.property_id=?
Hibernate: select a1_0.property_id,a1_0.amenity from property_amenities a1_0 where a1_0.property_id=?
Hibernate: select i1_0.property_id,i1_0.image_name from property_images i1_0 where i1_0.property_id=?
Hibernate: select v1_0.property_id,v1_0.video_name from property_videos v1_0 where v1_0.property_id=?
Hibernate: select a1_0.property_id,a1_0.amenity from property_amenities a1_0 where a1_0.property_id=?
Hibernate: select i1_0.property_id,i1_0.image_name from property_images i1_0 where i1_0.property_id=?
Hibernate: select v1_0.property_id,v1_0.video_name from property_videos v1_0 where v1_0.property_id=?
Hibernate: select a1_0.property_id,a1_0.amenity from property_amenities a1_0 where a1_0.property_id=?
Hibernate: select i1_0.property_id,i1_0.image_name from property_images i1_0 where i1_0.property_id=?
Hibernate: select v1_0.property_id,v1_0.video_name from property_videos v1_0 where v1_0.property_id=?
Hibernate: select a1_0.property_id,a1_0.amenity from property_amenities a1_0 where a1_0.property_id=?
Hibernate: select i1_0.property_id,i1_0.image_name from property_images i1_0 where i1_0.property_id=?
Hibernate: select v1_0.property_id,v1_0.video_name from property_videos v1_0 where v1_0.property_id=?
Hibernate: select a1_0.property_id,a1_0.amenity from property_amenities a1_0 where a1_0.property_id=?
Hibernate: select i1_0.property_id,i1_0.image_name from property_images i1_0 where i1_0.property_id=?
Hibernate: select v1_0.property_id,v1_0.video_name from property_videos v1_0 where v1_0.property_id=?
Hibernate: select a1_0.property_id,a1_0.amenity from property_amenities a1_0 where a1_0.property_id=?
Hibernate: select i1_0.property_id,i1_0.image_name from property_images i1_0 where i1_0.property_id=?
Hibernate: select v1_0.property_id,v1_0.video_name from property_videos v1_0 where v1_0.property_id=?
Hibernate: select a1_0.property_id,a1_0.amenity from property_amenities a1_0 where a1_0.property_id=?
Hibernate: select i1_0.property_id,i1_0.image_name from property_images i1_0 where i1_0.property_id=?
Hibernate: select v1_0.property_id,v1_0.video_name from property_videos v1_0 where v1_0.property_id=?
Hibernate: select a1_0.property_id,a1_0.amenity from property_amenities a1_0 where a1_0.property_id=?
Hibernate: select i1_0.property_id,i1_0.image_name from property_images i1_0 where i1_0.property_id=?
Hibernate: select v1_0.property_id,v1_0.video_name from property_videos v1_0 where v1_0.property_id=?
Hibernate: select a1_0.property_id,a1_0.amenity from property_amenities a1_0 where a1_0.property_id=?
Hibernate: select i1_0.property_id,i1_0.image_name from property_images i1_0 where i1_0.property_id=?
Hibernate: select v1_0.property_id,v1_0.video_name from property_videos v1_0 where v1_0.property_id=?
Hibernate: select a1_0.property_id,a1_0.amenity from property_amenities a1_0 where a1_0.property_id=?
Hibernate: select i1_0.property_id,i1_0.image_name from property_images i1_0 where i1_0.property_id=?
Hibernate: select v1_0.property_id,v1_0.video_name from property_videos v1_0 where v1_0.property_id=?
Hibernate: select a1_0.property_id,a1_0.amenity from property_amenities a1_0 where a1_0.property_id=?
Hibernate: select i1_0.property_id,i1_0.image_name from property_images i1_0 where i1_0.property_id=?
Hibernate: select v1_0.property_id,v1_0.video_name from property_videos v1_0 where v1_0.property_id=?
Hibernate: select a1_0.property_id,a1_0.amenity from property_amenities a1_0 where a1_0.property_id=?
Hibernate: select i1_0.property_id,i1_0.image_name from property_images i1_0 where i1_0.property_id=?
Hibernate: select v1_0.property_id,v1_0.video_name from property_videos v1_0 where v1_0.property_id=?
Hibernate: select a1_0.property_id,a1_0.amenity from property_amenities a1_0 where a1_0.property_id=?
Hibernate: select i1_0.property_id,i1_0.image_name from property_images i1_0 where i1_0.property_id=?
Hibernate: select v1_0.property_id,v1_0.video_name from property_videos v1_0 where v1_0.property_id=?
Hibernate: select a1_0.property_id,a1_0.amenity from property_amenities a1_0 where a1_0.property_id=?
Hibernate: select i1_0.property_id,i1_0.image_name from property_images i1_0 where i1_0.property_id=?
Hibernate: select v1_0.property_id,v1_0.video_name from property_videos v1_0 where v1_0.property_id=?
Hibernate: select a1_0.property_id,a1_0.amenity from property_amenities a1_0 where a1_0.property_id=?
Hibernate: select i1_0.property_id,i1_0.image_name from property_images i1_0 where i1_0.property_id=?
Hibernate: select v1_0.property_id,v1_0.video_name from property_videos v1_0 where v1_0.property_id=?
Hibernate: select a1_0.property_id,a1_0.amenity from property_amenities a1_0 where a1_0.property_id=?
Hibernate: select i1_0.property_id,i1_0.image_name from property_images i1_0 where i1_0.property_id=?
Hibernate: select v1_0.property_id,v1_0.video_name from property_videos v1_0 where v1_0.property_id=?
Hibernate: select a1_0.property_id,a1_0.amenity from property_amenities a1_0 where a1_0.property_id=?
Hibernate: select i1_0.property_id,i1_0.image_name from property_images i1_0 where i1_0.property_id=?
Hibernate: select v1_0.property_id,v1_0.video_name from property_videos v1_0 where v1_0.property_id=?
Hibernate: select a1_0.property_id,a1_0.amenity from property_amenities a1_0 where a1_0.property_id=?
Hibernate: select u1_0.id,u1_0.bio,u1_0.blocked,u1_0.city,u1_0.email,u1_0.email_verified,u1_0.full_name,u1_0.mobile_number,u1_0.password,u1_0.profile_picture,u1_0.role,u1_0.state,u1_0.username,u1_0.verified from users u1_0 where u1_0.email=?
Hibernate: select u1_0.id,u1_0.bio,u1_0.blocked,u1_0.city,u1_0.email,u1_0.email_verified,u1_0.full_name,u1_0.mobile_number,u1_0.password,u1_0.profile_picture,u1_0.role,u1_0.state,u1_0.username,u1_0.verified from users u1_0 where u1_0.email=?
Hibernate: select p1_0.id,p1_0.address,p1_0.approved,p1_0.area,p1_0.balconies,p1_0.bathrooms,p1_0.bedrooms,p1_0.carpet_area,p1_0.category,p1_0.city,p1_0.contact_number,p1_0.created_at,p1_0.description,p1_0.featured,p1_0.floor_number,p1_0.latitude,p1_0.location,p1_0.longitude,p1_0.pincode,p1_0.price,p1_0.property_age,p1_0.property_status,p1_0.rejected,p1_0.seller_email,p1_0.seller_username,p1_0.state,p1_0.title,p1_0.total_floors,p1_0.type,p1_0.user_id,p1_0.user_type,p1_0.verified from properties p1_0 where p1_0.type=?
Hibernate: select p1_0.id,p1_0.address,p1_0.approved,p1_0.area,p1_0.balconies,p1_0.bathrooms,p1_0.bedrooms,p1_0.carpet_area,p1_0.category,p1_0.city,p1_0.contact_number,p1_0.created_at,p1_0.description,p1_0.featured,p1_0.floor_number,p1_0.latitude,p1_0.location,p1_0.longitude,p1_0.pincode,p1_0.price,p1_0.property_age,p1_0.property_status,p1_0.rejected,p1_0.seller_email,p1_0.seller_username,p1_0.state,p1_0.title,p1_0.total_floors,p1_0.type,p1_0.user_id,p1_0.user_type,p1_0.verified from properties p1_0 where p1_0.type=?
Hibernate: select u1_0.id,u1_0.bio,u1_0.blocked,u1_0.city,u1_0.email,u1_0.email_verified,u1_0.full_name,u1_0.mobile_number,u1_0.password,u1_0.profile_picture,u1_0.role,u1_0.state,u1_0.username,u1_0.verified from users u1_0 where u1_0.id=?
Hibernate: select u1_0.id,u1_0.bio,u1_0.blocked,u1_0.city,u1_0.email,u1_0.email_verified,u1_0.full_name,u1_0.mobile_number,u1_0.password,u1_0.profile_picture,u1_0.role,u1_0.state,u1_0.username,u1_0.verified from users u1_0 where u1_0.id=?
Hibernate: select i1_0.property_id,i1_0.image_name from property_images i1_0 where i1_0.property_id=?
Hibernate: select i1_0.property_id,i1_0.image_name from property_images i1_0 where i1_0.property_id=?
Hibernate: select v1_0.property_id,v1_0.video_name from property_videos v1_0 where v1_0.property_id=?
Hibernate: select v1_0.property_id,v1_0.video_name from property_videos v1_0 where v1_0.property_id=?
Hibernate: select a1_0.property_id,a1_0.amenity from property_amenities a1_0 where a1_0.property_id=?
Hibernate: select a1_0.property_id,a1_0.amenity from property_amenities a1_0 where a1_0.property_id=?
Hibernate: select i1_0.property_id,i1_0.image_name from property_images i1_0 where i1_0.property_id=?
Hibernate: select i1_0.property_id,i1_0.image_name from property_images i1_0 where i1_0.property_id=?
Hibernate: select v1_0.property_id,v1_0.video_name from property_videos v1_0 where v1_0.property_id=?
Hibernate: select v1_0.property_id,v1_0.video_name from property_videos v1_0 where v1_0.property_id=?
Hibernate: select a1_0.property_id,a1_0.amenity from property_amenities a1_0 where a1_0.property_id=?
Hibernate: select a1_0.property_id,a1_0.amenity from property_amenities a1_0 where a1_0.property_id=?
Hibernate: select i1_0.property_id,i1_0.image_name from property_images i1_0 where i1_0.property_id=?
Hibernate: select i1_0.property_id,i1_0.image_name from property_images i1_0 where i1_0.property_id=?
Hibernate: select v1_0.property_id,v1_0.video_name from property_videos v1_0 where v1_0.property_id=?
Hibernate: select v1_0.property_id,v1_0.video_name from property_videos v1_0 where v1_0.property_id=?
Hibernate: select a1_0.property_id,a1_0.amenity from property_amenities a1_0 where a1_0.property_id=?
Hibernate: select a1_0.property_id,a1_0.amenity from property_amenities a1_0 where a1_0.property_id=?
Hibernate: select i1_0.property_id,i1_0.image_name from property_images i1_0 where i1_0.property_id=?
Hibernate: select i1_0.property_id,i1_0.image_name from property_images i1_0 where i1_0.property_id=?
Hibernate: select v1_0.property_id,v1_0.video_name from property_videos v1_0 where v1_0.property_id=?
Hibernate: select v1_0.property_id,v1_0.video_name from property_videos v1_0 where v1_0.property_id=?
Hibernate: select a1_0.property_id,a1_0.amenity from property_amenities a1_0 where a1_0.property_id=?
Hibernate: select a1_0.property_id,a1_0.amenity from property_amenities a1_0 where a1_0.property_id=?
Hibernate: select i1_0.property_id,i1_0.image_name from property_images i1_0 where i1_0.property_id=?
Hibernate: select i1_0.property_id,i1_0.image_name from property_images i1_0 where i1_0.property_id=?
Hibernate: select v1_0.property_id,v1_0.video_name from property_videos v1_0 where v1_0.property_id=?
Hibernate: select v1_0.property_id,v1_0.video_name from property_videos v1_0 where v1_0.property_id=?
Hibernate: select a1_0.property_id,a1_0.amenity from property_amenities a1_0 where a1_0.property_id=?
Hibernate: select a1_0.property_id,a1_0.amenity from property_amenities a1_0 where a1_0.property_id=?
Hibernate: select i1_0.property_id,i1_0.image_name from property_images i1_0 where i1_0.property_id=?
Hibernate: select v1_0.property_id,v1_0.video_name from property_videos v1_0 where v1_0.property_id=?
Hibernate: select i1_0.property_id,i1_0.image_name from property_images i1_0 where i1_0.property_id=?
Hibernate: select a1_0.property_id,a1_0.amenity from property_amenities a1_0 where a1_0.property_id=?
Hibernate: select v1_0.property_id,v1_0.video_name from property_videos v1_0 where v1_0.property_id=?
Hibernate: select a1_0.property_id,a1_0.amenity from property_amenities a1_0 where a1_0.property_id=?
Hibernate: select i1_0.property_id,i1_0.image_name from property_images i1_0 where i1_0.property_id=?
Hibernate: select v1_0.property_id,v1_0.video_name from property_videos v1_0 where v1_0.property_id=?
Hibernate: select i1_0.property_id,i1_0.image_name from property_images i1_0 where i1_0.property_id=?
Hibernate: select a1_0.property_id,a1_0.amenity from property_amenities a1_0 where a1_0.property_id=?
Hibernate: select v1_0.property_id,v1_0.video_name from property_videos v1_0 where v1_0.property_id=?
Hibernate: select a1_0.property_id,a1_0.amenity from property_amenities a1_0 where a1_0.property_id=?
Hibernate: select i1_0.property_id,i1_0.image_name from property_images i1_0 where i1_0.property_id=?
Hibernate: select v1_0.property_id,v1_0.video_name from property_videos v1_0 where v1_0.property_id=?
Hibernate: select i1_0.property_id,i1_0.image_name from property_images i1_0 where i1_0.property_id=?
Hibernate: select a1_0.property_id,a1_0.amenity from property_amenities a1_0 where a1_0.property_id=?
Hibernate: select v1_0.property_id,v1_0.video_name from property_videos v1_0 where v1_0.property_id=?
Hibernate: select a1_0.property_id,a1_0.amenity from property_amenities a1_0 where a1_0.property_id=?
Hibernate: select i1_0.property_id,i1_0.image_name from property_images i1_0 where i1_0.property_id=?
Hibernate: select v1_0.property_id,v1_0.video_name from property_videos v1_0 where v1_0.property_id=?
Hibernate: select i1_0.property_id,i1_0.image_name from property_images i1_0 where i1_0.property_id=?
Hibernate: select a1_0.property_id,a1_0.amenity from property_amenities a1_0 where a1_0.property_id=?
Hibernate: select v1_0.property_id,v1_0.video_name from property_videos v1_0 where v1_0.property_id=?
Hibernate: select a1_0.property_id,a1_0.amenity from property_amenities a1_0 where a1_0.property_id=?
Hibernate: select i1_0.property_id,i1_0.image_name from property_images i1_0 where i1_0.property_id=?
Hibernate: select v1_0.property_id,v1_0.video_name from property_videos v1_0 where v1_0.property_id=?
Hibernate: select i1_0.property_id,i1_0.image_name from property_images i1_0 where i1_0.property_id=?
Hibernate: select a1_0.property_id,a1_0.amenity from property_amenities a1_0 where a1_0.property_id=?
Hibernate: select v1_0.property_id,v1_0.video_name from property_videos v1_0 where v1_0.property_id=?
Hibernate: select a1_0.property_id,a1_0.amenity from property_amenities a1_0 where a1_0.property_id=?
Hibernate: select i1_0.property_id,i1_0.image_name from property_images i1_0 where i1_0.property_id=?
Hibernate: select v1_0.property_id,v1_0.video_name from property_videos v1_0 where v1_0.property_id=?
Hibernate: select i1_0.property_id,i1_0.image_name from property_images i1_0 where i1_0.property_id=?
Hibernate: select a1_0.property_id,a1_0.amenity from property_amenities a1_0 where a1_0.property_id=?
Hibernate: select v1_0.property_id,v1_0.video_name from property_videos v1_0 where v1_0.property_id=?
Hibernate: select a1_0.property_id,a1_0.amenity from property_amenities a1_0 where a1_0.property_id=?
Hibernate: select i1_0.property_id,i1_0.image_name from property_images i1_0 where i1_0.property_id=?
Hibernate: select v1_0.property_id,v1_0.video_name from property_videos v1_0 where v1_0.property_id=?
Hibernate: select i1_0.property_id,i1_0.image_name from property_images i1_0 where i1_0.property_id=?
Hibernate: select a1_0.property_id,a1_0.amenity from property_amenities a1_0 where a1_0.property_id=?
Hibernate: select v1_0.property_id,v1_0.video_name from property_videos v1_0 where v1_0.property_id=?
Hibernate: select a1_0.property_id,a1_0.amenity from property_amenities a1_0 where a1_0.property_id=?
Hibernate: select i1_0.property_id,i1_0.image_name from property_images i1_0 where i1_0.property_id=?
Hibernate: select v1_0.property_id,v1_0.video_name from property_videos v1_0 where v1_0.property_id=?
Hibernate: select i1_0.property_id,i1_0.image_name from property_images i1_0 where i1_0.property_id=?
Hibernate: select a1_0.property_id,a1_0.amenity from property_amenities a1_0 where a1_0.property_id=?
Hibernate: select v1_0.property_id,v1_0.video_name from property_videos v1_0 where v1_0.property_id=?
Hibernate: select i1_0.property_id,i1_0.image_name from property_images i1_0 where i1_0.property_id=?
Hibernate: select a1_0.property_id,a1_0.amenity from property_amenities a1_0 where a1_0.property_id=?
Hibernate: select v1_0.property_id,v1_0.video_name from property_videos v1_0 where v1_0.property_id=?
Hibernate: select i1_0.property_id,i1_0.image_name from property_images i1_0 where i1_0.property_id=?
Hibernate: select a1_0.property_id,a1_0.amenity from property_amenities a1_0 where a1_0.property_id=?
Hibernate: select v1_0.property_id,v1_0.video_name from property_videos v1_0 where v1_0.property_id=?
Hibernate: select i1_0.property_id,i1_0.image_name from property_images i1_0 where i1_0.property_id=?
Hibernate: select a1_0.property_id,a1_0.amenity from property_amenities a1_0 where a1_0.property_id=?
Hibernate: select v1_0.property_id,v1_0.video_name from property_videos v1_0 where v1_0.property_id=?
Hibernate: select i1_0.property_id,i1_0.image_name from property_images i1_0 where i1_0.property_id=?
Hibernate: select a1_0.property_id,a1_0.amenity from property_amenities a1_0 where a1_0.property_id=?
Hibernate: select v1_0.property_id,v1_0.video_name from property_videos v1_0 where v1_0.property_id=?
Hibernate: select i1_0.property_id,i1_0.image_name from property_images i1_0 where i1_0.property_id=?
Hibernate: select a1_0.property_id,a1_0.amenity from property_amenities a1_0 where a1_0.property_id=?
Hibernate: select v1_0.property_id,v1_0.video_name from property_videos v1_0 where v1_0.property_id=?
Hibernate: select i1_0.property_id,i1_0.image_name from property_images i1_0 where i1_0.property_id=?
Hibernate: select a1_0.property_id,a1_0.amenity from property_amenities a1_0 where a1_0.property_id=?
Hibernate: select v1_0.property_id,v1_0.video_name from property_videos v1_0 where v1_0.property_id=?
Hibernate: select i1_0.property_id,i1_0.image_name from property_images i1_0 where i1_0.property_id=?
Hibernate: select a1_0.property_id,a1_0.amenity from property_amenities a1_0 where a1_0.property_id=?
Hibernate: select v1_0.property_id,v1_0.video_name from property_videos v1_0 where v1_0.property_id=?
Hibernate: select i1_0.property_id,i1_0.image_name from property_images i1_0 where i1_0.property_id=?
Hibernate: select a1_0.property_id,a1_0.amenity from property_amenities a1_0 where a1_0.property_id=?
Hibernate: select v1_0.property_id,v1_0.video_name from property_videos v1_0 where v1_0.property_id=?
Hibernate: select i1_0.property_id,i1_0.image_name from property_images i1_0 where i1_0.property_id=?
Hibernate: select a1_0.property_id,a1_0.amenity from property_amenities a1_0 where a1_0.property_id=?
Hibernate: select v1_0.property_id,v1_0.video_name from property_videos v1_0 where v1_0.property_id=?
Hibernate: select i1_0.property_id,i1_0.image_name from property_images i1_0 where i1_0.property_id=?
Hibernate: select a1_0.property_id,a1_0.amenity from property_amenities a1_0 where a1_0.property_id=?
Hibernate: select v1_0.property_id,v1_0.video_name from property_videos v1_0 where v1_0.property_id=?
Hibernate: select i1_0.property_id,i1_0.image_name from property_images i1_0 where i1_0.property_id=?
Hibernate: select a1_0.property_id,a1_0.amenity from property_amenities a1_0 where a1_0.property_id=?
Hibernate: select v1_0.property_id,v1_0.video_name from property_videos v1_0 where v1_0.property_id=?
Hibernate: select i1_0.property_id,i1_0.image_name from property_images i1_0 where i1_0.property_id=?
Hibernate: select a1_0.property_id,a1_0.amenity from property_amenities a1_0 where a1_0.property_id=?
Hibernate: select v1_0.property_id,v1_0.video_name from property_videos v1_0 where v1_0.property_id=?
Hibernate: select i1_0.property_id,i1_0.image_name from property_images i1_0 where i1_0.property_id=?
Hibernate: select a1_0.property_id,a1_0.amenity from property_amenities a1_0 where a1_0.property_id=?
Hibernate: select v1_0.property_id,v1_0.video_name from property_videos v1_0 where v1_0.property_id=?
Hibernate: select i1_0.property_id,i1_0.image_name from property_images i1_0 where i1_0.property_id=?
Hibernate: select a1_0.property_id,a1_0.amenity from property_amenities a1_0 where a1_0.property_id=?
Hibernate: select v1_0.property_id,v1_0.video_name from property_videos v1_0 where v1_0.property_id=?
Hibernate: select i1_0.property_id,i1_0.image_name from property_images i1_0 where i1_0.property_id=?
Hibernate: select a1_0.property_id,a1_0.amenity from property_amenities a1_0 where a1_0.property_id=?
Hibernate: select v1_0.property_id,v1_0.video_name from property_videos v1_0 where v1_0.property_id=?
Hibernate: select i1_0.property_id,i1_0.image_name from property_images i1_0 where i1_0.property_id=?
Hibernate: select a1_0.property_id,a1_0.amenity from property_amenities a1_0 where a1_0.property_id=?
Hibernate: select v1_0.property_id,v1_0.video_name from property_videos v1_0 where v1_0.property_id=?
Hibernate: select i1_0.property_id,i1_0.image_name from property_images i1_0 where i1_0.property_id=?
Hibernate: select a1_0.property_id,a1_0.amenity from property_amenities a1_0 where a1_0.property_id=?
Hibernate: select v1_0.property_id,v1_0.video_name from property_videos v1_0 where v1_0.property_id=?
Hibernate: select i1_0.property_id,i1_0.image_name from property_images i1_0 where i1_0.property_id=?
Hibernate: select a1_0.property_id,a1_0.amenity from property_amenities a1_0 where a1_0.property_id=?
Hibernate: select v1_0.property_id,v1_0.video_name from property_videos v1_0 where v1_0.property_id=?
Hibernate: select a1_0.property_id,a1_0.amenity from property_amenities a1_0 where a1_0.property_id=?
Hibernate: select i1_0.property_id,i1_0.image_name from property_images i1_0 where i1_0.property_id=?
Hibernate: select i1_0.property_id,i1_0.image_name from property_images i1_0 where i1_0.property_id=?
Hibernate: select v1_0.property_id,v1_0.video_name from property_videos v1_0 where v1_0.property_id=?
Hibernate: select v1_0.property_id,v1_0.video_name from property_videos v1_0 where v1_0.property_id=?
Hibernate: select a1_0.property_id,a1_0.amenity from property_amenities a1_0 where a1_0.property_id=?
Hibernate: select a1_0.property_id,a1_0.amenity from property_amenities a1_0 where a1_0.property_id=?
Hibernate: select i1_0.property_id,i1_0.image_name from property_images i1_0 where i1_0.property_id=?
Hibernate: select i1_0.property_id,i1_0.image_name from property_images i1_0 where i1_0.property_id=?
Hibernate: select v1_0.property_id,v1_0.video_name from property_videos v1_0 where v1_0.property_id=?
Hibernate: select v1_0.property_id,v1_0.video_name from property_videos v1_0 where v1_0.property_id=?
Hibernate: select a1_0.property_id,a1_0.amenity from property_amenities a1_0 where a1_0.property_id=?
Hibernate: select a1_0.property_id,a1_0.amenity from property_amenities a1_0 where a1_0.property_id=?
Hibernate: select i1_0.property_id,i1_0.image_name from property_images i1_0 where i1_0.property_id=?
Hibernate: select i1_0.property_id,i1_0.image_name from property_images i1_0 where i1_0.property_id=?
Hibernate: select v1_0.property_id,v1_0.video_name from property_videos v1_0 where v1_0.property_id=?
Hibernate: select v1_0.property_id,v1_0.video_name from property_videos v1_0 where v1_0.property_id=?
Hibernate: select a1_0.property_id,a1_0.amenity from property_amenities a1_0 where a1_0.property_id=?
Hibernate: select a1_0.property_id,a1_0.amenity from property_amenities a1_0 where a1_0.property_id=?
Hibernate: select i1_0.property_id,i1_0.image_name from property_images i1_0 where i1_0.property_id=?
Hibernate: select v1_0.property_id,v1_0.video_name from property_videos v1_0 where v1_0.property_id=?
Hibernate: select a1_0.property_id,a1_0.amenity from property_amenities a1_0 where a1_0.property_id=?
Hibernate: select i1_0.property_id,i1_0.image_name from property_images i1_0 where i1_0.property_id=?
Hibernate: select v1_0.property_id,v1_0.video_name from property_videos v1_0 where v1_0.property_id=?
Hibernate: select a1_0.property_id,a1_0.amenity from property_amenities a1_0 where a1_0.property_id=?
Hibernate: select i1_0.property_id,i1_0.image_name from property_images i1_0 where i1_0.property_id=?
Hibernate: select v1_0.property_id,v1_0.video_name from property_videos v1_0 where v1_0.property_id=?
Hibernate: select a1_0.property_id,a1_0.amenity from property_amenities a1_0 where a1_0.property_id=?
Hibernate: select i1_0.property_id,i1_0.image_name from property_images i1_0 where i1_0.property_id=?
Hibernate: select v1_0.property_id,v1_0.video_name from property_videos v1_0 where v1_0.property_id=?
Hibernate: select a1_0.property_id,a1_0.amenity from property_amenities a1_0 where a1_0.property_id=?
Hibernate: select i1_0.property_id,i1_0.image_name from property_images i1_0 where i1_0.property_id=?
Hibernate: select v1_0.property_id,v1_0.video_name from property_videos v1_0 where v1_0.property_id=?
Hibernate: select a1_0.property_id,a1_0.amenity from property_amenities a1_0 where a1_0.property_id=?
Hibernate: select i1_0.property_id,i1_0.image_name from property_images i1_0 where i1_0.property_id=?
Hibernate: select v1_0.property_id,v1_0.video_name from property_videos v1_0 where v1_0.property_id=?
Hibernate: select a1_0.property_id,a1_0.amenity from property_amenities a1_0 where a1_0.property_id=?
Hibernate: select i1_0.property_id,i1_0.image_name from property_images i1_0 where i1_0.property_id=?
Hibernate: select v1_0.property_id,v1_0.video_name from property_videos v1_0 where v1_0.property_id=?
Hibernate: select a1_0.property_id,a1_0.amenity from property_amenities a1_0 where a1_0.property_id=?
Hibernate: select i1_0.property_id,i1_0.image_name from property_images i1_0 where i1_0.property_id=?
Hibernate: select v1_0.property_id,v1_0.video_name from property_videos v1_0 where v1_0.property_id=?
Hibernate: select a1_0.property_id,a1_0.amenity from property_amenities a1_0 where a1_0.property_id=?
Hibernate: select i1_0.property_id,i1_0.image_name from property_images i1_0 where i1_0.property_id=?
Hibernate: select v1_0.property_id,v1_0.video_name from property_videos v1_0 where v1_0.property_id=?
Hibernate: select a1_0.property_id,a1_0.amenity from property_amenities a1_0 where a1_0.property_id=?
Hibernate: select i1_0.property_id,i1_0.image_name from property_images i1_0 where i1_0.property_id=?
Hibernate: select v1_0.property_id,v1_0.video_name from property_videos v1_0 where v1_0.property_id=?
Hibernate: select a1_0.property_id,a1_0.amenity from property_amenities a1_0 where a1_0.property_id=?
2026-03-02T12:19:58.591+05:30  INFO 42475 --- [nio-8080-exec-7] c.r.o.controller.PropertyController      : Serving image file: 1772371800370_1.avif from /Users/ompatel/sdp/Online-RealEstate-System/Online-Real-Estate-System-main/uploads/1772371800370_1.avif
Hibernate: select u1_0.id,u1_0.bio,u1_0.blocked,u1_0.city,u1_0.email,u1_0.email_verified,u1_0.full_name,u1_0.mobile_number,u1_0.password,u1_0.profile_picture,u1_0.role,u1_0.state,u1_0.username,u1_0.verified from users u1_0 where u1_0.email=?
Hibernate: select p1_0.id,p1_0.address,p1_0.approved,p1_0.area,p1_0.balconies,p1_0.bathrooms,p1_0.bedrooms,p1_0.carpet_area,p1_0.category,p1_0.city,p1_0.contact_number,p1_0.created_at,p1_0.description,p1_0.featured,p1_0.floor_number,p1_0.latitude,p1_0.location,p1_0.longitude,p1_0.pincode,p1_0.price,p1_0.property_age,p1_0.property_status,p1_0.rejected,p1_0.seller_email,p1_0.seller_username,p1_0.state,p1_0.title,p1_0.total_floors,p1_0.type,p1_0.user_id,p1_0.user_type,p1_0.verified from properties p1_0 where p1_0.type=?
Hibernate: select u1_0.id,u1_0.bio,u1_0.blocked,u1_0.city,u1_0.email,u1_0.email_verified,u1_0.full_name,u1_0.mobile_number,u1_0.password,u1_0.profile_picture,u1_0.role,u1_0.state,u1_0.username,u1_0.verified from users u1_0 where u1_0.id=?
Hibernate: select u1_0.id,u1_0.bio,u1_0.blocked,u1_0.city,u1_0.email,u1_0.email_verified,u1_0.full_name,u1_0.mobile_number,u1_0.password,u1_0.profile_picture,u1_0.role,u1_0.state,u1_0.username,u1_0.verified from users u1_0 where u1_0.email=?
Hibernate: select i1_0.property_id,i1_0.image_name from property_images i1_0 where i1_0.property_id=?
Hibernate: select v1_0.property_id,v1_0.video_name from property_videos v1_0 where v1_0.property_id=?
Hibernate: select a1_0.property_id,a1_0.amenity from property_amenities a1_0 where a1_0.property_id=?
Hibernate: select i1_0.property_id,i1_0.image_name from property_images i1_0 where i1_0.property_id=?
Hibernate: select v1_0.property_id,v1_0.video_name from property_videos v1_0 where v1_0.property_id=?
Hibernate: select a1_0.property_id,a1_0.amenity from property_amenities a1_0 where a1_0.property_id=?
Hibernate: select i1_0.property_id,i1_0.image_name from property_images i1_0 where i1_0.property_id=?
Hibernate: select v1_0.property_id,v1_0.video_name from property_videos v1_0 where v1_0.property_id=?
Hibernate: select a1_0.property_id,a1_0.amenity from property_amenities a1_0 where a1_0.property_id=?
Hibernate: select p1_0.id,p1_0.address,p1_0.approved,p1_0.area,p1_0.balconies,p1_0.bathrooms,p1_0.bedrooms,p1_0.carpet_area,p1_0.category,p1_0.city,p1_0.contact_number,p1_0.created_at,p1_0.description,p1_0.featured,p1_0.floor_number,p1_0.latitude,p1_0.location,p1_0.longitude,p1_0.pincode,p1_0.price,p1_0.property_age,p1_0.property_status,p1_0.rejected,p1_0.seller_email,p1_0.seller_username,p1_0.state,p1_0.title,p1_0.total_floors,p1_0.type,p1_0.user_id,p1_0.user_type,p1_0.verified from properties p1_0 where p1_0.type=?
Hibernate: select i1_0.property_id,i1_0.image_name from property_images i1_0 where i1_0.property_id=?
Hibernate: select v1_0.property_id,v1_0.video_name from property_videos v1_0 where v1_0.property_id=?
Hibernate: select a1_0.property_id,a1_0.amenity from property_amenities a1_0 where a1_0.property_id=?
Hibernate: select u1_0.id,u1_0.bio,u1_0.blocked,u1_0.city,u1_0.email,u1_0.email_verified,u1_0.full_name,u1_0.mobile_number,u1_0.password,u1_0.profile_picture,u1_0.role,u1_0.state,u1_0.username,u1_0.verified from users u1_0 where u1_0.id=?
Hibernate: select i1_0.property_id,i1_0.image_name from property_images i1_0 where i1_0.property_id=?
Hibernate: select v1_0.property_id,v1_0.video_name from property_videos v1_0 where v1_0.property_id=?
Hibernate: select a1_0.property_id,a1_0.amenity from property_amenities a1_0 where a1_0.property_id=?
Hibernate: select i1_0.property_id,i1_0.image_name from property_images i1_0 where i1_0.property_id=?
Hibernate: select v1_0.property_id,v1_0.video_name from property_videos v1_0 where v1_0.property_id=?
Hibernate: select a1_0.property_id,a1_0.amenity from property_amenities a1_0 where a1_0.property_id=?
Hibernate: select i1_0.property_id,i1_0.image_name from property_images i1_0 where i1_0.property_id=?
Hibernate: select v1_0.property_id,v1_0.video_name from property_videos v1_0 where v1_0.property_id=?
Hibernate: select a1_0.property_id,a1_0.amenity from property_amenities a1_0 where a1_0.property_id=?
Hibernate: select i1_0.property_id,i1_0.image_name from property_images i1_0 where i1_0.property_id=?
Hibernate: select v1_0.property_id,v1_0.video_name from property_videos v1_0 where v1_0.property_id=?
Hibernate: select a1_0.property_id,a1_0.amenity from property_amenities a1_0 where a1_0.property_id=?
Hibernate: select i1_0.property_id,i1_0.image_name from property_images i1_0 where i1_0.property_id=?
Hibernate: select v1_0.property_id,v1_0.video_name from property_videos v1_0 where v1_0.property_id=?
Hibernate: select a1_0.property_id,a1_0.amenity from property_amenities a1_0 where a1_0.property_id=?
Hibernate: select i1_0.property_id,i1_0.image_name from property_images i1_0 where i1_0.property_id=?
Hibernate: select i1_0.property_id,i1_0.image_name from property_images i1_0 where i1_0.property_id=?
Hibernate: select v1_0.property_id,v1_0.video_name from property_videos v1_0 where v1_0.property_id=?
Hibernate: select v1_0.property_id,v1_0.video_name from property_videos v1_0 where v1_0.property_id=?
Hibernate: select a1_0.property_id,a1_0.amenity from property_amenities a1_0 where a1_0.property_id=?
Hibernate: select a1_0.property_id,a1_0.amenity from property_amenities a1_0 where a1_0.property_id=?
Hibernate: select i1_0.property_id,i1_0.image_name from property_images i1_0 where i1_0.property_id=?
Hibernate: select i1_0.property_id,i1_0.image_name from property_images i1_0 where i1_0.property_id=?
Hibernate: select v1_0.property_id,v1_0.video_name from property_videos v1_0 where v1_0.property_id=?
Hibernate: select v1_0.property_id,v1_0.video_name from property_videos v1_0 where v1_0.property_id=?
Hibernate: select a1_0.property_id,a1_0.amenity from property_amenities a1_0 where a1_0.property_id=?
Hibernate: select a1_0.property_id,a1_0.amenity from property_amenities a1_0 where a1_0.property_id=?
Hibernate: select i1_0.property_id,i1_0.image_name from property_images i1_0 where i1_0.property_id=?
Hibernate: select v1_0.property_id,v1_0.video_name from property_videos v1_0 where v1_0.property_id=?
Hibernate: select i1_0.property_id,i1_0.image_name from property_images i1_0 where i1_0.property_id=?
Hibernate: select a1_0.property_id,a1_0.amenity from property_amenities a1_0 where a1_0.property_id=?
Hibernate: select v1_0.property_id,v1_0.video_name from property_videos v1_0 where v1_0.property_id=?
Hibernate: select a1_0.property_id,a1_0.amenity from property_amenities a1_0 where a1_0.property_id=?
Hibernate: select i1_0.property_id,i1_0.image_name from property_images i1_0 where i1_0.property_id=?
Hibernate: select v1_0.property_id,v1_0.video_name from property_videos v1_0 where v1_0.property_id=?
Hibernate: select i1_0.property_id,i1_0.image_name from property_images i1_0 where i1_0.property_id=?
Hibernate: select a1_0.property_id,a1_0.amenity from property_amenities a1_0 where a1_0.property_id=?
Hibernate: select v1_0.property_id,v1_0.video_name from property_videos v1_0 where v1_0.property_id=?
Hibernate: select a1_0.property_id,a1_0.amenity from property_amenities a1_0 where a1_0.property_id=?
Hibernate: select i1_0.property_id,i1_0.image_name from property_images i1_0 where i1_0.property_id=?
Hibernate: select v1_0.property_id,v1_0.video_name from property_videos v1_0 where v1_0.property_id=?
Hibernate: select i1_0.property_id,i1_0.image_name from property_images i1_0 where i1_0.property_id=?
Hibernate: select a1_0.property_id,a1_0.amenity from property_amenities a1_0 where a1_0.property_id=?
Hibernate: select v1_0.property_id,v1_0.video_name from property_videos v1_0 where v1_0.property_id=?
Hibernate: select a1_0.property_id,a1_0.amenity from property_amenities a1_0 where a1_0.property_id=?
Hibernate: select i1_0.property_id,i1_0.image_name from property_images i1_0 where i1_0.property_id=?
Hibernate: select v1_0.property_id,v1_0.video_name from property_videos v1_0 where v1_0.property_id=?
Hibernate: select i1_0.property_id,i1_0.image_name from property_images i1_0 where i1_0.property_id=?
Hibernate: select v1_0.property_id,v1_0.video_name from property_videos v1_0 where v1_0.property_id=?
Hibernate: select a1_0.property_id,a1_0.amenity from property_amenities a1_0 where a1_0.property_id=?
Hibernate: select a1_0.property_id,a1_0.amenity from property_amenities a1_0 where a1_0.property_id=?
Hibernate: select i1_0.property_id,i1_0.image_name from property_images i1_0 where i1_0.property_id=?
Hibernate: select i1_0.property_id,i1_0.image_name from property_images i1_0 where i1_0.property_id=?
Hibernate: select v1_0.property_id,v1_0.video_name from property_videos v1_0 where v1_0.property_id=?
Hibernate: select v1_0.property_id,v1_0.video_name from property_videos v1_0 where v1_0.property_id=?
Hibernate: select a1_0.property_id,a1_0.amenity from property_amenities a1_0 where a1_0.property_id=?
Hibernate: select a1_0.property_id,a1_0.amenity from property_amenities a1_0 where a1_0.property_id=?
Hibernate: select i1_0.property_id,i1_0.image_name from property_images i1_0 where i1_0.property_id=?
Hibernate: select i1_0.property_id,i1_0.image_name from property_images i1_0 where i1_0.property_id=?
Hibernate: select v1_0.property_id,v1_0.video_name from property_videos v1_0 where v1_0.property_id=?
Hibernate: select v1_0.property_id,v1_0.video_name from property_videos v1_0 where v1_0.property_id=?
Hibernate: select a1_0.property_id,a1_0.amenity from property_amenities a1_0 where a1_0.property_id=?
Hibernate: select a1_0.property_id,a1_0.amenity from property_amenities a1_0 where a1_0.property_id=?
Hibernate: select i1_0.property_id,i1_0.image_name from property_images i1_0 where i1_0.property_id=?
Hibernate: select i1_0.property_id,i1_0.image_name from property_images i1_0 where i1_0.property_id=?
Hibernate: select v1_0.property_id,v1_0.video_name from property_videos v1_0 where v1_0.property_id=?
Hibernate: select v1_0.property_id,v1_0.video_name from property_videos v1_0 where v1_0.property_id=?
Hibernate: select a1_0.property_id,a1_0.amenity from property_amenities a1_0 where a1_0.property_id=?
Hibernate: select a1_0.property_id,a1_0.amenity from property_amenities a1_0 where a1_0.property_id=?
Hibernate: select i1_0.property_id,i1_0.image_name from property_images i1_0 where i1_0.property_id=?
Hibernate: select i1_0.property_id,i1_0.image_name from property_images i1_0 where i1_0.property_id=?
Hibernate: select v1_0.property_id,v1_0.video_name from property_videos v1_0 where v1_0.property_id=?
Hibernate: select v1_0.property_id,v1_0.video_name from property_videos v1_0 where v1_0.property_id=?
Hibernate: select a1_0.property_id,a1_0.amenity from property_amenities a1_0 where a1_0.property_id=?
Hibernate: select a1_0.property_id,a1_0.amenity from property_amenities a1_0 where a1_0.property_id=?
Hibernate: select i1_0.property_id,i1_0.image_name from property_images i1_0 where i1_0.property_id=?
Hibernate: select i1_0.property_id,i1_0.image_name from property_images i1_0 where i1_0.property_id=?
Hibernate: select v1_0.property_id,v1_0.video_name from property_videos v1_0 where v1_0.property_id=?
Hibernate: select v1_0.property_id,v1_0.video_name from property_videos v1_0 where v1_0.property_id=?
Hibernate: select a1_0.property_id,a1_0.amenity from property_amenities a1_0 where a1_0.property_id=?
Hibernate: select a1_0.property_id,a1_0.amenity from property_amenities a1_0 where a1_0.property_id=?
Hibernate: select i1_0.property_id,i1_0.image_name from property_images i1_0 where i1_0.property_id=?
Hibernate: select i1_0.property_id,i1_0.image_name from property_images i1_0 where i1_0.property_id=?
Hibernate: select v1_0.property_id,v1_0.video_name from property_videos v1_0 where v1_0.property_id=?
Hibernate: select v1_0.property_id,v1_0.video_name from property_videos v1_0 where v1_0.property_id=?
Hibernate: select a1_0.property_id,a1_0.amenity from property_amenities a1_0 where a1_0.property_id=?
Hibernate: select a1_0.property_id,a1_0.amenity from property_amenities a1_0 where a1_0.property_id=?
Hibernate: select i1_0.property_id,i1_0.image_name from property_images i1_0 where i1_0.property_id=?
Hibernate: select i1_0.property_id,i1_0.image_name from property_images i1_0 where i1_0.property_id=?
Hibernate: select v1_0.property_id,v1_0.video_name from property_videos v1_0 where v1_0.property_id=?
Hibernate: select v1_0.property_id,v1_0.video_name from property_videos v1_0 where v1_0.property_id=?
Hibernate: select a1_0.property_id,a1_0.amenity from property_amenities a1_0 where a1_0.property_id=?
Hibernate: select a1_0.property_id,a1_0.amenity from property_amenities a1_0 where a1_0.property_id=?
Hibernate: select i1_0.property_id,i1_0.image_name from property_images i1_0 where i1_0.property_id=?
Hibernate: select v1_0.property_id,v1_0.video_name from property_videos v1_0 where v1_0.property_id=?
Hibernate: select a1_0.property_id,a1_0.amenity from property_amenities a1_0 where a1_0.property_id=?
Hibernate: select i1_0.property_id,i1_0.image_name from property_images i1_0 where i1_0.property_id=?
Hibernate: select i1_0.property_id,i1_0.image_name from property_images i1_0 where i1_0.property_id=?
Hibernate: select v1_0.property_id,v1_0.video_name from property_videos v1_0 where v1_0.property_id=?
Hibernate: select v1_0.property_id,v1_0.video_name from property_videos v1_0 where v1_0.property_id=?
Hibernate: select a1_0.property_id,a1_0.amenity from property_amenities a1_0 where a1_0.property_id=?
Hibernate: select a1_0.property_id,a1_0.amenity from property_amenities a1_0 where a1_0.property_id=?
Hibernate: select i1_0.property_id,i1_0.image_name from property_images i1_0 where i1_0.property_id=?
Hibernate: select i1_0.property_id,i1_0.image_name from property_images i1_0 where i1_0.property_id=?
Hibernate: select v1_0.property_id,v1_0.video_name from property_videos v1_0 where v1_0.property_id=?
Hibernate: select v1_0.property_id,v1_0.video_name from property_videos v1_0 where v1_0.property_id=?
Hibernate: select a1_0.property_id,a1_0.amenity from property_amenities a1_0 where a1_0.property_id=?
Hibernate: select a1_0.property_id,a1_0.amenity from property_amenities a1_0 where a1_0.property_id=?
Hibernate: select i1_0.property_id,i1_0.image_name from property_images i1_0 where i1_0.property_id=?
Hibernate: select i1_0.property_id,i1_0.image_name from property_images i1_0 where i1_0.property_id=?
Hibernate: select v1_0.property_id,v1_0.video_name from property_videos v1_0 where v1_0.property_id=?
Hibernate: select v1_0.property_id,v1_0.video_name from property_videos v1_0 where v1_0.property_id=?
Hibernate: select a1_0.property_id,a1_0.amenity from property_amenities a1_0 where a1_0.property_id=?
Hibernate: select a1_0.property_id,a1_0.amenity from property_amenities a1_0 where a1_0.property_id=?
Hibernate: select i1_0.property_id,i1_0.image_name from property_images i1_0 where i1_0.property_id=?
Hibernate: select i1_0.property_id,i1_0.image_name from property_images i1_0 where i1_0.property_id=?
Hibernate: select v1_0.property_id,v1_0.video_name from property_videos v1_0 where v1_0.property_id=?
Hibernate: select v1_0.property_id,v1_0.video_name from property_videos v1_0 where v1_0.property_id=?
Hibernate: select a1_0.property_id,a1_0.amenity from property_amenities a1_0 where a1_0.property_id=?
Hibernate: select a1_0.property_id,a1_0.amenity from property_amenities a1_0 where a1_0.property_id=?
Hibernate: select i1_0.property_id,i1_0.image_name from property_images i1_0 where i1_0.property_id=?
Hibernate: select i1_0.property_id,i1_0.image_name from property_images i1_0 where i1_0.property_id=?
Hibernate: select v1_0.property_id,v1_0.video_name from property_videos v1_0 where v1_0.property_id=?
Hibernate: select v1_0.property_id,v1_0.video_name from property_videos v1_0 where v1_0.property_id=?
Hibernate: select a1_0.property_id,a1_0.amenity from property_amenities a1_0 where a1_0.property_id=?
Hibernate: select a1_0.property_id,a1_0.amenity from property_amenities a1_0 where a1_0.property_id=?
Hibernate: select i1_0.property_id,i1_0.image_name from property_images i1_0 where i1_0.property_id=?
Hibernate: select i1_0.property_id,i1_0.image_name from property_images i1_0 where i1_0.property_id=?
Hibernate: select v1_0.property_id,v1_0.video_name from property_videos v1_0 where v1_0.property_id=?
Hibernate: select v1_0.property_id,v1_0.video_name from property_videos v1_0 where v1_0.property_id=?
Hibernate: select a1_0.property_id,a1_0.amenity from property_amenities a1_0 where a1_0.property_id=?
Hibernate: select a1_0.property_id,a1_0.amenity from property_amenities a1_0 where a1_0.property_id=?
Hibernate: select i1_0.property_id,i1_0.image_name from property_images i1_0 where i1_0.property_id=?
Hibernate: select i1_0.property_id,i1_0.image_name from property_images i1_0 where i1_0.property_id=?
Hibernate: select v1_0.property_id,v1_0.video_name from property_videos v1_0 where v1_0.property_id=?
Hibernate: select v1_0.property_id,v1_0.video_name from property_videos v1_0 where v1_0.property_id=?
Hibernate: select a1_0.property_id,a1_0.amenity from property_amenities a1_0 where a1_0.property_id=?
Hibernate: select a1_0.property_id,a1_0.amenity from property_amenities a1_0 where a1_0.property_id=?
Hibernate: select i1_0.property_id,i1_0.image_name from property_images i1_0 where i1_0.property_id=?
Hibernate: select i1_0.property_id,i1_0.image_name from property_images i1_0 where i1_0.property_id=?
Hibernate: select v1_0.property_id,v1_0.video_name from property_videos v1_0 where v1_0.property_id=?
Hibernate: select v1_0.property_id,v1_0.video_name from property_videos v1_0 where v1_0.property_id=?
Hibernate: select a1_0.property_id,a1_0.amenity from property_amenities a1_0 where a1_0.property_id=?
Hibernate: select a1_0.property_id,a1_0.amenity from property_amenities a1_0 where a1_0.property_id=?
Hibernate: select i1_0.property_id,i1_0.image_name from property_images i1_0 where i1_0.property_id=?
Hibernate: select i1_0.property_id,i1_0.image_name from property_images i1_0 where i1_0.property_id=?
Hibernate: select v1_0.property_id,v1_0.video_name from property_videos v1_0 where v1_0.property_id=?
Hibernate: select v1_0.property_id,v1_0.video_name from property_videos v1_0 where v1_0.property_id=?
Hibernate: select a1_0.property_id,a1_0.amenity from property_amenities a1_0 where a1_0.property_id=?
Hibernate: select i1_0.property_id,i1_0.image_name from property_images i1_0 where i1_0.property_id=?
Hibernate: select a1_0.property_id,a1_0.amenity from property_amenities a1_0 where a1_0.property_id=?
Hibernate: select v1_0.property_id,v1_0.video_name from property_videos v1_0 where v1_0.property_id=?
Hibernate: select i1_0.property_id,i1_0.image_name from property_images i1_0 where i1_0.property_id=?
Hibernate: select a1_0.property_id,a1_0.amenity from property_amenities a1_0 where a1_0.property_id=?
Hibernate: select v1_0.property_id,v1_0.video_name from property_videos v1_0 where v1_0.property_id=?
Hibernate: select i1_0.property_id,i1_0.image_name from property_images i1_0 where i1_0.property_id=?
Hibernate: select a1_0.property_id,a1_0.amenity from property_amenities a1_0 where a1_0.property_id=?
Hibernate: select v1_0.property_id,v1_0.video_name from property_videos v1_0 where v1_0.property_id=?
Hibernate: select i1_0.property_id,i1_0.image_name from property_images i1_0 where i1_0.property_id=?
Hibernate: select a1_0.property_id,a1_0.amenity from property_amenities a1_0 where a1_0.property_id=?
Hibernate: select v1_0.property_id,v1_0.video_name from property_videos v1_0 where v1_0.property_id=?
Hibernate: select i1_0.property_id,i1_0.image_name from property_images i1_0 where i1_0.property_id=?
Hibernate: select a1_0.property_id,a1_0.amenity from property_amenities a1_0 where a1_0.property_id=?
Hibernate: select v1_0.property_id,v1_0.video_name from property_videos v1_0 where v1_0.property_id=?
Hibernate: select a1_0.property_id,a1_0.amenity from property_amenities a1_0 where a1_0.property_id=?
Hibernate: select i1_0.property_id,i1_0.image_name from property_images i1_0 where i1_0.property_id=?
Hibernate: select v1_0.property_id,v1_0.video_name from property_videos v1_0 where v1_0.property_id=?
Hibernate: select a1_0.property_id,a1_0.amenity from property_amenities a1_0 where a1_0.property_id=?
WebSocket principal set to userId: 1
2026-03-02T12:20:21.370+05:30  INFO 42475 --- [ionShutdownHook] o.s.m.s.b.SimpleBrokerMessageHandler     : Stopping...
2026-03-02T12:20:21.370+05:30  INFO 42475 --- [ionShutdownHook] o.s.m.s.b.SimpleBrokerMessageHandler     : BrokerAvailabilityEvent[available=false, SimpleBrokerMessageHandler [org.springframework.messaging.simp.broker.DefaultSubscriptionRegistry@465652a2]]
2026-03-02T12:20:21.370+05:30  INFO 42475 --- [ionShutdownHook] o.s.m.s.b.SimpleBrokerMessageHandler     : Stopped.
2026-03-02T12:20:21.898+05:30  INFO 42475 --- [ionShutdownHook] j.LocalContainerEntityManagerFactoryBean : Closing JPA EntityManagerFactory for persistence unit 'default'
2026-03-02T12:20:21.909+05:30  INFO 42475 --- [ionShutdownHook] com.zaxxer.hikari.HikariDataSource       : HikariPool-1 - Shutdown initiated...
2026-03-02T12:20:21.912+05:30  INFO 42475 --- [ionShutdownHook] com.zaxxer.hikari.HikariDataSource       : HikariPool-1 - Shutdown completed.
